company,board_token,job_title,location,description_html,source_url,first_published,updated_at,is_target,source_type,date_collected,description_text,company_raw,job_title_raw,location_raw,category,skills,education,english_requirement,experience_years,graduation_years,match_score,matched_skills,missing_skills,eligibility_notes
AlphaGrep Securities,alphagrepsecurities,Campus Program,Shanghai,"&lt;p&gt;&lt;strong&gt;关于我们 / About Us&lt;/strong&gt;&lt;/p&gt;
&lt;p&gt;AlphaGrep 是一家全球领先的量化交易公司，专注于股票、商品、外汇及固定收益等资产的算法交易。我们在国际市场拥有显著份额，依托自主开发的超低延迟系统与严格的风控体系，持续构建高效能策略。&lt;/p&gt;
&lt;p&gt;AlphaGrep is a leading global quantitative trading firm specializing in algorithmic strategies across equities, commodities, FX, and fixed income. We hold significant market share internationally, powered by proprietary low-latency infrastructure and robust risk controls.&lt;/p&gt;
&lt;p&gt;AlphaGrep China 是专注于中国市场人民币资产管理的机构，服务对象涵盖机构投资人、家族办公室与高净值客户。我们深耕中国资本市场，涵盖股票及衍生品等多类资产，结合全球量化研究体系与本地实战经验，构建多元交易策略，致力于实现长期稳健增长。&lt;/p&gt;
&lt;p&gt;AlphaGrep China is a dedicated RMB asset management platform focused on the Chinese market, serving institutional investors, family offices, and high-net-worth individuals. We leverage deep expertise in China’s equity and derivatives markets, together with AlphaGrep’s global quantitative research capabilities, to deliver diversified strategies targeting long-term and stable returns.&lt;/p&gt;
&lt;p&gt;&amp;nbsp;&lt;/p&gt;
&lt;p&gt;&lt;strong&gt;岗位职责&amp;nbsp;/ Responsibilities&lt;/strong&gt;&lt;/p&gt;
&lt;p&gt;研究量化模型、量化相关策略及资产管理等；&lt;br&gt;Conduct research on quantitative models, quantitative strategies, and asset management;&lt;/p&gt;
&lt;p&gt;利用机器学习、深度学习等数据挖掘方法对历史数据进行研究分析、开发投资模型及策略；&lt;br&gt;Apply data mining techniques such as machine learning and deep learning to analyze historical data and develop investment models and strategies;&lt;/p&gt;
&lt;p&gt;基于另类数据源和海量数据挖掘模型开发新策略；&lt;br&gt;Develop new strategies using alternative data sources and large-scale data mining models;&lt;/p&gt;
&lt;p&gt;设计、实施及部署交易算法。&lt;br&gt;Design, implement, and deploy trading algorithms.&lt;/p&gt;
&lt;p&gt;&amp;nbsp;&lt;/p&gt;
&lt;p&gt;&lt;strong&gt;任职要求 / Qualifications&lt;/strong&gt;&lt;/p&gt;
&lt;p&gt;具备自我驱动力与科研创新能力，热爱量化行业，乐于接受挑战，渴望将想法投入真实市场验证；&lt;/p&gt;
&lt;p&gt;Self-motivated with strong research and innovation capabilities, passionate about the quantitative field, eager to take on challenges, and driven to test ideas in real-market environments;&lt;/p&gt;
&lt;p&gt;熟悉金融市场与数据，熟练掌握 Python 进行金融数据分析，具备 C/C++ 使用经验者更佳；&lt;/p&gt;
&lt;p&gt;Familiar with financial markets and data, proficient in Python, with experience in C/C++ being a strong plus;&lt;/p&gt;
&lt;p&gt;基于对市场的真实理解与实战能力，有实盘交易经验（包括个人账户或策略交易）者将是一个加分项。&lt;/p&gt;
&lt;p&gt;Practical trading experience (including personal accounts or strategy-based trading) is a plus.&lt;/p&gt;
&lt;p&gt;&amp;nbsp;&lt;/p&gt;
&lt;p&gt;&lt;strong&gt;如何投递&amp;nbsp;/ How to Apply&lt;/strong&gt;&lt;/p&gt;
&lt;p&gt;我们正在招聘实习生及应届生全职岗位，涵盖多个专业方向，包括机器学习、因子研究等。&lt;br&gt;We are currently seeking candidates for both internship and full-time positions across multiple specialization areas, including machine learning, factor research.&lt;/p&gt;
&lt;p&gt;AlphaGrep人才招聘团队将对您的简历进行专业评估，并根据您的背景与职业发展方向，为您匹配最合适的岗位机会，全程指导后续招聘流程。&lt;br&gt;Our Talent Acquisition team will conduct a comprehensive review of your application, match you with the most suitable opportunity based on your background and career goals, and guide you through every stage of the recruitment process.&lt;/p&gt;
&lt;p&gt;AlphaGrep 在多个城市提供办公岗位，为便于招聘团队评估，请提交中英文双语版本的简历。&lt;br&gt;AlphaGrep offers opportunities across multiple office locations., please be sure to submit your resume in a bilingual (Chinese-English) format.&lt;/p&gt;
&lt;p&gt;如在投递过程中遇到任何问题，欢迎通过以下邮箱与我们联系：&lt;strong&gt;chinacareers@alpha-grep.com&lt;/strong&gt;。&lt;br&gt;Should you encounter any issues during the application process, please feel free to contact us at: &lt;strong&gt;chinacareers@alpha-grep.com&lt;/strong&gt;.&lt;/p&gt;
&lt;p&gt;&lt;strong&gt;&amp;nbsp;&lt;/strong&gt;&lt;/p&gt;
&lt;p&gt;&lt;strong&gt;加入我们&amp;nbsp;/ Why You Should Join Us&lt;/strong&gt;&lt;/p&gt;
&lt;p&gt;信任是团队协作的根基&lt;/p&gt;
&lt;p&gt;我们鼓励坦诚沟通与主动承担，让每一位成员都能在安全感中成长，自主决策、共同前行。这份信任源于彼此支持与并肩作战，是我们最珍贵的团队资产。&lt;/p&gt;
&lt;p&gt;Trust is the foundation of collaboration.&lt;/p&gt;
&lt;p&gt;We foster open communication and proactive ownership, empowering every team member to grow with a strong sense of security, make autonomous decisions, and move forward together. This trust—built through mutual support and shared commitment—is our most valued asset.&lt;/p&gt;
&lt;p&gt;优秀的团队成员，我们汇聚了工程师、数学家、统计学家，保持好奇心，乐在其中。&lt;/p&gt;
&lt;p&gt;Great People. We’re curious engineers, mathematicians, statisticians and like to have fun while achieving our goals.&lt;/p&gt;
&lt;p&gt;透明的组织架构，我们重视每一位成员的想法与贡献。&lt;/p&gt;
&lt;p&gt;Transparent Structure. Our employees know that we value their ideas and contributions.&lt;/p&gt;
&lt;p&gt;轻松的办公环境，无等级文化，常有团建、聚会与休闲活动。&lt;/p&gt;
&lt;p&gt;Relaxed Environment. Flat organization with yearly offsites, happy hours, and more.&lt;/p&gt;
&lt;p&gt;健康福利支持，健身补贴、零食饮品、充足年假。&lt;/p&gt;
&lt;p&gt;Health &amp;amp; Wellness Programs. Gym membership, stocked kitchen, and generous vacation.&lt;/p&gt;
&lt;p&gt;&amp;nbsp;&lt;/p&gt;
&lt;p&gt;&lt;strong&gt;可通过Greenhouse投递简历，或通过邮箱 chinacareers@alpha-grep.com与我们联系。&lt;/strong&gt;&lt;/p&gt;
&lt;p&gt;&lt;strong&gt;Interested in the role? You can submit your resume via Greenhouse or contact us via &lt;a href=&quot;mailto:chinacareers@alpha-grep.com&quot;&gt;chinacareers@alpha-grep.com&lt;/a&gt; too!&lt;/strong&gt;&lt;/p&gt;",https://job-boards.greenhouse.io/alphagrepsecurities/jobs/8170614002,2025-09-16T02:59:42-04:00,2025-12-29T00:20:56-05:00,True,greenhouse_api,2026-08-12,"关于我们 / About Us
AlphaGrep 是一家全球领先的量化交易公司，专注于股票、商品、外汇及固定收益等资产的算法交易。我们在国际市场拥有显著份额，依托自主开发的超低延迟系统与严格的风控体系，持续构建高效能策略。
AlphaGrep is a leading global quantitative trading firm specializing in algorithmic strategies across equities, commodities, FX, and fixed income. We hold significant market share internationally, powered by proprietary low-latency infrastructure and robust risk controls.
AlphaGrep China 是专注于中国市场人民币资产管理的机构，服务对象涵盖机构投资人、家族办公室与高净值客户。我们深耕中国资本市场，涵盖股票及衍生品等多类资产，结合全球量化研究体系与本地实战经验，构建多元交易策略，致力于实现长期稳健增长。
AlphaGrep China is a dedicated RMB asset management platform focused on the Chinese market, serving institutional investors, family offices, and high-net-worth individuals. We leverage deep expertise in China’s equity and derivatives markets, together with AlphaGrep’s global quantitative research capabilities, to deliver diversified strategies targeting long-term and stable returns.
岗位职责 / Responsibilities
研究量化模型、量化相关策略及资产管理等；
Conduct research on quantitative models, quantitative strategies, and asset management;
利用机器学习、深度学习等数据挖掘方法对历史数据进行研究分析、开发投资模型及策略；
Apply data mining techniques such as machine learning and deep learning to analyze historical data and develop investment models and strategies;
基于另类数据源和海量数据挖掘模型开发新策略；
Develop new strategies using alternative data sources and large-scale data mining models;
设计、实施及部署交易算法。
Design, implement, and deploy trading algorithms.
任职要求 / Qualifications
具备自我驱动力与科研创新能力，热爱量化行业，乐于接受挑战，渴望将想法投入真实市场验证；
Self-motivated with strong research and innovation capabilities, passionate about the quantitative field, eager to take on challenges, and driven to test ideas in real-market environments;
熟悉金融市场与数据，熟练掌握 Python 进行金融数据分析，具备 C/C++ 使用经验者更佳；
Familiar with financial markets and data, proficient in Python, with experience in C/C++ being a strong plus;
基于对市场的真实理解与实战能力，有实盘交易经验（包括个人账户或策略交易）者将是一个加分项。
Practical trading experience (including personal accounts or strategy-based trading) is a plus.
如何投递 / How to Apply
我们正在招聘实习生及应届生全职岗位，涵盖多个专业方向，包括机器学习、因子研究等。
We are currently seeking candidates for both internship and full-time positions across multiple specialization areas, including machine learning, factor research.
AlphaGrep人才招聘团队将对您的简历进行专业评估，并根据您的背景与职业发展方向，为您匹配最合适的岗位机会，全程指导后续招聘流程。
Our Talent Acquisition team will conduct a comprehensive review of your application, match you with the most suitable opportunity based on your background and career goals, and guide you through every stage of the recruitment process.
AlphaGrep 在多个城市提供办公岗位，为便于招聘团队评估，请提交中英文双语版本的简历。
AlphaGrep offers opportunities across multiple office locations., please be sure to submit your resume in a bilingual (Chinese-English) format.
如在投递过程中遇到任何问题，欢迎通过以下邮箱与我们联系：
chinacareers@alpha-grep.com
。
Should you encounter any issues during the application process, please feel free to contact us at:
chinacareers@alpha-grep.com
.
加入我们 / Why You Should Join Us
信任是团队协作的根基
我们鼓励坦诚沟通与主动承担，让每一位成员都能在安全感中成长，自主决策、共同前行。这份信任源于彼此支持与并肩作战，是我们最珍贵的团队资产。
Trust is the foundation of collaboration.
We foster open communication and proactive ownership, empowering every team member to grow with a strong sense of security, make autonomous decisions, and move forward together. This trust—built through mutual support and shared commitment—is our most valued asset.
优秀的团队成员，我们汇聚了工程师、数学家、统计学家，保持好奇心，乐在其中。
Great People. We’re curious engineers, mathematicians, statisticians and like to have fun while achieving our goals.
透明的组织架构，我们重视每一位成员的想法与贡献。
Transparent Structure. Our employees know that we value their ideas and contributions.
轻松的办公环境，无等级文化，常有团建、聚会与休闲活动。
Relaxed Environment. Flat organization with yearly offsites, happy hours, and more.
健康福利支持，健身补贴、零食饮品、充足年假。
Health & Wellness Programs. Gym membership, stocked kitchen, and generous vacation.
可通过Greenhouse投递简历，或通过邮箱 chinacareers@alpha-grep.com与我们联系。
Interested in the role? You can submit your resume via Greenhouse or contact us via
chinacareers@alpha-grep.com
too!",AlphaGrep Securities,Campus Program,Shanghai,Data/AI,Python; Machine Learning; Deep Learning,Not specified,Fluent/Professional,,,63,Python,Deep Learning; Machine Learning,校外长期实习政策仍需向学校确认
WorldQuant,worldquant,Quantitative Research Intern,Beijing; Shanghai,"&lt;div class=&quot;content-intro&quot;&gt;&lt;p&gt;WorldQuant develops and deploys systematic financial strategies across a broad range of asset classes and global markets. We seek to produce high-quality predictive signals (alphas) through our proprietary research platform to employ financial strategies focused on market inefficiencies. Our teams work collaboratively to drive the production of alphas and financial strategies – the foundation of a balanced, global investment platform.&lt;/p&gt;
&lt;p&gt;WorldQuant is built on a culture that pairs academic sensibility with accountability for results. Employees are encouraged to think openly about problems, balancing intellectualism and practicality. Excellent ideas come from anyone, anywhere. Employees are encouraged to challenge conventional thinking and possess an attitude of continuous improvement.&lt;/p&gt;
&lt;p&gt;Our goal is to hire the best and the brightest. We value intellectual horsepower first and foremost, and people who demonstrate an outstanding talent. There is no roadmap to future success, so we need people who can help us build it.&lt;/p&gt;&lt;/div&gt;&lt;h5&gt;&lt;span style=&quot;font-size: 10pt;&quot;&gt;THE ROLE 岗位职责:&amp;nbsp;&lt;/span&gt;&lt;/h5&gt;
&lt;p&gt;WorldQuant is seeking exceptional individuals to join the firm as a Quantitative Research Intern. While prior finance experience is not required, a successful candidate must possess a strong interest in learning about finance and global markets.&lt;/p&gt;
&lt;ul&gt;
&lt;li&gt;Have a strong understanding of the investment research process to build computer-based models that seek to predict the movements of the global financial markets.&lt;br&gt;根据对投资研究流程的深入理解，创建寻求预测全球金融市场走势的基于计算机的模型&lt;/li&gt;
&lt;li&gt;Analyze and apply various types of data to the financial markets through rigorous exploration and unconstrained thinking&lt;br&gt;大胆猜想，严谨探索，不断寻求新方式分析多种类型的数据并将其应用于金融市场&lt;/li&gt;
&lt;/ul&gt;
&lt;h5&gt;&lt;span style=&quot;font-size: 10pt;&quot;&gt;WHAT WE OFFER 你将会获得:&lt;/span&gt;&lt;/h5&gt;
&lt;ul&gt;
&lt;li&gt;Top performers during internship may be eligible for a full-time offer&lt;br&gt;优秀的实习生可能获得全职offer&lt;/li&gt;
&lt;li&gt;Competitive internship compensation&lt;br&gt;有竞争力的实习薪资&lt;/li&gt;
&lt;li&gt;Join our established mentoring program and receive one-on-one guidance by an accomplished advisor during the internship&lt;br&gt;完善的导师培训机制、一对一师从资深从业者&lt;/li&gt;
&lt;li&gt;Develop a global vision with opportunities to exchange ideas with various teams in WorldQuant global offices.&lt;br&gt;国际化视野，与WorldQuant 全球各地多个团队共事、交流&lt;/li&gt;
&lt;li&gt;Flexibility of self-managed work progress, comfortable working environment, and rich employee activities&lt;br&gt;&lt;span style=&quot;font-size: 10pt;&quot;&gt;灵活自主安排工作进度，舒适的办公环境及丰富的员工活动&lt;/span&gt;&lt;/li&gt;
&lt;/ul&gt;
&lt;h5&gt;&lt;span style=&quot;font-size: 10pt;&quot;&gt;WHAT YOU&#39;LL BRING 你需要具备:&lt;/span&gt;&lt;/h5&gt;
&lt;ul&gt;
&lt;li&gt;Pursuing a B.S., M.S. or Ph.D. degree from a leading university in related fields (e.g. Electrical Engineering, Physics, Computer Science, Mathematics, Financial Engineering, Big Data)&lt;br&gt;正在攻读相关领域的本科、硕士或博士学位（例如电子工程，物理，计算机科学，数学，金融工程, 大数据等）&lt;/li&gt;
&lt;li&gt;Candidates should be graduating in late 2027 or 2028&lt;br&gt;候选人需于2027年底或2028年毕业&lt;/li&gt;
&lt;li&gt;Demonstrated ability of at least one programming language, e.g. C++, python, etc.; familiar with systems like Linux/Unix&lt;br&gt;熟练掌握至少一种编程语言，如C++、python等； 熟悉Linux/Unix等操作系统&lt;/li&gt;
&lt;li&gt;Good English reading and writing skills&lt;br&gt;良好的英语读写能力&lt;/li&gt;
&lt;/ul&gt;
&lt;p&gt;&amp;nbsp;&lt;/p&gt;
&lt;p&gt;If any issues encountered accessing the online application webpage or if you have any questions, please mail your latest CV to or contact us at &lt;a href=&quot;mailto:WQChinaIntern@worldquant.com&quot;&gt;WQChinaIntern@worldquant.com&lt;/a&gt; &lt;br&gt;如无法浏览在线申请网页或您有任何疑问，请将您的简历或问题发送至 &lt;a href=&quot;mailto:WQChinaIntern@worldquant.com&quot;&gt;WQChinaIntern@worldquant.com&lt;/a&gt;&lt;/p&gt;
&lt;p&gt;The position is based in our research office in &lt;strong&gt;Beijing&lt;/strong&gt; or &lt;strong&gt;Shanghai&lt;/strong&gt;. &lt;br&gt;预期工作地点为&lt;strong&gt;北京&lt;/strong&gt;或&lt;strong&gt;上海&lt;/strong&gt;的研究办公室。&lt;/p&gt;&lt;div class=&quot;content-conclusion&quot;&gt;&lt;p&gt;By submitting this application, you acknowledge and consent to terms of the &lt;a href=&quot;https://www.worldquant.com/privacy-policy/&quot; target=&quot;_blank&quot;&gt;WorldQuant Privacy Policy.&lt;/a&gt; The privacy policy offers an explanation of how and why your data will be collected, how it will be used and disclosed, how it will be retained and secured, and what legal rights are associated with that data (including the rights of access, correction, and deletion). The policy also describes legal and contractual limitations on these rights. The specific rights and obligations of individuals living and working in different areas may vary by jurisdiction.&lt;/p&gt;
&lt;p&gt;Copyright © 2025 WorldQuant, LLC. All Rights Reserved.&lt;br&gt;WorldQuant is an equal opportunity employer and does not discriminate in hiring on the basis of race, color, creed, religion, sex, sexual orientation or preference, age, marital status, citizenship, national origin, disability, military status, genetic predisposition or carrier status, or any other protected characteristic as established by applicable law.&lt;/p&gt;&lt;/div&gt;",https://job-boards.greenhouse.io/worldquant/jobs/4084570006,2023-08-22T07:47:24-04:00,2026-08-06T06:51:32-04:00,True,greenhouse_api,2026-08-12,"WorldQuant develops and deploys systematic financial strategies across a broad range of asset classes and global markets. We seek to produce high-quality predictive signals (alphas) through our proprietary research platform to employ financial strategies focused on market inefficiencies. Our teams work collaboratively to drive the production of alphas and financial strategies – the foundation of a balanced, global investment platform.
WorldQuant is built on a culture that pairs academic sensibility with accountability for results. Employees are encouraged to think openly about problems, balancing intellectualism and practicality. Excellent ideas come from anyone, anywhere. Employees are encouraged to challenge conventional thinking and possess an attitude of continuous improvement.
Our goal is to hire the best and the brightest. We value intellectual horsepower first and foremost, and people who demonstrate an outstanding talent. There is no roadmap to future success, so we need people who can help us build it.
THE ROLE 岗位职责:
WorldQuant is seeking exceptional individuals to join the firm as a Quantitative Research Intern. While prior finance experience is not required, a successful candidate must possess a strong interest in learning about finance and global markets.
Have a strong understanding of the investment research process to build computer-based models that seek to predict the movements of the global financial markets.
根据对投资研究流程的深入理解，创建寻求预测全球金融市场走势的基于计算机的模型
Analyze and apply various types of data to the financial markets through rigorous exploration and unconstrained thinking
大胆猜想，严谨探索，不断寻求新方式分析多种类型的数据并将其应用于金融市场
WHAT WE OFFER 你将会获得:
Top performers during internship may be eligible for a full-time offer
优秀的实习生可能获得全职offer
Competitive internship compensation
有竞争力的实习薪资
Join our established mentoring program and receive one-on-one guidance by an accomplished advisor during the internship
完善的导师培训机制、一对一师从资深从业者
Develop a global vision with opportunities to exchange ideas with various teams in WorldQuant global offices.
国际化视野，与WorldQuant 全球各地多个团队共事、交流
Flexibility of self-managed work progress, comfortable working environment, and rich employee activities
灵活自主安排工作进度，舒适的办公环境及丰富的员工活动
WHAT YOU'LL BRING 你需要具备:
Pursuing a B.S., M.S. or Ph.D. degree from a leading university in related fields (e.g. Electrical Engineering, Physics, Computer Science, Mathematics, Financial Engineering, Big Data)
正在攻读相关领域的本科、硕士或博士学位（例如电子工程，物理，计算机科学，数学，金融工程, 大数据等）
Candidates should be graduating in late 2027 or 2028
候选人需于2027年底或2028年毕业
Demonstrated ability of at least one programming language, e.g. C++, python, etc.; familiar with systems like Linux/Unix
熟练掌握至少一种编程语言，如C++、python等； 熟悉Linux/Unix等操作系统
Good English reading and writing skills
良好的英语读写能力
If any issues encountered accessing the online application webpage or if you have any questions, please mail your latest CV to or contact us at
WQChinaIntern@worldquant.com
如无法浏览在线申请网页或您有任何疑问，请将您的简历或问题发送至
WQChinaIntern@worldquant.com
The position is based in our research office in
Beijing
or
Shanghai
.
预期工作地点为
北京
或
上海
的研究办公室。
By submitting this application, you acknowledge and consent to terms of the
WorldQuant Privacy Policy.
The privacy policy offers an explanation of how and why your data will be collected, how it will be used and disclosed, how it will be retained and secured, and what legal rights are associated with that data (including the rights of access, correction, and deletion). The policy also describes legal and contractual limitations on these rights. The specific rights and obligations of individuals living and working in different areas may vary by jurisdiction.
Copyright © 2025 WorldQuant, LLC. All Rights Reserved.
WorldQuant is an equal opportunity employer and does not discriminate in hiring on the basis of race, color, creed, religion, sex, sexual orientation or preference, age, marital status, citizenship, national origin, disability, military status, genetic predisposition or carrier status, or any other protected characteristic as established by applicable law.",WorldQuant,Quantitative Research Intern,Beijing OR Shanghai,Data/AI,Python; Linux,Bachelor / Master / PhD,Mentioned,,2027; 2028,58,Python,Linux,学历要求为 Bachelor / Master / PhD，当前学历层级为 Bachelor；校外长期实习政策仍需向学校确认
Appier,appier,"Account Operations Intern, Beijing",Beijing,"&lt;div class=&quot;p-rich_text_section&quot;&gt;岗位职责：&lt;/div&gt;
&lt;ul class=&quot;p-rich_text_list p-rich_text_list__bullet p-rich_text_list--nested&quot; data-stringify-type=&quot;unordered-list&quot; data-list-tree=&quot;true&quot; data-indent=&quot;0&quot; data-border=&quot;0&quot;&gt;
&lt;li data-stringify-indent=&quot;0&quot; data-stringify-border=&quot;0&quot;&gt;支持日常广告数据报告的整理与更新。&lt;/li&gt;
&lt;li data-stringify-indent=&quot;0&quot; data-stringify-border=&quot;0&quot;&gt;协助处理客户提供的素材，并完成上线/更新/下线等配置。&lt;/li&gt;
&lt;li data-stringify-indent=&quot;0&quot; data-stringify-border=&quot;0&quot;&gt;协助客户 campaign 技术测试流程与上线。&lt;/li&gt;
&lt;/ul&gt;
&lt;div class=&quot;p-rich_text_section&quot;&gt;职位要求：&lt;/div&gt;
&lt;ul class=&quot;p-rich_text_list p-rich_text_list__bullet p-rich_text_list--nested&quot; data-stringify-type=&quot;unordered-list&quot; data-list-tree=&quot;true&quot; data-indent=&quot;0&quot; data-border=&quot;0&quot;&gt;
&lt;li data-stringify-indent=&quot;0&quot; data-stringify-border=&quot;0&quot;&gt;工作时间10am-6pm，每周可出勤 4～5 天，能稳定实习 3～6 个月&lt;/li&gt;
&lt;li data-stringify-indent=&quot;0&quot; data-stringify-border=&quot;0&quot;&gt;本科及以上学历，专业不限，优先考虑在校大学生，并居住于北京&lt;/li&gt;
&lt;li data-stringify-indent=&quot;0&quot; data-stringify-border=&quot;0&quot;&gt;沟通能力、协作能力 &amp;amp; 数据洞察能力&lt;/li&gt;
&lt;li data-stringify-indent=&quot;0&quot; data-stringify-border=&quot;0&quot;&gt;需为中文母语人士&lt;/li&gt;
&lt;/ul&gt;
&lt;div class=&quot;p-rich_text_section&quot;&gt;工作地点&amp;amp;薪资待遇：&lt;/div&gt;
&lt;ul class=&quot;p-rich_text_list p-rich_text_list__bullet p-rich_text_list--nested&quot; data-stringify-type=&quot;unordered-list&quot; data-list-tree=&quot;true&quot; data-indent=&quot;0&quot; data-border=&quot;0&quot;&gt;
&lt;li data-stringify-indent=&quot;0&quot; data-stringify-border=&quot;0&quot;&gt;工作地点：北京-东四环（每周居家一天）&lt;/li&gt;
&lt;li data-stringify-indent=&quot;0&quot; data-stringify-border=&quot;0&quot;&gt;薪资待遇：時薪 27.70 CNY&lt;/li&gt;
&lt;/ul&gt;",https://job-boards.greenhouse.io/appier/jobs/7369542,2025-10-31T06:52:02-04:00,2026-08-11T05:35:28-04:00,True,greenhouse_api,2026-08-12,"岗位职责：
支持日常广告数据报告的整理与更新。
协助处理客户提供的素材，并完成上线/更新/下线等配置。
协助客户 campaign 技术测试流程与上线。
职位要求：
工作时间10am-6pm，每周可出勤 4～5 天，能稳定实习 3～6 个月
本科及以上学历，专业不限，优先考虑在校大学生，并居住于北京
沟通能力、协作能力 & 数据洞察能力
需为中文母语人士
工作地点&薪资待遇：
工作地点：北京-东四环（每周居家一天）
薪资待遇：時薪 27.70 CNY",Appier,"Account Operations Intern, Beijing","Beijing, China",Business/Ops,,Not specified,Not specified,,,55,,,校外长期实习政策仍需向学校确认
SES AI,sesai,Computational Chemistry Intern (Materials Modeling/Molecular Simulation),China,"&lt;p&gt;&lt;strong&gt;Computational Chemistry Intern (Materials Modeling / Molecular Simulation)&lt;/strong&gt;&lt;/p&gt;
&lt;p&gt;&lt;strong&gt;&amp;nbsp;&lt;/strong&gt;&lt;/p&gt;
&lt;p&gt;&lt;strong&gt;&lt;u&gt;About Us&lt;/u&gt;&lt;/strong&gt;&lt;/p&gt;
&lt;p&gt;SES AI is a leader in AI-driven materials discovery, building the &lt;strong&gt;Molecular Universe (MU)&lt;/strong&gt; platform to accelerate the development of next-generation battery chemistries. Our work integrates physics-based simulations, machine learning, and large-scale data infrastructure to enable rapid innovation in material science with a dedication to AI for Science.&lt;/p&gt;
&lt;p&gt;To learn more about SES, please visit: &lt;a href=&quot;https://www.ses.ai&quot;&gt;www.ses.ai&lt;/a&gt;&lt;/p&gt;
&lt;p&gt;&amp;nbsp;&lt;/p&gt;
&lt;p&gt;&lt;strong&gt;&lt;u&gt;Position Scope&lt;/u&gt;&lt;/strong&gt;&lt;/p&gt;
&lt;p&gt;SES AI is seeking a Computational Chemistry Interns to join the Molecular Universe team and support computational modeling and simulation of advanced electrolyte systems. This is a hands-on research role focused on liquid-phase molecular dynamics (MD) simulations, especially for electrolyte systems relevant to next-generation batteries.&lt;/p&gt;
&lt;p&gt;Interns will receive training and mentorship from our computational scientist, and collaborate across global teams.&lt;/p&gt;
&lt;ul&gt;
&lt;li&gt;&lt;strong&gt;Location:&lt;/strong&gt; China (Remote)&lt;/li&gt;
&lt;li&gt;&lt;strong&gt;Duration:&lt;/strong&gt; 6 months&lt;/li&gt;
&lt;/ul&gt;
&lt;p&gt;&amp;nbsp;&lt;/p&gt;
&lt;p&gt;&lt;strong&gt;&lt;u&gt;Responsibilities&lt;/u&gt;&lt;/strong&gt;&lt;/p&gt;
&lt;ul&gt;
&lt;li&gt;Contribute to the SES Molecular Universe project by supporting computational chemistry modeling and simulation of advanced electrolyte systems&lt;/li&gt;
&lt;li&gt;Independently or collaboratively perform molecular dynamics simulations for liquid-phase systems, especially electrolytes, including system construction, initial structure generation, and simulation parameter setup&lt;/li&gt;
&lt;li&gt;Execute the full MD workflow, including job submission, HPC resource utilization, run monitoring, troubleshooting, and issue resolution&lt;/li&gt;
&lt;li&gt;Analyze simulation results in depth, including but not limited to:&lt;/li&gt;
&lt;li&gt;Structural properties such as radial distribution functions (RDF), coordination numbers, and solvation structures&lt;/li&gt;
&lt;li&gt;Dynamic properties such as diffusion coefficients and ion transport behavior&lt;/li&gt;
&lt;li&gt;Thermodynamic and statistical property extraction&lt;/li&gt;
&lt;li&gt;Build and improve automated data-processing pipelines to enhance simulation efficiency, reproducibility, and scalability&lt;/li&gt;
&lt;li&gt;Convert simulation outputs into clear reports, visualizations, and presentations that support scientific and engineering decision-making&lt;/li&gt;
&lt;li&gt;Collaborate with internal teams to improve workflow robustness and reproducibility across simulation pipelines&lt;/li&gt;
&lt;li&gt;Support the scaling and engineering of molecular simulation workflows within the MU platform&lt;/li&gt;
&lt;/ul&gt;
&lt;p&gt;&amp;nbsp;&lt;/p&gt;
&lt;p&gt;&lt;strong&gt;&lt;u&gt;Preferred / Advanced Responsibilities&lt;/u&gt;&lt;/strong&gt;&lt;/p&gt;
&lt;ul&gt;
&lt;li&gt;Contribute to force field development, optimization, and validation for electrolyte or ion-containing systems&lt;/li&gt;
&lt;li&gt;Explore higher-accuracy or higher-efficiency simulation methodologies&lt;/li&gt;
&lt;li&gt;Participate in the engineering and platformization of simulation workflows, including workflow automation, orchestration, and task scheduling&lt;/li&gt;
&lt;/ul&gt;
&lt;p&gt;&amp;nbsp;&lt;/p&gt;
&lt;p&gt;&lt;strong&gt;&lt;u&gt;Qualifications&lt;/u&gt;&lt;/strong&gt;&lt;/p&gt;
&lt;ul&gt;
&lt;li&gt;PhD (or PhD candidate) in Computational Chemistry, Materials Science, Chemical Engineering, Physical Chemistry, or a related field&lt;/li&gt;
&lt;li&gt;Hands-on experience with molecular dynamics simulations, particularly for liquid-phase systems&lt;/li&gt;
&lt;li&gt;Familiarity with common simulation tools such as GROMACS, LAMMPS, OPENMM, or similar packages&lt;/li&gt;
&lt;li&gt;Experience with electrolyte systems, ionic systems, battery-related simulations, or sodium-ion systems is strongly preferred&lt;/li&gt;
&lt;li&gt;Understanding of molecular force fields, including basic principles of force field development and parameterization; direct experience is preferred&lt;/li&gt;
&lt;li&gt;Programming skills in Python or similar languages for data analysis, workflow automation, and simulation pipeline development&lt;/li&gt;
&lt;li&gt;Strong problem-solving skills and the ability to diagnose simulation instability, convergence issues, and physical inconsistencies&lt;/li&gt;
&lt;li&gt;Excellent communication skills, with the ability to clearly present technical findings to both technical and non-technical audiences&lt;/li&gt;
&lt;li&gt;Ability to work effectively in a collaborative, international research environment&lt;/li&gt;
&lt;/ul&gt;
&lt;p&gt;&amp;nbsp;&lt;/p&gt;
&lt;p&gt;&lt;strong&gt;&lt;u&gt; Language Requirement&lt;/u&gt;&lt;/strong&gt;&lt;/p&gt;
&lt;ul&gt;
&lt;li&gt;Professional English proficiency is required&lt;/li&gt;
&lt;li&gt;For positions based in Korea, Japan, and Mainland China, candidates must speak English fluently and be able to conduct professional work in English, including technical discussions, documentation, and presentations&lt;/li&gt;
&lt;/ul&gt;
&lt;p&gt;&amp;nbsp;&lt;/p&gt;
&lt;p&gt;&lt;strong&gt;&lt;u&gt;Why Join SES AI&lt;/u&gt;&lt;/strong&gt;&lt;/p&gt;
&lt;ul&gt;
&lt;li&gt;Work on real, high-impact problems in next-generation battery materials discovery&lt;/li&gt;
&lt;li&gt;Contribute to production-relevant simulation workflows rather than isolated academic projects&lt;/li&gt;
&lt;li&gt;Gain exposure to the intersection of molecular simulation, automation, AI for Science, and materials innovation&lt;/li&gt;
&lt;li&gt;Collaborate with a global team across simulation, machine learning, and experimental validation&lt;/li&gt;
&lt;/ul&gt;
&lt;p&gt;&amp;nbsp;&lt;/p&gt;",https://boards.greenhouse.io/sesai/jobs/4675167005?gh_jid=4675167005,2026-03-19T14:38:44-04:00,2026-06-22T13:55:20-04:00,True,greenhouse_api,2026-08-12,"Computational Chemistry Intern (Materials Modeling / Molecular Simulation)
About Us
SES AI is a leader in AI-driven materials discovery, building the
Molecular Universe (MU)
platform to accelerate the development of next-generation battery chemistries. Our work integrates physics-based simulations, machine learning, and large-scale data infrastructure to enable rapid innovation in material science with a dedication to AI for Science.
To learn more about SES, please visit:
www.ses.ai
Position Scope
SES AI is seeking a Computational Chemistry Interns to join the Molecular Universe team and support computational modeling and simulation of advanced electrolyte systems. This is a hands-on research role focused on liquid-phase molecular dynamics (MD) simulations, especially for electrolyte systems relevant to next-generation batteries.
Interns will receive training and mentorship from our computational scientist, and collaborate across global teams.
Location:
China (Remote)
Duration:
6 months
Responsibilities
Contribute to the SES Molecular Universe project by supporting computational chemistry modeling and simulation of advanced electrolyte systems
Independently or collaboratively perform molecular dynamics simulations for liquid-phase systems, especially electrolytes, including system construction, initial structure generation, and simulation parameter setup
Execute the full MD workflow, including job submission, HPC resource utilization, run monitoring, troubleshooting, and issue resolution
Analyze simulation results in depth, including but not limited to:
Structural properties such as radial distribution functions (RDF), coordination numbers, and solvation structures
Dynamic properties such as diffusion coefficients and ion transport behavior
Thermodynamic and statistical property extraction
Build and improve automated data-processing pipelines to enhance simulation efficiency, reproducibility, and scalability
Convert simulation outputs into clear reports, visualizations, and presentations that support scientific and engineering decision-making
Collaborate with internal teams to improve workflow robustness and reproducibility across simulation pipelines
Support the scaling and engineering of molecular simulation workflows within the MU platform
Preferred / Advanced Responsibilities
Contribute to force field development, optimization, and validation for electrolyte or ion-containing systems
Explore higher-accuracy or higher-efficiency simulation methodologies
Participate in the engineering and platformization of simulation workflows, including workflow automation, orchestration, and task scheduling
Qualifications
PhD (or PhD candidate) in Computational Chemistry, Materials Science, Chemical Engineering, Physical Chemistry, or a related field
Hands-on experience with molecular dynamics simulations, particularly for liquid-phase systems
Familiarity with common simulation tools such as GROMACS, LAMMPS, OPENMM, or similar packages
Experience with electrolyte systems, ionic systems, battery-related simulations, or sodium-ion systems is strongly preferred
Understanding of molecular force fields, including basic principles of force field development and parameterization; direct experience is preferred
Programming skills in Python or similar languages for data analysis, workflow automation, and simulation pipeline development
Strong problem-solving skills and the ability to diagnose simulation instability, convergence issues, and physical inconsistencies
Excellent communication skills, with the ability to clearly present technical findings to both technical and non-technical audiences
Ability to work effectively in a collaborative, international research environment
Language Requirement
Professional English proficiency is required
For positions based in Korea, Japan, and Mainland China, candidates must speak English fluently and be able to conduct professional work in English, including technical discussions, documentation, and presentations
Why Join SES AI
Work on real, high-impact problems in next-generation battery materials discovery
Contribute to production-relevant simulation workflows rather than isolated academic projects
Gain exposure to the intersection of molecular simulation, automation, AI for Science, and materials innovation
Collaborate with a global team across simulation, machine learning, and experimental validation",SES AI,Computational Chemistry Intern (Materials Modeling/Molecular Simulation),China,Data/AI,Python; Machine Learning; Data Analysis,PhD,Fluent/Professional,,,48,Python,Data Analysis; Machine Learning,学历要求为 PhD，当前学历层级为 Bachelor；校外长期实习政策仍需向学校确认
AlphaGrep Securities,alphagrepsecurities,HPC Engineer,Shanghai,"&lt;p&gt;&lt;strong&gt;关于我&lt;/strong&gt;&lt;strong&gt;们&lt;/strong&gt;&lt;strong&gt; / About Us &lt;/strong&gt;&lt;/p&gt;
&lt;p&gt;AlphaGrep 是一家全球领先的量化交易公司，专注于股票、商品、外汇及固定收益等资产的算法交易。我们在国际市场拥有显著份额，依托自主开发的超低延迟系统与严格的风控体系，持续构建高效能策略。&lt;/p&gt;
&lt;p&gt;AlphaGrep is a leading global quantitative trading firm specializing in algorithmic strategies across equities, commodities, FX, and fixed income. We hold significant market share internationally, powered by proprietary low-latency infrastructure and robust risk controls.&lt;/p&gt;
&lt;p&gt;AlphaGrep China 是专注于中国市场人民币资产管理的机构，服务对象涵盖机构投资人、家族办公室与高净值客户。我们深耕中国资本市场，涵盖股票及衍生品等多类资产，结合全球量化研究体系与本地实战经验，构建多元交易策略，致力于实现长期稳健增长。&lt;/p&gt;
&lt;p&gt;AlphaGrep China is a dedicated RMB asset management platform focused on the Chinese market, serving institutional investors, family offices, and high-net-worth individuals. We leverage deep expertise in China’s equity and derivatives markets, together with AlphaGrep’s global quantitative research capabilities, to deliver diversified strategies targeting long-term and stable returns.&lt;/p&gt;
&lt;p&gt;&amp;nbsp;&lt;/p&gt;
&lt;p&gt;&lt;strong&gt;岗位职责&lt;/strong&gt;&lt;strong&gt; / Responsibilities&lt;/strong&gt;&lt;/p&gt;
&lt;p&gt;我们正在寻找一位 HPC / GPU 集群工程师，协助设计、运营并持续优化公司用于分布式模型训练及高性能计算的大规模 GPU 计算环境。您将端到端负责集群的性能与稳定性——从 GPU 硬件与互联网络，到存储层、调度系统、监控平台，以及保障数百块加速器高效运行的全套工具链。&lt;/p&gt;
&lt;p&gt;We are looking for an HPC / GPU Cluster Engineer to help design, operate, and continuously optimize our large-scale GPU compute environment used for distributed model training and high-performance workloads. You will own the performance and reliability of the cluster end to end — from the GPUs and interconnect fabric up through the storage layer, scheduler, monitoring, and the tooling that keeps hundreds of accelerators running efficiently.&lt;/p&gt;
&lt;p&gt;&amp;nbsp;&lt;/p&gt;
&lt;p&gt;&lt;strong&gt;任职要求&lt;/strong&gt;&lt;strong&gt; / Qualifications&lt;/strong&gt;&lt;/p&gt;
&lt;p&gt;具备生产环境下大规模 GPU 或 HPC 集群的运营经验，能够系统性地识别并解决性能瓶颈。&lt;/p&gt;
&lt;p&gt;Experience operating large GPU or HPC clusters in production, identifying performance bottlenecks and resolving them systematically.&lt;/p&gt;
&lt;p&gt;具备 RDMA 编程及底层调试的实战经验，包括 RDMA verbs / libibverbs、内存注册、队列对、完成队列、RDMA 读写、发送/接收操作及性能基准测试。&lt;/p&gt;
&lt;p&gt;Hands-on experience with RDMA programming and low-level RDMA debugging, including RDMA verbs / libibverbs, memory registration, queue pairs, completion queues, RDMA read/write, send/recv, and performance benchmarking.&lt;/p&gt;
&lt;p&gt;熟悉分布式训练的核心底层技术，包括 InfiniBand 和/或 RoCEv2、GPUDirect RDMA、GPUDirect Storage、NCCL、CUDA 驱动及 OFED。&lt;/p&gt;
&lt;p&gt;Practical experience with the technologies underpinning distributed training, including InfiniBand and/or RoCEv2, GPUDirect RDMA, GPUDirect Storage, NCCL, CUDA drivers, and OFED.&lt;/p&gt;
&lt;p&gt;具备 Slurm 等调度系统的使用经验，包括安装配置、队列/分区管理、作业故障排查及监控。&lt;/p&gt;
&lt;p&gt;Experience with workload schedulers such as Slurm, including setup, configuration, queue/partition management, job troubleshooting, and monitoring.&lt;/p&gt;
&lt;p&gt;具备高性能共享存储或并行/分布式文件系统的搭建与管理经验，如 Lustre、BeeGFS、WEKA、VAST、DDN/ExaScaler 等。&lt;/p&gt;
&lt;p&gt;Experience setting up and managing high-performance shared storage or parallel/distributed filesystems such as Lustre, BeeGFS, WEKA, VAST, DDN/ExaScaler, or similar systems.&lt;/p&gt;
&lt;p&gt;熟练掌握 Python、Bash，优先具备 C/C++ 能力，用于集群自动化、诊断、基准测试及监控开发。&lt;/p&gt;
&lt;p&gt;Solid scripting/programming ability in Python, Bash, and preferably C/C++, for cluster automation, diagnostics, benchmarking, and monitoring.&lt;/p&gt;
&lt;p&gt;熟悉 HPC 网络设计，包括阻塞与非阻塞网络架构、InfiniBand、高性能以太网、网络拓扑、拥塞控制及端到端带宽/延迟故障排查。&lt;/p&gt;
&lt;p&gt;Familiarity with HPC networking, including blocking vs. non-blocking fabric design, InfiniBand, high-performance Ethernet, topology, congestion, and end-to-end bandwidth/latency troubleshooting.&lt;/p&gt;
&lt;p&gt;扎实的 Linux 系统管理能力，包括网络配置、文件系统管理、内核/驱动问题处理、进程与资源管理及性能调试。Strong Linux system administration skills, including networking, filesystems, kernel/driver issues, process/resource management, and performance debugging.&lt;/p&gt;
&lt;p&gt;&amp;nbsp;&lt;/p&gt;
&lt;p&gt;&lt;strong&gt;加入我们&lt;/strong&gt;&lt;strong&gt; / Why You Should Join Us &lt;/strong&gt;&lt;/p&gt;
&lt;p&gt;信任是团队协作的根基&lt;/p&gt;
&lt;p&gt;我们鼓励坦诚沟通与主动承担，让每一位成员都能在安全感中成长，自主决策、共同前行。这份信任源于彼此支持与并肩作战，是我们最珍贵的团队资产。&lt;/p&gt;
&lt;p&gt;Trust is the foundation of collaboration.&lt;/p&gt;
&lt;p&gt;We foster open communication and proactive ownership, empowering every team member to grow with a strong sense of security, make autonomous decisions, and move forward together. This trust—built through mutual support and shared commitment—is our most valued asset.&lt;/p&gt;
&lt;p&gt;优秀的团队成员，我们汇聚了工程师、数学家、统计学家，保持好奇心，乐在其中。&lt;/p&gt;
&lt;p&gt;Great People. We’re curious engineers, mathematicians, statisticians and like to have fun while achieving our goals.&lt;/p&gt;
&lt;p&gt;透明的组织架构，我们重视每一位成员的想法与贡献。&lt;/p&gt;
&lt;p&gt;Transparent Structure. Our employees know that we value their ideas and contributions.&lt;/p&gt;
&lt;p&gt;轻松的办公环境，无等级文化，常有团建、聚会与休闲活动。&lt;/p&gt;
&lt;p&gt;Relaxed Environment. Flat organization with yearly offsites, happy hours, and more.&lt;/p&gt;
&lt;p&gt;健康福利支持，健身补贴、零食饮品、充足年假。&lt;/p&gt;
&lt;p&gt;Health &amp;amp; Wellness Programs. Gym membership, stocked kitchen, and generous vacation.&lt;/p&gt;",https://job-boards.greenhouse.io/alphagrepsecurities/jobs/6793662002,2023-06-15T02:18:22-04:00,2026-06-09T07:43:50-04:00,False,greenhouse_api,2026-08-12,"关于我
们
/ About Us
AlphaGrep 是一家全球领先的量化交易公司，专注于股票、商品、外汇及固定收益等资产的算法交易。我们在国际市场拥有显著份额，依托自主开发的超低延迟系统与严格的风控体系，持续构建高效能策略。
AlphaGrep is a leading global quantitative trading firm specializing in algorithmic strategies across equities, commodities, FX, and fixed income. We hold significant market share internationally, powered by proprietary low-latency infrastructure and robust risk controls.
AlphaGrep China 是专注于中国市场人民币资产管理的机构，服务对象涵盖机构投资人、家族办公室与高净值客户。我们深耕中国资本市场，涵盖股票及衍生品等多类资产，结合全球量化研究体系与本地实战经验，构建多元交易策略，致力于实现长期稳健增长。
AlphaGrep China is a dedicated RMB asset management platform focused on the Chinese market, serving institutional investors, family offices, and high-net-worth individuals. We leverage deep expertise in China’s equity and derivatives markets, together with AlphaGrep’s global quantitative research capabilities, to deliver diversified strategies targeting long-term and stable returns.
岗位职责
/ Responsibilities
我们正在寻找一位 HPC / GPU 集群工程师，协助设计、运营并持续优化公司用于分布式模型训练及高性能计算的大规模 GPU 计算环境。您将端到端负责集群的性能与稳定性——从 GPU 硬件与互联网络，到存储层、调度系统、监控平台，以及保障数百块加速器高效运行的全套工具链。
We are looking for an HPC / GPU Cluster Engineer to help design, operate, and continuously optimize our large-scale GPU compute environment used for distributed model training and high-performance workloads. You will own the performance and reliability of the cluster end to end — from the GPUs and interconnect fabric up through the storage layer, scheduler, monitoring, and the tooling that keeps hundreds of accelerators running efficiently.
任职要求
/ Qualifications
具备生产环境下大规模 GPU 或 HPC 集群的运营经验，能够系统性地识别并解决性能瓶颈。
Experience operating large GPU or HPC clusters in production, identifying performance bottlenecks and resolving them systematically.
具备 RDMA 编程及底层调试的实战经验，包括 RDMA verbs / libibverbs、内存注册、队列对、完成队列、RDMA 读写、发送/接收操作及性能基准测试。
Hands-on experience with RDMA programming and low-level RDMA debugging, including RDMA verbs / libibverbs, memory registration, queue pairs, completion queues, RDMA read/write, send/recv, and performance benchmarking.
熟悉分布式训练的核心底层技术，包括 InfiniBand 和/或 RoCEv2、GPUDirect RDMA、GPUDirect Storage、NCCL、CUDA 驱动及 OFED。
Practical experience with the technologies underpinning distributed training, including InfiniBand and/or RoCEv2, GPUDirect RDMA, GPUDirect Storage, NCCL, CUDA drivers, and OFED.
具备 Slurm 等调度系统的使用经验，包括安装配置、队列/分区管理、作业故障排查及监控。
Experience with workload schedulers such as Slurm, including setup, configuration, queue/partition management, job troubleshooting, and monitoring.
具备高性能共享存储或并行/分布式文件系统的搭建与管理经验，如 Lustre、BeeGFS、WEKA、VAST、DDN/ExaScaler 等。
Experience setting up and managing high-performance shared storage or parallel/distributed filesystems such as Lustre, BeeGFS, WEKA, VAST, DDN/ExaScaler, or similar systems.
熟练掌握 Python、Bash，优先具备 C/C++ 能力，用于集群自动化、诊断、基准测试及监控开发。
Solid scripting/programming ability in Python, Bash, and preferably C/C++, for cluster automation, diagnostics, benchmarking, and monitoring.
熟悉 HPC 网络设计，包括阻塞与非阻塞网络架构、InfiniBand、高性能以太网、网络拓扑、拥塞控制及端到端带宽/延迟故障排查。
Familiarity with HPC networking, including blocking vs. non-blocking fabric design, InfiniBand, high-performance Ethernet, topology, congestion, and end-to-end bandwidth/latency troubleshooting.
扎实的 Linux 系统管理能力，包括网络配置、文件系统管理、内核/驱动问题处理、进程与资源管理及性能调试。Strong Linux system administration skills, including networking, filesystems, kernel/driver issues, process/resource management, and performance debugging.
加入我们
/ Why You Should Join Us
信任是团队协作的根基
我们鼓励坦诚沟通与主动承担，让每一位成员都能在安全感中成长，自主决策、共同前行。这份信任源于彼此支持与并肩作战，是我们最珍贵的团队资产。
Trust is the foundation of collaboration.
We foster open communication and proactive ownership, empowering every team member to grow with a strong sense of security, make autonomous decisions, and move forward together. This trust—built through mutual support and shared commitment—is our most valued asset.
优秀的团队成员，我们汇聚了工程师、数学家、统计学家，保持好奇心，乐在其中。
Great People. We’re curious engineers, mathematicians, statisticians and like to have fun while achieving our goals.
透明的组织架构，我们重视每一位成员的想法与贡献。
Transparent Structure. Our employees know that we value their ideas and contributions.
轻松的办公环境，无等级文化，常有团建、聚会与休闲活动。
Relaxed Environment. Flat organization with yearly offsites, happy hours, and more.
健康福利支持，健身补贴、零食饮品、充足年假。
Health & Wellness Programs. Gym membership, stocked kitchen, and generous vacation.",AlphaGrep Securities,HPC Engineer,Shanghai,Software/Cloud,Python; Linux,Not specified,Not specified,,,42,Python,Linux,
Flexport,flexport,Staff Product Manager,Shanghai; Shenzhen,"&lt;div class=&quot;content-intro&quot;&gt;&lt;h2&gt;&lt;strong&gt;About Flexport:&amp;nbsp;&lt;/strong&gt;&lt;/h2&gt;
&lt;p&gt;At Flexport, we believe global trade can move the human race forward. That’s why it’s our mission to make global commerce so easy there will be more of it. We’re shaping the future of a $10T industry with solutions powered by innovative technology and exceptional people. Today, companies of all sizes—from emerging brands to Fortune 500s—use Flexport technology to move more than $19B of merchandise across 112 countries a year.&amp;nbsp;&lt;/p&gt;
&lt;p&gt;The recent global supply chain crisis has put Flexport center stage as we continue to play a pivotal role in how goods move around the world. We are proud to have the support of the best investors in the game who believe in our mission, solutions and people. Ready to tackle global challenges that impact business, society, and the environment? Come join us.&lt;/p&gt;&lt;/div&gt;&lt;p&gt;&lt;strong&gt;The Opportunity&lt;/strong&gt;&lt;/p&gt;
&lt;p&gt;&amp;nbsp;&lt;/p&gt;
&lt;p&gt;We&#39;re looking for a Staff Product Manager to own strategy across Ops Tech—the operational backbone of Flexport&#39;s freight forwarding business—and lead the build of an AI-powered freight operating system that automates the majority of work our operators do today. This is not a single-feature role, and it&#39;s not incremental tooling. You will define the vision for how multiple operational product surfaces work together across the shipment lifecycle—from exception handling to end-to-end task automation—then execute against that vision with a high degree of autonomy.&lt;/p&gt;
&lt;p&gt;&amp;nbsp;&lt;/p&gt;
&lt;p&gt;This role sits at the intersection of product, operations, and business outcomes. The systems you build will directly move Flexport&#39;s cost structure, throughput, and service quality, so you&#39;ll be measured not by features shipped but by the operational and financial impact you realize. You&#39;ll also be reengineering how the business runs: designing the product often means redesigning the operating process itself, and persuading operations and commercial leaders to adopt a new operating model. Think of it as equal parts product management, process engineering, and internal consulting—at a scope that spans multiple engineering teams and other PMs.&lt;/p&gt;
&lt;p&gt;&amp;nbsp;&lt;/p&gt;
&lt;p&gt;You will raise the bar for the PM team through mentorship, better frameworks, and sharper thinking on the hardest product problems we face. This is a role for someone with deep product experience, strong analytical instincts, and the ability to operate at both the strategic and execution level in a complex, data-rich environment.&lt;/p&gt;
&lt;p&gt;&lt;br&gt;&lt;br&gt;&lt;/p&gt;
&lt;p&gt;&lt;strong&gt;What You&#39;ll Do&lt;/strong&gt;&lt;/p&gt;
&lt;p&gt;&amp;nbsp;&lt;/p&gt;
&lt;ul&gt;
&lt;li&gt;Own the vision and strategy for the AI-powered freight operating system. Define how multiple operational surfaces work together to automate work end-to-end—identifying the highest-leverage workflows, sequencing investment, designing AI/automation solutions that handle them, and progressively removing humans from the loop while improving accuracy and speed.&lt;/li&gt;
&lt;/ul&gt;
&lt;p&gt;&amp;nbsp;&lt;/p&gt;
&lt;ul&gt;
&lt;li&gt;Drive business impact, not just product output. Tie every initiative to a measurable business result—cost savings, productivity per operator, cycle time, error reduction, margin. Define the metrics, instrument them, and own the P&amp;amp;L-level outcomes of what your domain ships.&lt;/li&gt;
&lt;/ul&gt;
&lt;p&gt;&amp;nbsp;&lt;/p&gt;
&lt;ul&gt;
&lt;li&gt;Reengineer operations, don&#39;t just digitize them. Map and redesign the underlying operational processes before automating them. Bring strong process-engineering and consulting skills to challenge how work is done today and influence operations and commercial stakeholders toward a new, leaner operating model.&lt;/li&gt;
&lt;/ul&gt;
&lt;p&gt;&amp;nbsp;&lt;/p&gt;
&lt;ul&gt;
&lt;li&gt;Own your domain end-to-end, from problem discovery and process diagnosis through launch, adoption, and iteration across the workflows and teams in your area.&lt;/li&gt;
&lt;/ul&gt;
&lt;p&gt;&amp;nbsp;&lt;/p&gt;
&lt;ul&gt;
&lt;li&gt;Partner deeply across functions—Engineering, Design, Operations, Commercial, and regional leaders—to align competing priorities and translate complex, multi-step logistics workflows into automated, intuitive systems delivered as cohesive experiences.&lt;/li&gt;
&lt;/ul&gt;
&lt;p&gt;&amp;nbsp;&lt;/p&gt;
&lt;ul&gt;
&lt;li&gt;Use data to set direction, not just measure results. Build metrics frameworks that connect automation rates, operator adoption, product health, and business outcomes, and use them to guide where to invest next across your domain.&lt;/li&gt;
&lt;/ul&gt;
&lt;p&gt;&amp;nbsp;&lt;/p&gt;
&lt;ul&gt;
&lt;li&gt;Represent your domain in leadership forums, influencing resource allocation and strategic direction for how Flexport&#39;s operations scale through software and AI.&lt;/li&gt;
&lt;/ul&gt;
&lt;p&gt;&amp;nbsp;&lt;/p&gt;
&lt;ul&gt;
&lt;li&gt;Mentor PMs on the team: raise the bar for how we write specs, prioritize, communicate trade-offs, and ship.&lt;/li&gt;
&lt;/ul&gt;
&lt;p&gt;&lt;br&gt;&lt;br&gt;&lt;/p&gt;
&lt;p&gt;&lt;strong&gt;What You Should Have&lt;/strong&gt;&lt;/p&gt;
&lt;p&gt;&amp;nbsp;&lt;/p&gt;
&lt;ul&gt;
&lt;li&gt;8+ years of product management experience.&lt;/li&gt;
&lt;/ul&gt;
&lt;p&gt;&amp;nbsp;&lt;/p&gt;
&lt;ul&gt;
&lt;li&gt;Demonstrated ability to own a product domain (not just a feature or single product area) and drive outcomes across multiple teams.&lt;/li&gt;
&lt;/ul&gt;
&lt;p&gt;&amp;nbsp;&lt;/p&gt;
&lt;ul&gt;
&lt;li&gt;A track record of building products that delivered quantifiable business impact (e.g., cost reduction, automation of manual work, throughput gains)—and a default of measuring success in business terms, not feature counts.&lt;/li&gt;
&lt;/ul&gt;
&lt;p&gt;&amp;nbsp;&lt;/p&gt;
&lt;ul&gt;
&lt;li&gt;Demonstrated operational process engineering and consulting ability: you can diagnose how a complex process works, redesign it, and influence stakeholders to adopt a new operating model.&lt;/li&gt;
&lt;/ul&gt;
&lt;p&gt;&amp;nbsp;&lt;/p&gt;
&lt;ul&gt;
&lt;li&gt;Experience building automation, workflow, or AI-powered products that replaced or significantly reduced manual human effort.&lt;/li&gt;
&lt;/ul&gt;
&lt;p&gt;&amp;nbsp;&lt;/p&gt;
&lt;ul&gt;
&lt;li&gt;Strong analytical and quantitative skills. You build metrics frameworks, write your own queries, and use data to settle debates. SQL proficiency required.&lt;/li&gt;
&lt;/ul&gt;
&lt;p&gt;&amp;nbsp;&lt;/p&gt;
&lt;ul&gt;
&lt;li&gt;A track record of shipping intuitive UX in data-dense, complex domains where the user workflow spans multiple steps or systems.&lt;/li&gt;
&lt;/ul&gt;
&lt;p&gt;&amp;nbsp;&lt;/p&gt;
&lt;ul&gt;
&lt;li&gt;Experience aligning cross-functional teams (engineering, design, operations, commercial) around a shared roadmap when priorities compete.&lt;/li&gt;
&lt;/ul&gt;
&lt;p&gt;&amp;nbsp;&lt;/p&gt;
&lt;ul&gt;
&lt;li&gt;Proven ability to operate at the strategy level (where should we invest, and why) and the execution level (what ships this quarter, and what does &quot;done&quot; look like) in the same week.&lt;/li&gt;
&lt;/ul&gt;
&lt;p&gt;&amp;nbsp;&lt;/p&gt;
&lt;ul&gt;
&lt;li&gt;Excellent written and verbal communication, especially the ability to frame trade-offs, present recommendations to senior leadership, and create clarity in ambiguous situations.&lt;/li&gt;
&lt;/ul&gt;
&lt;p&gt;&amp;nbsp;&lt;/p&gt;
&lt;ul&gt;
&lt;li&gt;Experience mentoring or leading other PMs, formally or informally.&lt;/li&gt;
&lt;/ul&gt;
&lt;p&gt;&amp;nbsp;&lt;/p&gt;
&lt;ul&gt;
&lt;li&gt;Experience with B2B workflow software, supply chain platforms, or logistics technology is a plus.&lt;/li&gt;
&lt;/ul&gt;
&lt;p&gt;&amp;nbsp;&lt;/p&gt;
&lt;ul&gt;
&lt;li&gt;Experience in logistics, freight forwarding, or supply chain operations is highly desirable.&lt;/li&gt;
&lt;/ul&gt;&lt;div class=&quot;content-conclusion&quot;&gt;&lt;div id=&quot;1704749847.557549&quot; class=&quot;c-virtual_list__item&quot; data-qa=&quot;virtual-list-item&quot; data-item-key=&quot;1704749847.557549&quot;&gt;
&lt;div class=&quot;c-message_kit__background p-message_pane_message__message c-message_kit__message&quot; data-qa=&quot;message_container&quot; data-qa-unprocessed=&quot;false&quot; data-qa-placeholder=&quot;false&quot;&gt;
&lt;div class=&quot;c-message_kit__hover&quot; data-qa-hover=&quot;true&quot;&gt;
&lt;div class=&quot;c-message_kit__actions c-message_kit__actions--default&quot;&gt;
&lt;div class=&quot;c-message_kit__gutter&quot;&gt;
&lt;div class=&quot;c-message_kit__gutter__right&quot; data-qa=&quot;message_content&quot;&gt;
&lt;div class=&quot;c-message_kit__blocks c-message_kit__blocks--rich_text&quot;&gt;
&lt;div class=&quot;c-message__message_blocks c-message__message_blocks--rich_text&quot; data-qa=&quot;message-text&quot;&gt;
&lt;div class=&quot;p-block_kit_renderer&quot; data-qa=&quot;block-kit-renderer&quot;&gt;
&lt;div class=&quot;p-block_kit_renderer__block_wrapper p-block_kit_renderer__block_wrapper--first&quot;&gt;
&lt;div class=&quot;p-rich_text_block&quot;&gt;
&lt;h4&gt;Commitment to Equal Opportunity&lt;/h4&gt;
&lt;p&gt;At Flexport, our ability to fulfill our mission of making global commerce easy and accessible relies on having a diverse, dedicated and engaged workforce. All qualified applicants will receive consideration for employment regardless of race, color, religion, sex, national origin, age, physical and mental disability, health status, marital and family status, sexual orientation, gender identity and expression, military and veteran status, and any other characteristic protected by applicable law.&lt;/p&gt;
&lt;h4&gt;Global Data Privacy Notice for Job Candidates and Applicants&lt;/h4&gt;
&lt;p&gt;Depending on your location, the General Data Protection Regulation (GDPR) and California Consumer Privacy Act (CCPA) may regulate the way we manage the data of job applicants.&amp;nbsp;By submitting your application, you are agreeing to our use and processing of your data as required. Please see our Privacy Notice available at&amp;nbsp;&lt;a href=&quot;http://www.flexport.com/privacy&quot; target=&quot;_blank&quot; data-saferedirecturl=&quot;https://www.google.com/url?q=http://www.flexport.com/privacy&amp;amp;source=gmail&amp;amp;ust=1613840050053000&amp;amp;usg=AFQjCNHD63svlkD-hWHlGuGOM_bSYVrnpw&quot;&gt;www.flexport.com/privacy&lt;/a&gt;&amp;nbsp;for additional information.&lt;/p&gt;
&lt;/div&gt;
&lt;/div&gt;
&lt;/div&gt;
&lt;/div&gt;
&lt;/div&gt;
&lt;/div&gt;
&lt;/div&gt;
&lt;/div&gt;
&lt;/div&gt;
&lt;/div&gt;
&lt;/div&gt;&lt;/div&gt;",https://job-boards.greenhouse.io/flexport/jobs/8022960,2026-06-23T05:00:50-04:00,2026-07-09T19:28:21-04:00,False,greenhouse_api,2026-08-12,"About Flexport:
At Flexport, we believe global trade can move the human race forward. That’s why it’s our mission to make global commerce so easy there will be more of it. We’re shaping the future of a $10T industry with solutions powered by innovative technology and exceptional people. Today, companies of all sizes—from emerging brands to Fortune 500s—use Flexport technology to move more than $19B of merchandise across 112 countries a year.
The recent global supply chain crisis has put Flexport center stage as we continue to play a pivotal role in how goods move around the world. We are proud to have the support of the best investors in the game who believe in our mission, solutions and people. Ready to tackle global challenges that impact business, society, and the environment? Come join us.
The Opportunity
We're looking for a Staff Product Manager to own strategy across Ops Tech—the operational backbone of Flexport's freight forwarding business—and lead the build of an AI-powered freight operating system that automates the majority of work our operators do today. This is not a single-feature role, and it's not incremental tooling. You will define the vision for how multiple operational product surfaces work together across the shipment lifecycle—from exception handling to end-to-end task automation—then execute against that vision with a high degree of autonomy.
This role sits at the intersection of product, operations, and business outcomes. The systems you build will directly move Flexport's cost structure, throughput, and service quality, so you'll be measured not by features shipped but by the operational and financial impact you realize. You'll also be reengineering how the business runs: designing the product often means redesigning the operating process itself, and persuading operations and commercial leaders to adopt a new operating model. Think of it as equal parts product management, process engineering, and internal consulting—at a scope that spans multiple engineering teams and other PMs.
You will raise the bar for the PM team through mentorship, better frameworks, and sharper thinking on the hardest product problems we face. This is a role for someone with deep product experience, strong analytical instincts, and the ability to operate at both the strategic and execution level in a complex, data-rich environment.
What You'll Do
Own the vision and strategy for the AI-powered freight operating system. Define how multiple operational surfaces work together to automate work end-to-end—identifying the highest-leverage workflows, sequencing investment, designing AI/automation solutions that handle them, and progressively removing humans from the loop while improving accuracy and speed.
Drive business impact, not just product output. Tie every initiative to a measurable business result—cost savings, productivity per operator, cycle time, error reduction, margin. Define the metrics, instrument them, and own the P&L-level outcomes of what your domain ships.
Reengineer operations, don't just digitize them. Map and redesign the underlying operational processes before automating them. Bring strong process-engineering and consulting skills to challenge how work is done today and influence operations and commercial stakeholders toward a new, leaner operating model.
Own your domain end-to-end, from problem discovery and process diagnosis through launch, adoption, and iteration across the workflows and teams in your area.
Partner deeply across functions—Engineering, Design, Operations, Commercial, and regional leaders—to align competing priorities and translate complex, multi-step logistics workflows into automated, intuitive systems delivered as cohesive experiences.
Use data to set direction, not just measure results. Build metrics frameworks that connect automation rates, operator adoption, product health, and business outcomes, and use them to guide where to invest next across your domain.
Represent your domain in leadership forums, influencing resource allocation and strategic direction for how Flexport's operations scale through software and AI.
Mentor PMs on the team: raise the bar for how we write specs, prioritize, communicate trade-offs, and ship.
What You Should Have
8+ years of product management experience.
Demonstrated ability to own a product domain (not just a feature or single product area) and drive outcomes across multiple teams.
A track record of building products that delivered quantifiable business impact (e.g., cost reduction, automation of manual work, throughput gains)—and a default of measuring success in business terms, not feature counts.
Demonstrated operational process engineering and consulting ability: you can diagnose how a complex process works, redesign it, and influence stakeholders to adopt a new operating model.
Experience building automation, workflow, or AI-powered products that replaced or significantly reduced manual human effort.
Strong analytical and quantitative skills. You build metrics frameworks, write your own queries, and use data to settle debates. SQL proficiency required.
A track record of shipping intuitive UX in data-dense, complex domains where the user workflow spans multiple steps or systems.
Experience aligning cross-functional teams (engineering, design, operations, commercial) around a shared roadmap when priorities compete.
Proven ability to operate at the strategy level (where should we invest, and why) and the execution level (what ships this quarter, and what does ""done"" look like) in the same week.
Excellent written and verbal communication, especially the ability to frame trade-offs, present recommendations to senior leadership, and create clarity in ambiguous situations.
Experience mentoring or leading other PMs, formally or informally.
Experience with B2B workflow software, supply chain platforms, or logistics technology is a plus.
Experience in logistics, freight forwarding, or supply chain operations is highly desirable.
Commitment to Equal Opportunity
At Flexport, our ability to fulfill our mission of making global commerce easy and accessible relies on having a diverse, dedicated and engaged workforce. All qualified applicants will receive consideration for employment regardless of race, color, religion, sex, national origin, age, physical and mental disability, health status, marital and family status, sexual orientation, gender identity and expression, military and veteran status, and any other characteristic protected by applicable law.
Global Data Privacy Notice for Job Candidates and Applicants
Depending on your location, the General Data Protection Regulation (GDPR) and California Consumer Privacy Act (CCPA) may regulate the way we manage the data of job applicants. By submitting your application, you are agreeing to our use and processing of your data as required. Please see our Privacy Notice available at
www.flexport.com/privacy
for additional information.",Flexport,Staff Product Manager,"Hong Kong; Shanghai, China; Shenzhen, China",Product/UX,SQL,Not specified,Not specified,,,40,SQL,,
WorldQuant,worldquant,Data Science Intern,Beijing; Shanghai,"&lt;div class=&quot;content-intro&quot;&gt;&lt;p&gt;WorldQuant develops and deploys systematic financial strategies across a broad range of asset classes and global markets. We seek to produce high-quality predictive signals (alphas) through our proprietary research platform to employ financial strategies focused on market inefficiencies. Our teams work collaboratively to drive the production of alphas and financial strategies – the foundation of a balanced, global investment platform.&lt;/p&gt;
&lt;p&gt;WorldQuant is built on a culture that pairs academic sensibility with accountability for results. Employees are encouraged to think openly about problems, balancing intellectualism and practicality. Excellent ideas come from anyone, anywhere. Employees are encouraged to challenge conventional thinking and possess an attitude of continuous improvement.&lt;/p&gt;
&lt;p&gt;Our goal is to hire the best and the brightest. We value intellectual horsepower first and foremost, and people who demonstrate an outstanding talent. There is no roadmap to future success, so we need people who can help us build it.&lt;/p&gt;&lt;/div&gt;&lt;h5&gt;&lt;span style=&quot;font-size: 10pt;&quot;&gt;THE ROLE 岗位职责:&amp;nbsp;&lt;/span&gt;&lt;/h5&gt;
&lt;p&gt;WorldQuant is seeking exceptional individuals to join the firm as a Data Science Intern. While prior finance experience is not required, a successful candidate must possess a strong interest in learning about finance and global markets.&lt;/p&gt;
&lt;ul&gt;
&lt;li&gt;Perform analysis and generate models of financial datasets using machine learning techniques&lt;br&gt;运用机器学习的方法分析并构建金融数据模型&lt;/li&gt;
&lt;li&gt;Verify the integrity of unstructured data and turn data into potentially valuable insights&lt;br&gt;验证非结构化数据的价值并将数据转化成潜在的高质量的市场洞见&lt;/li&gt;
&lt;li&gt;Develop and create data that seek to predict the movement of financial market by applying variety of algorithmic techniques&lt;br&gt;应用各种算法技术开发并构建可尝试预测金融市场波动的数据&lt;/li&gt;
&lt;/ul&gt;
&lt;h5&gt;&lt;span style=&quot;font-size: 10pt;&quot;&gt;WHAT WE OFFER 你将会获得:&lt;/span&gt;&lt;/h5&gt;
&lt;ul&gt;
&lt;li&gt;Join our established mentoring program and receive one-on-one guidance by an accomplished advisor during the internship&lt;br&gt;完善的导师培训机制、一对一师从资深从业者&lt;/li&gt;
&lt;li&gt;Competitive internship compensation&lt;br&gt;有竞争力的实习薪资&lt;/li&gt;
&lt;li&gt;Develop a global vision with opportunities to exchange ideas with various teams in WorldQuant global offices.&lt;br&gt;国际化视野，与WorldQuant 全球各地多个团队共事、交流&lt;/li&gt;
&lt;li&gt;Flexibility of self-managed work progress, comfortable working environment, and rich employee activities&lt;br&gt;灵活自主安排工作进度，舒适的办公环境及丰富的员工活动&lt;/li&gt;
&lt;/ul&gt;
&lt;h5&gt;&lt;span style=&quot;font-size: 10pt;&quot;&gt;WHAT YOU&#39;LL BRING 你需要具备:&lt;/span&gt;&lt;/h5&gt;
&lt;ul&gt;
&lt;li&gt;Pursuing a Master&#39;s or PhD degree from a leading university in related fields (e.g. Electrical Engineering, Physics, Computer Science, Mathematics, Financial Engineering, Big Data)&lt;br&gt;正在攻读相关领域的硕士或博士学位（例如电子工程，物理，计算机科学，数学，金融工程, 大数据等）&lt;/li&gt;
&lt;li&gt;Demonstrated ability of at least one programming language, e.g. C++, python, etc.; familiar with systems like Linux/Unix&lt;br&gt;熟练掌握至少一种编程语言，如C++、python等； 熟悉Linux/Unix等操作系统&lt;/li&gt;
&lt;li&gt;Research experience in Deep Learning,&amp;nbsp;NLP, and/or LLM is a plus&lt;br&gt;有深度学习、自然语言处理和/或大语言模型等研究经验者优先&lt;/li&gt;
&lt;li&gt;Good English reading and writing skills&lt;br&gt;良好的英语读写能力&lt;/li&gt;
&lt;/ul&gt;
&lt;p&gt;&amp;nbsp;&lt;/p&gt;
&lt;p&gt;If any issues encountered accessing the online application webpage or if you have any questions, please mail your latest CV to or contact us at &lt;a href=&quot;mailto:WQChinaIntern@worldquant.com&quot;&gt;WQChinaIntern@worldquant.com&lt;/a&gt; &lt;br&gt;如无法浏览在线申请网页或您有任何疑问，请将您的简历或问题发送至 &lt;a href=&quot;mailto:WQChinaIntern@worldquant.com&quot;&gt;WQChinaIntern@worldquant.com&lt;/a&gt;&lt;/p&gt;
&lt;p&gt;The position is based in our research office in &lt;strong&gt;Beijing&lt;/strong&gt; or &lt;strong&gt;Shanghai&lt;/strong&gt;. &lt;br&gt;预期工作地点为&lt;strong&gt;北京&lt;/strong&gt;或&lt;strong&gt;上海&lt;/strong&gt;的研究办公室。&lt;/p&gt;
&lt;p&gt;&amp;nbsp;&lt;/p&gt;
&lt;p&gt;&amp;nbsp;&lt;/p&gt;&lt;div class=&quot;content-conclusion&quot;&gt;&lt;p&gt;By submitting this application, you acknowledge and consent to terms of the &lt;a href=&quot;https://www.worldquant.com/privacy-policy/&quot; target=&quot;_blank&quot;&gt;WorldQuant Privacy Policy.&lt;/a&gt; The privacy policy offers an explanation of how and why your data will be collected, how it will be used and disclosed, how it will be retained and secured, and what legal rights are associated with that data (including the rights of access, correction, and deletion). The policy also describes legal and contractual limitations on these rights. The specific rights and obligations of individuals living and working in different areas may vary by jurisdiction.&lt;/p&gt;
&lt;p&gt;Copyright © 2025 WorldQuant, LLC. All Rights Reserved.&lt;br&gt;WorldQuant is an equal opportunity employer and does not discriminate in hiring on the basis of race, color, creed, religion, sex, sexual orientation or preference, age, marital status, citizenship, national origin, disability, military status, genetic predisposition or carrier status, or any other protected characteristic as established by applicable law.&lt;/p&gt;&lt;/div&gt;",https://job-boards.greenhouse.io/worldquant/jobs/4069460006,2023-08-22T07:46:57-04:00,2026-05-04T13:20:10-04:00,True,greenhouse_api,2026-08-12,"WorldQuant develops and deploys systematic financial strategies across a broad range of asset classes and global markets. We seek to produce high-quality predictive signals (alphas) through our proprietary research platform to employ financial strategies focused on market inefficiencies. Our teams work collaboratively to drive the production of alphas and financial strategies – the foundation of a balanced, global investment platform.
WorldQuant is built on a culture that pairs academic sensibility with accountability for results. Employees are encouraged to think openly about problems, balancing intellectualism and practicality. Excellent ideas come from anyone, anywhere. Employees are encouraged to challenge conventional thinking and possess an attitude of continuous improvement.
Our goal is to hire the best and the brightest. We value intellectual horsepower first and foremost, and people who demonstrate an outstanding talent. There is no roadmap to future success, so we need people who can help us build it.
THE ROLE 岗位职责:
WorldQuant is seeking exceptional individuals to join the firm as a Data Science Intern. While prior finance experience is not required, a successful candidate must possess a strong interest in learning about finance and global markets.
Perform analysis and generate models of financial datasets using machine learning techniques
运用机器学习的方法分析并构建金融数据模型
Verify the integrity of unstructured data and turn data into potentially valuable insights
验证非结构化数据的价值并将数据转化成潜在的高质量的市场洞见
Develop and create data that seek to predict the movement of financial market by applying variety of algorithmic techniques
应用各种算法技术开发并构建可尝试预测金融市场波动的数据
WHAT WE OFFER 你将会获得:
Join our established mentoring program and receive one-on-one guidance by an accomplished advisor during the internship
完善的导师培训机制、一对一师从资深从业者
Competitive internship compensation
有竞争力的实习薪资
Develop a global vision with opportunities to exchange ideas with various teams in WorldQuant global offices.
国际化视野，与WorldQuant 全球各地多个团队共事、交流
Flexibility of self-managed work progress, comfortable working environment, and rich employee activities
灵活自主安排工作进度，舒适的办公环境及丰富的员工活动
WHAT YOU'LL BRING 你需要具备:
Pursuing a Master's or PhD degree from a leading university in related fields (e.g. Electrical Engineering, Physics, Computer Science, Mathematics, Financial Engineering, Big Data)
正在攻读相关领域的硕士或博士学位（例如电子工程，物理，计算机科学，数学，金融工程, 大数据等）
Demonstrated ability of at least one programming language, e.g. C++, python, etc.; familiar with systems like Linux/Unix
熟练掌握至少一种编程语言，如C++、python等； 熟悉Linux/Unix等操作系统
Research experience in Deep Learning, NLP, and/or LLM is a plus
有深度学习、自然语言处理和/或大语言模型等研究经验者优先
Good English reading and writing skills
良好的英语读写能力
If any issues encountered accessing the online application webpage or if you have any questions, please mail your latest CV to or contact us at
WQChinaIntern@worldquant.com
如无法浏览在线申请网页或您有任何疑问，请将您的简历或问题发送至
WQChinaIntern@worldquant.com
The position is based in our research office in
Beijing
or
Shanghai
.
预期工作地点为
北京
或
上海
的研究办公室。
By submitting this application, you acknowledge and consent to terms of the
WorldQuant Privacy Policy.
The privacy policy offers an explanation of how and why your data will be collected, how it will be used and disclosed, how it will be retained and secured, and what legal rights are associated with that data (including the rights of access, correction, and deletion). The policy also describes legal and contractual limitations on these rights. The specific rights and obligations of individuals living and working in different areas may vary by jurisdiction.
Copyright © 2025 WorldQuant, LLC. All Rights Reserved.
WorldQuant is an equal opportunity employer and does not discriminate in hiring on the basis of race, color, creed, religion, sex, sexual orientation or preference, age, marital status, citizenship, national origin, disability, military status, genetic predisposition or carrier status, or any other protected characteristic as established by applicable law.",WorldQuant,Data Science Intern,Beijing OR Shanghai,Data/AI,Python; Machine Learning; Deep Learning; NLP; LLM; Linux,Master or PhD,Mentioned,,,39,Python,Deep Learning; LLM; Linux; Machine Learning; NLP,学历要求为 Master or PhD，当前学历层级为 Bachelor；校外长期实习政策仍需向学校确认
AlphaGrep Securities,alphagrepsecurities,DevOps Engineer,Shanghai,"&lt;p&gt;&lt;strong&gt;关于我&lt;/strong&gt;&lt;strong&gt;们&lt;/strong&gt;&lt;strong&gt; / About Us &lt;/strong&gt;&lt;/p&gt;
&lt;p&gt;AlphaGrep 是一家全球领先的量化交易公司，专注于股票、商品、外汇及固定收益等资产的算法交易。我们在国际市场拥有显著份额，依托自主开发的超低延迟系统与严格的风控体系，持续构建高效能策略。&lt;/p&gt;
&lt;p&gt;AlphaGrep is a leading global quantitative trading firm specializing in algorithmic strategies across equities, commodities, FX, and fixed income. We hold significant market share internationally, powered by proprietary low-latency infrastructure and robust risk controls.&lt;/p&gt;
&lt;p&gt;AlphaGrep China 是专注于中国市场人民币资产管理的机构，服务对象涵盖机构投资人、家族办公室与高净值客户。我们深耕中国资本市场，涵盖股票及衍生品等多类资产，结合全球量化研究体系与本地实战经验，构建多元交易策略，致力于实现长期稳健增长。&lt;/p&gt;
&lt;p&gt;AlphaGrep China is a dedicated RMB asset management platform focused on the Chinese market, serving institutional investors, family offices, and high-net-worth individuals. We leverage deep expertise in China’s equity and derivatives markets, together with AlphaGrep’s global quantitative research capabilities, to deliver diversified strategies targeting long-term and stable returns.&lt;/p&gt;
&lt;p&gt;&amp;nbsp;&lt;/p&gt;
&lt;p&gt;&lt;strong&gt;&lt;u&gt;Responsibilities&lt;/u&gt;&lt;/strong&gt;&lt;/p&gt;
&lt;p&gt;We are seeking bright and resourceful individuals for our DevOps team which is based out of our Shanghai office. This team is responsible for the day-to-day operational support and stability of our infrastructure.&lt;/p&gt;
&lt;p&gt;Our Shanghai office is growing rapidly. You will have the opportunity to participate in the future of China and global markets.&lt;/p&gt;
&lt;p&gt;The role focuses on monitoring and providing support for our production trading applications and infrastructure.&lt;/p&gt;
&lt;p&gt;The ideal candidate should&lt;/p&gt;
&lt;ul&gt;
&lt;li&gt;Have hands-on-experience in providing 1st level monitoring and engineering support.&lt;/li&gt;
&lt;li&gt;Be familiar with Linux&lt;/li&gt;
&lt;li&gt;Be familiar with basic networking tools like ping, traceroute, etc.&lt;/li&gt;
&lt;li&gt;Have a basic understanding of scripting languages like Python and Bash.&lt;/li&gt;
&lt;/ul&gt;
&lt;p&gt;He/she will be required to participate in operational shift cycle along with other members of the team.&lt;/p&gt;
&lt;p&gt;&lt;strong&gt;&lt;u&gt;Qualifications&lt;/u&gt;&lt;/strong&gt;&lt;/p&gt;
&lt;ul&gt;
&lt;li&gt;1-6 years of strong hands-on experience&lt;/li&gt;
&lt;li&gt;Bachelor’s Degree in Computer Science, Software Engineering or similar&lt;/li&gt;
&lt;li&gt;The ability to manage multiple tasks in a fast-paced environment&lt;/li&gt;
&lt;li&gt;A passion for new technologies and ideas&lt;/li&gt;
&lt;li&gt;Good communication skills &amp;amp; time management&lt;/li&gt;
&lt;li&gt;Be proactive and plan for situations instead of reacting to them&lt;/li&gt;
&lt;li&gt;Systematic problem-solving approach, coupled with a strong sense of ownership and drive&lt;/li&gt;
&lt;li&gt;Prior knowledge or experience of financial trading will be a plus&lt;/li&gt;
&lt;/ul&gt;
&lt;p&gt;&lt;strong&gt;&lt;u&gt;&amp;nbsp;&lt;/u&gt;&lt;/strong&gt;&lt;/p&gt;
&lt;p&gt;&lt;strong&gt;加入我们&lt;/strong&gt;&lt;strong&gt; / Why You Should Join Us &lt;/strong&gt;&lt;/p&gt;
&lt;p&gt;信任是团队协作的根基&lt;/p&gt;
&lt;p&gt;我们鼓励坦诚沟通与主动承担，让每一位成员都能在安全感中成长，自主决策、共同前行。这份信任源于彼此支持与并肩作战，是我们最珍贵的团队资产。&lt;/p&gt;
&lt;p&gt;Trust is the foundation of collaboration.&lt;/p&gt;
&lt;p&gt;We foster open communication and proactive ownership, empowering every team member to grow with a strong sense of security, make autonomous decisions, and move forward together. This trust—built through mutual support and shared commitment—is our most valued asset.&lt;/p&gt;
&lt;p&gt;优秀的团队成员，我们汇聚了工程师、数学家、统计学家，保持好奇心，乐在其中。&lt;/p&gt;
&lt;p&gt;Great People. We’re curious engineers, mathematicians, statisticians and like to have fun while achieving our goals.&lt;/p&gt;
&lt;p&gt;透明的组织架构，我们重视每一位成员的想法与贡献。&lt;/p&gt;
&lt;p&gt;Transparent Structure. Our employees know that we value their ideas and contributions.&lt;/p&gt;
&lt;p&gt;轻松的办公环境，无等级文化，常有团建、聚会与休闲活动。&lt;/p&gt;
&lt;p&gt;Relaxed Environment. Flat organization with yearly offsites, happy hours, and more.&lt;/p&gt;
&lt;p&gt;健康福利支持，健身补贴、零食饮品、充足年假。&lt;/p&gt;
&lt;p&gt;Health &amp;amp; Wellness Programs. Gym membership, stocked kitchen, and generous vacation.&lt;/p&gt;
&lt;p&gt;&amp;nbsp;&lt;/p&gt;",https://job-boards.greenhouse.io/alphagrepsecurities/jobs/5317836002,2021-06-11T04:57:59-04:00,2026-06-16T02:46:53-04:00,False,greenhouse_api,2026-08-12,"关于我
们
/ About Us
AlphaGrep 是一家全球领先的量化交易公司，专注于股票、商品、外汇及固定收益等资产的算法交易。我们在国际市场拥有显著份额，依托自主开发的超低延迟系统与严格的风控体系，持续构建高效能策略。
AlphaGrep is a leading global quantitative trading firm specializing in algorithmic strategies across equities, commodities, FX, and fixed income. We hold significant market share internationally, powered by proprietary low-latency infrastructure and robust risk controls.
AlphaGrep China 是专注于中国市场人民币资产管理的机构，服务对象涵盖机构投资人、家族办公室与高净值客户。我们深耕中国资本市场，涵盖股票及衍生品等多类资产，结合全球量化研究体系与本地实战经验，构建多元交易策略，致力于实现长期稳健增长。
AlphaGrep China is a dedicated RMB asset management platform focused on the Chinese market, serving institutional investors, family offices, and high-net-worth individuals. We leverage deep expertise in China’s equity and derivatives markets, together with AlphaGrep’s global quantitative research capabilities, to deliver diversified strategies targeting long-term and stable returns.
Responsibilities
We are seeking bright and resourceful individuals for our DevOps team which is based out of our Shanghai office. This team is responsible for the day-to-day operational support and stability of our infrastructure.
Our Shanghai office is growing rapidly. You will have the opportunity to participate in the future of China and global markets.
The role focuses on monitoring and providing support for our production trading applications and infrastructure.
The ideal candidate should
Have hands-on-experience in providing 1st level monitoring and engineering support.
Be familiar with Linux
Be familiar with basic networking tools like ping, traceroute, etc.
Have a basic understanding of scripting languages like Python and Bash.
He/she will be required to participate in operational shift cycle along with other members of the team.
Qualifications
1-6 years of strong hands-on experience
Bachelor’s Degree in Computer Science, Software Engineering or similar
The ability to manage multiple tasks in a fast-paced environment
A passion for new technologies and ideas
Good communication skills & time management
Be proactive and plan for situations instead of reacting to them
Systematic problem-solving approach, coupled with a strong sense of ownership and drive
Prior knowledge or experience of financial trading will be a plus
加入我们
/ Why You Should Join Us
信任是团队协作的根基
我们鼓励坦诚沟通与主动承担，让每一位成员都能在安全感中成长，自主决策、共同前行。这份信任源于彼此支持与并肩作战，是我们最珍贵的团队资产。
Trust is the foundation of collaboration.
We foster open communication and proactive ownership, empowering every team member to grow with a strong sense of security, make autonomous decisions, and move forward together. This trust—built through mutual support and shared commitment—is our most valued asset.
优秀的团队成员，我们汇聚了工程师、数学家、统计学家，保持好奇心，乐在其中。
Great People. We’re curious engineers, mathematicians, statisticians and like to have fun while achieving our goals.
透明的组织架构，我们重视每一位成员的想法与贡献。
Transparent Structure. Our employees know that we value their ideas and contributions.
轻松的办公环境，无等级文化，常有团建、聚会与休闲活动。
Relaxed Environment. Flat organization with yearly offsites, happy hours, and more.
健康福利支持，健身补贴、零食饮品、充足年假。
Health & Wellness Programs. Gym membership, stocked kitchen, and generous vacation.",AlphaGrep Securities,DevOps Engineer,Shanghai,Software/Cloud,Python; Linux; DevOps,Bachelor,Not specified,,,33,Python,DevOps; Linux,
WorldQuant,worldquant,Quantitative Researcher,Beijing; Shanghai,"&lt;div class=&quot;content-intro&quot;&gt;&lt;p&gt;WorldQuant develops and deploys systematic financial strategies across a broad range of asset classes and global markets. We seek to produce high-quality predictive signals (alphas) through our proprietary research platform to employ financial strategies focused on market inefficiencies. Our teams work collaboratively to drive the production of alphas and financial strategies – the foundation of a balanced, global investment platform.&lt;/p&gt;
&lt;p&gt;WorldQuant is built on a culture that pairs academic sensibility with accountability for results. Employees are encouraged to think openly about problems, balancing intellectualism and practicality. Excellent ideas come from anyone, anywhere. Employees are encouraged to challenge conventional thinking and possess an attitude of continuous improvement.&lt;/p&gt;
&lt;p&gt;Our goal is to hire the best and the brightest. We value intellectual horsepower first and foremost, and people who demonstrate an outstanding talent. There is no roadmap to future success, so we need people who can help us build it.&lt;/p&gt;&lt;/div&gt;&lt;p&gt;&lt;strong&gt;THE ROLE 岗位职责:&amp;nbsp;&lt;/strong&gt;&lt;/p&gt;
&lt;p&gt;WorldQuant is seeking an exceptional individual to join the firm as a Quantitative Researcher. While prior finance experience is not required, a successful candidate must possess a strong interest in learning about finance and global markets.&amp;nbsp;&lt;/p&gt;
&lt;ul&gt;
&lt;li&gt;Have a strong understanding of the investment research process to build computer-based models that seek to predict the movements of the global financial markets.&lt;br&gt;根据对投资研究流程的深入理解，创建寻求预测全球金融市场走势的基于计算机的模型&lt;/li&gt;
&lt;li&gt;Analyze and apply various types of data to the financial markets through rigorous exploration and unconstrained thinking&lt;br&gt;大胆猜想，严谨探索，不断寻求新方式分析多种类型的数据并将其应用于金融市场&lt;/li&gt;
&lt;/ul&gt;
&lt;p&gt;&lt;strong&gt;WHAT WE OFFER 你将会获得:&lt;/strong&gt;&lt;/p&gt;
&lt;ul&gt;
&lt;li&gt;Competitive compensation&lt;br&gt;有竞争力的薪资&lt;/li&gt;
&lt;li&gt;Join our established mentoring program and receive one-on-one guidance by an accomplished advisor&amp;nbsp;&lt;br&gt;完善的导师培训机制、一对一师从资深从业者&lt;/li&gt;
&lt;li&gt;Develop a global vision with opportunities to exchange ideas with various teams in WorldQuant global offices. Top performers may be eligible to relocate to one of WorldQuant overseas trading offices to work as Portfolio Managers.&lt;br&gt;国际化视野，与WorldQuant 全球各地多个团队共事、交流，表现优异者有机会前往WorldQuant驻海外的办公室任职基金经理&lt;/li&gt;
&lt;li&gt;Flexibility of self-managed work progress, comfortable working environment, rich employee activities, and generous employee benefits&lt;br&gt;灵活自主安排工作进度，舒适的办公环境、丰富的员工活动及优渥的员工福利&lt;/li&gt;
&lt;/ul&gt;
&lt;p&gt;&lt;strong&gt;WHAT YOU&#39;LL BRING 你需要具备:&lt;/strong&gt;&lt;/p&gt;
&lt;ul&gt;
&lt;li&gt;Pursuing a B.S., M.S. or Ph.D. degree from a leading university in related fields (e.g. Electrical Engineering, Physics, Computer Science, Mathematics, Financial Engineering, Big Data)&lt;br&gt;正在攻读相关领域的本科、硕士或博士学位（例如电子工程，物理，计算机科学，数学，金融工程, 大数据等）&lt;/li&gt;
&lt;li&gt;Candidates should be graduating in 2026 or 2027.&lt;br&gt;候选人需于2026年或2027年毕业&lt;/li&gt;
&lt;li&gt;Demonstrated ability of at least one programming language, e.g. C++, python, etc.; familiar with systems like Linux/Unix&lt;br&gt;熟练掌握至少一种编程语言，如C++、python等； 熟悉Linux/Unix等操作系统&lt;/li&gt;
&lt;li&gt;Good English reading and writing skills&lt;br&gt;良好的英语读写能力&lt;/li&gt;
&lt;/ul&gt;
&lt;p&gt;If any issues encountered accessing the online application webpage or if you have any questions, please mail your latest CV to or contact us at&amp;nbsp;&lt;a href=&quot;mailto:WQBJQuantJobs@worldquant.com&quot;&gt;WQBJQuantJobs@worldquant.com&lt;/a&gt;.&lt;br&gt;如无法浏览在线申请网页或您有任何疑问，请将您的简历或问题发送至 &lt;a href=&quot;mailto:WQBJQuantJobs@worldquant.com&quot;&gt;WQBJQuantJobs@worldquant.com&lt;/a&gt; .&amp;nbsp;&lt;/p&gt;
&lt;p&gt;The position is based in our research office in &lt;strong&gt;Beijing&lt;/strong&gt; or &lt;strong&gt;Shanghai&lt;/strong&gt;.&lt;br&gt;预期工作地点为&lt;strong&gt;北京&lt;/strong&gt;或&lt;strong&gt;上海&lt;/strong&gt;的研究办公室。&lt;/p&gt;
&lt;p&gt;&amp;nbsp;&lt;/p&gt;&lt;div class=&quot;content-conclusion&quot;&gt;&lt;p&gt;By submitting this application, you acknowledge and consent to terms of the &lt;a href=&quot;https://www.worldquant.com/privacy-policy/&quot; target=&quot;_blank&quot;&gt;WorldQuant Privacy Policy.&lt;/a&gt; The privacy policy offers an explanation of how and why your data will be collected, how it will be used and disclosed, how it will be retained and secured, and what legal rights are associated with that data (including the rights of access, correction, and deletion). The policy also describes legal and contractual limitations on these rights. The specific rights and obligations of individuals living and working in different areas may vary by jurisdiction.&lt;/p&gt;
&lt;p&gt;Copyright © 2025 WorldQuant, LLC. All Rights Reserved.&lt;br&gt;WorldQuant is an equal opportunity employer and does not discriminate in hiring on the basis of race, color, creed, religion, sex, sexual orientation or preference, age, marital status, citizenship, national origin, disability, military status, genetic predisposition or carrier status, or any other protected characteristic as established by applicable law.&lt;/p&gt;&lt;/div&gt;",https://job-boards.greenhouse.io/worldquant/jobs/4069466006,2023-08-22T07:44:11-04:00,2026-08-06T06:50:10-04:00,False,greenhouse_api,2026-08-12,"WorldQuant develops and deploys systematic financial strategies across a broad range of asset classes and global markets. We seek to produce high-quality predictive signals (alphas) through our proprietary research platform to employ financial strategies focused on market inefficiencies. Our teams work collaboratively to drive the production of alphas and financial strategies – the foundation of a balanced, global investment platform.
WorldQuant is built on a culture that pairs academic sensibility with accountability for results. Employees are encouraged to think openly about problems, balancing intellectualism and practicality. Excellent ideas come from anyone, anywhere. Employees are encouraged to challenge conventional thinking and possess an attitude of continuous improvement.
Our goal is to hire the best and the brightest. We value intellectual horsepower first and foremost, and people who demonstrate an outstanding talent. There is no roadmap to future success, so we need people who can help us build it.
THE ROLE 岗位职责:
WorldQuant is seeking an exceptional individual to join the firm as a Quantitative Researcher. While prior finance experience is not required, a successful candidate must possess a strong interest in learning about finance and global markets.
Have a strong understanding of the investment research process to build computer-based models that seek to predict the movements of the global financial markets.
根据对投资研究流程的深入理解，创建寻求预测全球金融市场走势的基于计算机的模型
Analyze and apply various types of data to the financial markets through rigorous exploration and unconstrained thinking
大胆猜想，严谨探索，不断寻求新方式分析多种类型的数据并将其应用于金融市场
WHAT WE OFFER 你将会获得:
Competitive compensation
有竞争力的薪资
Join our established mentoring program and receive one-on-one guidance by an accomplished advisor
完善的导师培训机制、一对一师从资深从业者
Develop a global vision with opportunities to exchange ideas with various teams in WorldQuant global offices. Top performers may be eligible to relocate to one of WorldQuant overseas trading offices to work as Portfolio Managers.
国际化视野，与WorldQuant 全球各地多个团队共事、交流，表现优异者有机会前往WorldQuant驻海外的办公室任职基金经理
Flexibility of self-managed work progress, comfortable working environment, rich employee activities, and generous employee benefits
灵活自主安排工作进度，舒适的办公环境、丰富的员工活动及优渥的员工福利
WHAT YOU'LL BRING 你需要具备:
Pursuing a B.S., M.S. or Ph.D. degree from a leading university in related fields (e.g. Electrical Engineering, Physics, Computer Science, Mathematics, Financial Engineering, Big Data)
正在攻读相关领域的本科、硕士或博士学位（例如电子工程，物理，计算机科学，数学，金融工程, 大数据等）
Candidates should be graduating in 2026 or 2027.
候选人需于2026年或2027年毕业
Demonstrated ability of at least one programming language, e.g. C++, python, etc.; familiar with systems like Linux/Unix
熟练掌握至少一种编程语言，如C++、python等； 熟悉Linux/Unix等操作系统
Good English reading and writing skills
良好的英语读写能力
If any issues encountered accessing the online application webpage or if you have any questions, please mail your latest CV to or contact us at
WQBJQuantJobs@worldquant.com
.
如无法浏览在线申请网页或您有任何疑问，请将您的简历或问题发送至
WQBJQuantJobs@worldquant.com
.
The position is based in our research office in
Beijing
or
Shanghai
.
预期工作地点为
北京
或
上海
的研究办公室。
By submitting this application, you acknowledge and consent to terms of the
WorldQuant Privacy Policy.
The privacy policy offers an explanation of how and why your data will be collected, how it will be used and disclosed, how it will be retained and secured, and what legal rights are associated with that data (including the rights of access, correction, and deletion). The policy also describes legal and contractual limitations on these rights. The specific rights and obligations of individuals living and working in different areas may vary by jurisdiction.
Copyright © 2025 WorldQuant, LLC. All Rights Reserved.
WorldQuant is an equal opportunity employer and does not discriminate in hiring on the basis of race, color, creed, religion, sex, sexual orientation or preference, age, marital status, citizenship, national origin, disability, military status, genetic predisposition or carrier status, or any other protected characteristic as established by applicable law.",WorldQuant,Quantitative Researcher,Beijing OR Shanghai,Data/AI,Python; Linux,Bachelor / Master / PhD,Mentioned,,2026; 2027,28,Python,Linux,学历要求为 Bachelor / Master / PhD，当前学历层级为 Bachelor
Speechify,speechify,"Software Engineer, iOS Core Product - Shanghai, China",Shanghai,"&lt;p&gt;The mission of Speechify is to make sure that reading is never a barrier to learning.&lt;/p&gt;
&lt;p&gt;Over 50 million people use Speechify’s text-to-speech products to turn whatever they’re reading – PDFs, books, Google Docs, news articles, websites – into audio, so they can read faster, read more, and remember more. Speechify’s text-to-speech reading products include its iOS app, Android App, Mac App, Chrome Extension, and Web App. Google recently named Speechify the Chrome Extension of the Year and Apple named Speechify its App of the Day.&lt;/p&gt;
&lt;p&gt;Today, nearly 200 people around the globe work on Speechify in a 100% distributed setting – Speechify has no office. These include frontend and backend engineers, AI research scientists, and others from Amazon, Microsoft, and Google, leading PhD programs like Stanford, high growth startups like Stripe, Vercel, Bolt, and many founders of their own companies.&lt;/p&gt;
&lt;p&gt;&lt;strong&gt;Overview&lt;/strong&gt;&lt;/p&gt;
&lt;p data-speechify-sentence=&quot;&quot;&gt;With the growth of our iOS app, being the #18 productivity app in the App Store category and also our recent recognition as Apple&#39;s 2025 Design Award for inclusivity, we find the need for a Senior iOS Engineer to help us support the new user base as well as work on new and exciting projects to push our missing forward. &amp;nbsp;&amp;nbsp;&lt;/p&gt;
&lt;p data-speechify-sentence=&quot;&quot;&gt;This is a key role and ideal for someone who thinks strategically, enjoys fast-paced environments, passionate about making product decisions, and has experience building great user experiences that delight users.&lt;/p&gt;
&lt;p data-speechify-sentence=&quot;&quot;&gt;We are a flat organization that allows anyone to become a leader by showing excellent technical skills and delivering results consistently and fast. Work ethic, solid communication skills, and obsession with winning are paramount.&amp;nbsp;&lt;/p&gt;
&lt;p data-speechify-sentence=&quot;&quot;&gt;Our interview process involves several technical interviews and we aim to complete them within 1 week.&amp;nbsp;&lt;/p&gt;
&lt;p&gt;&lt;strong&gt;What Yo&lt;/strong&gt;&lt;strong&gt;u’&lt;/strong&gt;&lt;strong&gt;ll Do&lt;/strong&gt;&lt;/p&gt;
&lt;ul&gt;
&lt;li data-speechify-sentence=&quot;&quot;&gt;Opportunity to lead key engineering and product decisions&lt;/li&gt;
&lt;li data-speechify-sentence=&quot;&quot;&gt;Actively shipping production code for the Speechify iOS app&lt;/li&gt;
&lt;li data-speechify-sentence=&quot;&quot;&gt;Work within a dedicated product team&lt;/li&gt;
&lt;li data-speechify-sentence=&quot;&quot;&gt;Participate in product discussions to shape the product roadmap&lt;/li&gt;
&lt;li data-speechify-sentence=&quot;&quot;&gt;Maintain and enhance the existing complex app architecture&lt;/li&gt;
&lt;/ul&gt;
&lt;p&gt;&lt;strong&gt;An Ideal Candidate Should Have&lt;/strong&gt;&lt;/p&gt;
&lt;ul&gt;
&lt;li data-speechify-sentence=&quot;&quot;&gt;Experience. You&#39;ve worked on products that scaled to a large user base&lt;/li&gt;
&lt;li data-speechify-sentence=&quot;&quot;&gt;Track record. You have worked on various products from inception to decent traction. You have been responsible for engineering the product&lt;/li&gt;
&lt;li data-speechify-sentence=&quot;&quot;&gt;Customer obsession. We expect every team member whose responsibilities directly impact customers to be constantly obsessed about providing the best possible experience&lt;/li&gt;
&lt;li data-speechify-sentence=&quot;&quot;&gt;Product thinking. You make thoughtful decisions about the evolution of your product and support internal teams and designers into taking the right direction&lt;/li&gt;
&lt;li data-speechify-sentence=&quot;&quot;&gt;Speed. You work quickly to generate ideas and know how to decide which things can ship now and what things need time&lt;/li&gt;
&lt;li data-speechify-sentence=&quot;&quot;&gt;Focus. We’re a high-growth startup with a busy, remote team. You know how and when to engage or be heads down&lt;/li&gt;
&lt;li&gt;Technical skills. Swift, SwiftUI&lt;/li&gt;
&lt;/ul&gt;
&lt;p&gt;&lt;strong&gt;Technical Requirements:&lt;/strong&gt;&lt;/p&gt;
&lt;ul&gt;
&lt;li&gt;Swift Programming Language&lt;/li&gt;
&lt;li&gt;SwiftUI experience&lt;/li&gt;
&lt;li&gt;Experience in Multithreading Programming&lt;/li&gt;
&lt;li&gt;Working with CI/CD infrastructure&lt;/li&gt;
&lt;li&gt;Experience with Fastlane&lt;/li&gt;
&lt;li&gt;SOLID principles, the ability to write every single class according to SOLID&lt;/li&gt;
&lt;li&gt;Experience with Git and understanding of different Git strategies&lt;/li&gt;
&lt;/ul&gt;
&lt;p data-speechify-sentence=&quot;&quot;&gt;&lt;strong&gt;What We offer:&lt;/strong&gt;&lt;/p&gt;
&lt;ul&gt;
&lt;li&gt;A fast-growing environment where you can help shape the company and product&lt;/li&gt;
&lt;li&gt;An entrepreneurial crew that supports risk, intuition, and hustle&lt;/li&gt;
&lt;li&gt;The opportunity to make a big impact in a transformative industry&lt;/li&gt;
&lt;li&gt;A competitive salary, a collegiate atmosphere, and a commitment to building a great asynchronous culture&lt;/li&gt;
&lt;li&gt;Work on a product that millions of people use and where daily feedback includes users sharing that they cried when they first found the product because it was so impactful on their lives&lt;/li&gt;
&lt;li&gt;Support people with learning differences like Dyslexia, ADD, Low Vision, Concussions, Autism, and Second Language Learners, and give reading superpowers to professionals all over the world&lt;/li&gt;
&lt;li&gt;Work in one of the fastest growing sectors of tech: Intersection of Artificial Intelligence and Audio&lt;/li&gt;
&lt;/ul&gt;
&lt;p&gt;&lt;strong&gt;Think you’re a good fit for this job?&amp;nbsp;&lt;/strong&gt;&lt;/p&gt;
&lt;p&gt;Tell us more about yourself and why you&#39;re interested in the role when you apply. &lt;br&gt;And don’t forget to include links to your portfolio and LinkedIn.&lt;/p&gt;
&lt;p&gt;&lt;strong&gt;Not looking but know someone who would make a great fit?&amp;nbsp;&lt;/strong&gt;&lt;/p&gt;
&lt;p&gt;Refer them!&amp;nbsp;&lt;/p&gt;
&lt;p&gt;&lt;strong&gt;Speechify is committed to a diverse and inclusive workplace.&lt;/strong&gt;&lt;/p&gt;
&lt;p&gt;Speechify does not discriminate on the basis of race, national origin, gender, gender identity, sexual orientation, protected veteran status, disability, age, or other legally protected status.&lt;/p&gt;",https://job-boards.greenhouse.io/speechify/jobs/5981182004,2025-01-07T09:42:57-05:00,2026-07-24T10:53:15-04:00,False,greenhouse_api,2026-08-12,"The mission of Speechify is to make sure that reading is never a barrier to learning.
Over 50 million people use Speechify’s text-to-speech products to turn whatever they’re reading – PDFs, books, Google Docs, news articles, websites – into audio, so they can read faster, read more, and remember more. Speechify’s text-to-speech reading products include its iOS app, Android App, Mac App, Chrome Extension, and Web App. Google recently named Speechify the Chrome Extension of the Year and Apple named Speechify its App of the Day.
Today, nearly 200 people around the globe work on Speechify in a 100% distributed setting – Speechify has no office. These include frontend and backend engineers, AI research scientists, and others from Amazon, Microsoft, and Google, leading PhD programs like Stanford, high growth startups like Stripe, Vercel, Bolt, and many founders of their own companies.
Overview
With the growth of our iOS app, being the #18 productivity app in the App Store category and also our recent recognition as Apple's 2025 Design Award for inclusivity, we find the need for a Senior iOS Engineer to help us support the new user base as well as work on new and exciting projects to push our missing forward.
This is a key role and ideal for someone who thinks strategically, enjoys fast-paced environments, passionate about making product decisions, and has experience building great user experiences that delight users.
We are a flat organization that allows anyone to become a leader by showing excellent technical skills and delivering results consistently and fast. Work ethic, solid communication skills, and obsession with winning are paramount.
Our interview process involves several technical interviews and we aim to complete them within 1 week.
What Yo
u’
ll Do
Opportunity to lead key engineering and product decisions
Actively shipping production code for the Speechify iOS app
Work within a dedicated product team
Participate in product discussions to shape the product roadmap
Maintain and enhance the existing complex app architecture
An Ideal Candidate Should Have
Experience. You've worked on products that scaled to a large user base
Track record. You have worked on various products from inception to decent traction. You have been responsible for engineering the product
Customer obsession. We expect every team member whose responsibilities directly impact customers to be constantly obsessed about providing the best possible experience
Product thinking. You make thoughtful decisions about the evolution of your product and support internal teams and designers into taking the right direction
Speed. You work quickly to generate ideas and know how to decide which things can ship now and what things need time
Focus. We’re a high-growth startup with a busy, remote team. You know how and when to engage or be heads down
Technical skills. Swift, SwiftUI
Technical Requirements:
Swift Programming Language
SwiftUI experience
Experience in Multithreading Programming
Working with CI/CD infrastructure
Experience with Fastlane
SOLID principles, the ability to write every single class according to SOLID
Experience with Git and understanding of different Git strategies
What We offer:
A fast-growing environment where you can help shape the company and product
An entrepreneurial crew that supports risk, intuition, and hustle
The opportunity to make a big impact in a transformative industry
A competitive salary, a collegiate atmosphere, and a commitment to building a great asynchronous culture
Work on a product that millions of people use and where daily feedback includes users sharing that they cried when they first found the product because it was so impactful on their lives
Support people with learning differences like Dyslexia, ADD, Low Vision, Concussions, Autism, and Second Language Learners, and give reading superpowers to professionals all over the world
Work in one of the fastest growing sectors of tech: Intersection of Artificial Intelligence and Audio
Think you’re a good fit for this job?
Tell us more about yourself and why you're interested in the role when you apply.
And don’t forget to include links to your portfolio and LinkedIn.
Not looking but know someone who would make a great fit?
Refer them!
Speechify is committed to a diverse and inclusive workplace.
Speechify does not discriminate on the basis of race, national origin, gender, gender identity, sexual orientation, protected veteran status, disability, age, or other legally protected status.",Speechify,"Software Engineer, iOS Core Product - Shanghai, China","Shanghai, China",Product/UX,Git; CI/CD,PhD,Not specified,,,28,Git,CI/CD,学历要求为 PhD，当前学历层级为 Bachelor
AlphaGrep Securities,alphagrepsecurities,Business Operations,Shanghai,"&lt;p&gt;基金运营&lt;/p&gt;
&lt;p&gt;Business Operations&lt;/p&gt;
&lt;p&gt;&amp;nbsp;&lt;/p&gt;
&lt;p&gt;&lt;strong&gt;关于我&lt;/strong&gt;&lt;strong&gt;们&lt;/strong&gt;&lt;strong&gt; / About Us &lt;/strong&gt;&lt;/p&gt;
&lt;p&gt;AlphaGrep 是一家全球领先的量化交易公司，专注于股票、商品、外汇及固定收益等资产的算法交易。我们在国际市场拥有显著份额，依托自主开发的超低延迟系统与严格的风控体系，持续构建高效能策略。&lt;/p&gt;
&lt;p&gt;AlphaGrep is a leading global quantitative trading firm specializing in algorithmic strategies across equities, commodities, FX, and fixed income. We hold significant market share internationally, powered by proprietary low-latency infrastructure and robust risk controls.&lt;/p&gt;
&lt;p&gt;AlphaGrep China 是专注于中国市场人民币资产管理的机构，服务对象涵盖机构投资人、家族办公室与高净值客户。我们深耕中国资本市场，涵盖股票及衍生品等多类资产，结合全球量化研究体系与本地实战经验，构建多元交易策略，致力于实现长期稳健增长。&lt;/p&gt;
&lt;p&gt;AlphaGrep China is a dedicated RMB asset management platform focused on the Chinese market, serving institutional investors, family offices, and high-net-worth individuals. We leverage deep expertise in China’s equity and derivatives markets, together with AlphaGrep’s global quantitative research capabilities, to deliver diversified strategies targeting long-term and stable returns.&lt;/p&gt;
&lt;p&gt;&amp;nbsp;&lt;/p&gt;
&lt;p&gt;&lt;strong&gt;岗&lt;/strong&gt;&lt;strong&gt;位&lt;/strong&gt;&lt;strong&gt;职责&lt;/strong&gt;&lt;strong&gt; / Responsibilities &lt;/strong&gt;&lt;/p&gt;
&lt;ol&gt;
&lt;li&gt;产品全生命周期管理： 负责公司私募证券投资基金的全流程运营工作，包括但不限于产品的设立、备案、开户、日常申赎、分红、清盘等环节的操作与协调。&lt;/li&gt;
&lt;li&gt;交易支持与结算： 负责产品资金划拨指令执行，协调托管、经纪商完成每日交易数据的清算、估值核对及资金结算，确保交易链路顺畅无误。&lt;/li&gt;
&lt;li&gt;数据维护与分析： 维护产品运营相关数据，对准确性进行复核，协助处理与运营相关的数据统计、分析及报表制作。&lt;/li&gt;
&lt;li&gt;账户维护与管理： 负责基金产品的证券账户、期货账户、资金账户等各类账户的开立、变更及日常维护。&lt;/li&gt;
&lt;li&gt;信息披露与合规报送： 按照监管要求及基金合同约定，编制及复核各类定期/不定期报告，向投资者、监管机构及合作方进行准确、及时的信息披露。&lt;/li&gt;
&lt;li&gt;其他工作： 完成上级交办的其他运营相关事务性工作，配合跨部门相关工作。&lt;/li&gt;
&lt;/ol&gt;
&lt;p&gt;&lt;strong&gt;&amp;nbsp;&lt;/strong&gt;&lt;/p&gt;
&lt;p&gt;&lt;strong&gt;任职要求&lt;/strong&gt;&lt;strong&gt; / Qualifications &lt;/strong&gt;&lt;/p&gt;
&lt;ol&gt;
&lt;li&gt;工作经验： 至少2年以上私募证券基金、券商托管部或相关金融机构的运营工作经验。熟悉私募证券基金“募投管退”全流程。&lt;/li&gt;
&lt;li&gt;专业技能： 熟悉交易规则及结算估值流程，对基金相关数据指标计算有清晰的理解。&lt;/li&gt;
&lt;li&gt;逻辑思维强： 面对复杂的业务流程和多方的数据核对，能够条理清晰地理顺逻辑，发现并解决问题。&lt;/li&gt;
&lt;li&gt;严谨耐心细心： 对数字敏感，做事一丝不苟，能沉下心处理重复性、细节性的核对工作，具备极强的责任心。&lt;/li&gt;
&lt;li&gt;沟通协调： 具备良好的内部及跨部门沟通能力，能够灵活高效协调各方的关系。&lt;/li&gt;
&lt;li&gt;语言能力：可以使用英语作为工作语言，进行书面沟通以及日常口语交流。&lt;/li&gt;
&lt;/ol&gt;
&lt;p&gt;&amp;nbsp;&lt;/p&gt;
&lt;p&gt;&lt;strong&gt;加入我&lt;/strong&gt;&lt;strong&gt;们&lt;/strong&gt;&lt;strong&gt; / Why You Should Join Us &lt;/strong&gt;&lt;/p&gt;
&lt;p&gt;信任是团队协作的根基&lt;/p&gt;
&lt;p&gt;我们鼓励坦诚沟通与主动承担，让每一位成员都能在安全感中成长，自主决策、共同前行。这份信任源于彼此支持与并肩作战，是我们最珍贵的团队资产。&lt;/p&gt;
&lt;p&gt;Trust is the foundation of collaboration.&lt;/p&gt;
&lt;p&gt;We foster open communication and proactive ownership, empowering every team member to grow with a strong sense of security, make autonomous decisions, and move forward together. This trust—built through mutual support and shared commitment—is our most valued asset.&lt;/p&gt;
&lt;p&gt;优秀的团队成员，我们汇聚了工程师、数学家、统计学家，保持好奇心，乐在其中。&lt;/p&gt;
&lt;p&gt;Great People. We’re curious engineers, mathematicians, statisticians and like to have fun while achieving our goals.&lt;/p&gt;
&lt;p&gt;透明的组织架构，我们重视每一位成员的想法与贡献。&lt;/p&gt;
&lt;p&gt;Transparent Structure. Our employees know that we value their ideas and contributions.&lt;/p&gt;
&lt;p&gt;轻松的办公环境，无等级文化，常有团建、聚会与休闲活动。&lt;/p&gt;
&lt;p&gt;Relaxed Environment. Flat organization with yearly offsites, happy hours, and more.&lt;/p&gt;
&lt;p&gt;健康福利支持，健身补贴、零食饮品、充足年假。&lt;/p&gt;
&lt;p&gt;Health &amp;amp; Wellness Programs. Gym membership, stocked kitchen, and generous vacation.&lt;/p&gt;",https://job-boards.greenhouse.io/alphagrepsecurities/jobs/8452018002,2026-03-06T03:52:12-05:00,2026-07-09T23:09:27-04:00,False,greenhouse_api,2026-08-12,"基金运营
Business Operations
关于我
们
/ About Us
AlphaGrep 是一家全球领先的量化交易公司，专注于股票、商品、外汇及固定收益等资产的算法交易。我们在国际市场拥有显著份额，依托自主开发的超低延迟系统与严格的风控体系，持续构建高效能策略。
AlphaGrep is a leading global quantitative trading firm specializing in algorithmic strategies across equities, commodities, FX, and fixed income. We hold significant market share internationally, powered by proprietary low-latency infrastructure and robust risk controls.
AlphaGrep China 是专注于中国市场人民币资产管理的机构，服务对象涵盖机构投资人、家族办公室与高净值客户。我们深耕中国资本市场，涵盖股票及衍生品等多类资产，结合全球量化研究体系与本地实战经验，构建多元交易策略，致力于实现长期稳健增长。
AlphaGrep China is a dedicated RMB asset management platform focused on the Chinese market, serving institutional investors, family offices, and high-net-worth individuals. We leverage deep expertise in China’s equity and derivatives markets, together with AlphaGrep’s global quantitative research capabilities, to deliver diversified strategies targeting long-term and stable returns.
岗
位
职责
/ Responsibilities
产品全生命周期管理： 负责公司私募证券投资基金的全流程运营工作，包括但不限于产品的设立、备案、开户、日常申赎、分红、清盘等环节的操作与协调。
交易支持与结算： 负责产品资金划拨指令执行，协调托管、经纪商完成每日交易数据的清算、估值核对及资金结算，确保交易链路顺畅无误。
数据维护与分析： 维护产品运营相关数据，对准确性进行复核，协助处理与运营相关的数据统计、分析及报表制作。
账户维护与管理： 负责基金产品的证券账户、期货账户、资金账户等各类账户的开立、变更及日常维护。
信息披露与合规报送： 按照监管要求及基金合同约定，编制及复核各类定期/不定期报告，向投资者、监管机构及合作方进行准确、及时的信息披露。
其他工作： 完成上级交办的其他运营相关事务性工作，配合跨部门相关工作。
任职要求
/ Qualifications
工作经验： 至少2年以上私募证券基金、券商托管部或相关金融机构的运营工作经验。熟悉私募证券基金“募投管退”全流程。
专业技能： 熟悉交易规则及结算估值流程，对基金相关数据指标计算有清晰的理解。
逻辑思维强： 面对复杂的业务流程和多方的数据核对，能够条理清晰地理顺逻辑，发现并解决问题。
严谨耐心细心： 对数字敏感，做事一丝不苟，能沉下心处理重复性、细节性的核对工作，具备极强的责任心。
沟通协调： 具备良好的内部及跨部门沟通能力，能够灵活高效协调各方的关系。
语言能力：可以使用英语作为工作语言，进行书面沟通以及日常口语交流。
加入我
们
/ Why You Should Join Us
信任是团队协作的根基
我们鼓励坦诚沟通与主动承担，让每一位成员都能在安全感中成长，自主决策、共同前行。这份信任源于彼此支持与并肩作战，是我们最珍贵的团队资产。
Trust is the foundation of collaboration.
We foster open communication and proactive ownership, empowering every team member to grow with a strong sense of security, make autonomous decisions, and move forward together. This trust—built through mutual support and shared commitment—is our most valued asset.
优秀的团队成员，我们汇聚了工程师、数学家、统计学家，保持好奇心，乐在其中。
Great People. We’re curious engineers, mathematicians, statisticians and like to have fun while achieving our goals.
透明的组织架构，我们重视每一位成员的想法与贡献。
Transparent Structure. Our employees know that we value their ideas and contributions.
轻松的办公环境，无等级文化，常有团建、聚会与休闲活动。
Relaxed Environment. Flat organization with yearly offsites, happy hours, and more.
健康福利支持，健身补贴、零食饮品、充足年假。
Health & Wellness Programs. Gym membership, stocked kitchen, and generous vacation.",AlphaGrep Securities,Business Operations,Shanghai,Business/Ops,,Not specified,Not specified,,,25,,,
SES AI,sesai,BMS BSW Software Engineer,Shanghai,"&lt;p&gt;&lt;span style=&quot;text-decoration: underline;&quot;&gt;&lt;strong&gt;BMS BSW &lt;/strong&gt;&lt;strong&gt;S&lt;/strong&gt;&lt;strong&gt;oftware Engineer&lt;/strong&gt;&lt;/span&gt;&lt;/p&gt;
&lt;p&gt;&amp;nbsp;&lt;/p&gt;
&lt;p&gt;&lt;span style=&quot;text-decoration: underline;&quot;&gt;&lt;strong&gt;Responsibilities&lt;/strong&gt;&lt;/span&gt;&lt;/p&gt;
&lt;ul&gt;
&lt;li style=&quot;line-height: 1.5;&quot;&gt;Responsible for BMS BSW development, testing and maintenance&lt;/li&gt;
&lt;li style=&quot;line-height: 1.5;&quot;&gt;Responsible for configuration and debugging of BMS AUTOSAR BSW&lt;/li&gt;
&lt;li style=&quot;line-height: 1.5;&quot;&gt;Responsible for the BMS bootloader and complex drivers development&lt;/li&gt;
&lt;li style=&quot;line-height: 1.5;&quot;&gt;Responsible for BMS CAN Communication, network management and UDS diagnostic development&lt;/li&gt;
&lt;li style=&quot;line-height: 1.5;&quot;&gt;Responsible for BMS XCP and J1939 protocol development&lt;/li&gt;
&lt;/ul&gt;
&lt;p&gt;&amp;nbsp;&lt;/p&gt;
&lt;p&gt;&lt;span style=&quot;text-decoration: underline;&quot;&gt;&lt;strong&gt;Qualifications&lt;/strong&gt;&lt;/span&gt;&lt;/p&gt;
&lt;ul&gt;
&lt;li style=&quot;line-height: 1.5;&quot;&gt;Bachelor’s degree or above, major in vehicle engineering, computer, electronic and electrical, automation, etc.&lt;/li&gt;
&lt;li style=&quot;line-height: 1.5;&quot;&gt;Familiar with C language, with more than three years of experience in BSW development, familiar with NXP and Infineon chips.&lt;/li&gt;
&lt;li style=&quot;line-height: 1.5;&quot;&gt;Familiar with AUTOSAR software architecture and related specifications, with AUTOSAR (Classic) software development experience, able to use the mainstream AUTOSAR tools for ASW, BSW, MCAL software development is preferred.&lt;/li&gt;
&lt;li style=&quot;line-height: 1.5;&quot;&gt;Familiar with AUTOSAR basic software development and configuration.&lt;/li&gt;
&lt;li style=&quot;line-height: 1.5;&quot;&gt;Familiar with the working mechanism of Bootloader, with relevant development experience is preferred.&lt;/li&gt;
&lt;li style=&quot;line-height: 1.5;&quot;&gt;Familiar with automotive protocols (CAN/J1939/XCP) and diagnostic protocols&lt;/li&gt;
&lt;li style=&quot;line-height: 1.5;&quot;&gt;Familiar with functional safety ISO26262, familiar with multi-core distribution and data protection.&lt;/li&gt;
&lt;/ul&gt;
&lt;p style=&quot;line-height: 1.4;&quot;&gt;&amp;nbsp;&lt;/p&gt;",https://boards.greenhouse.io/sesai/jobs/4186770005?gh_jid=4186770005,2023-01-16T13:51:41-05:00,2026-06-22T13:14:30-04:00,False,greenhouse_api,2026-08-12,"BMS BSW
S
oftware Engineer
Responsibilities
Responsible for BMS BSW development, testing and maintenance
Responsible for configuration and debugging of BMS AUTOSAR BSW
Responsible for the BMS bootloader and complex drivers development
Responsible for BMS CAN Communication, network management and UDS diagnostic development
Responsible for BMS XCP and J1939 protocol development
Qualifications
Bachelor’s degree or above, major in vehicle engineering, computer, electronic and electrical, automation, etc.
Familiar with C language, with more than three years of experience in BSW development, familiar with NXP and Infineon chips.
Familiar with AUTOSAR software architecture and related specifications, with AUTOSAR (Classic) software development experience, able to use the mainstream AUTOSAR tools for ASW, BSW, MCAL software development is preferred.
Familiar with AUTOSAR basic software development and configuration.
Familiar with the working mechanism of Bootloader, with relevant development experience is preferred.
Familiar with automotive protocols (CAN/J1939/XCP) and diagnostic protocols
Familiar with functional safety ISO26262, familiar with multi-core distribution and data protection.",SES AI,BMS BSW Software Engineer,"Shanghai, China",Software/Cloud,,Bachelor,Not specified,,,25,,,
SES AI,sesai,Test Engineer,Shanghai,"&lt;p&gt;&lt;span style=&quot;text-decoration: underline;&quot;&gt;&lt;strong&gt;Test Engineer&lt;/strong&gt;&lt;/span&gt;&lt;/p&gt;
&lt;p&gt;&amp;nbsp;&lt;/p&gt;
&lt;p&gt;&lt;span style=&quot;text-decoration: underline;&quot;&gt;&lt;strong&gt;Responsibilities&lt;/strong&gt;&lt;/span&gt;&lt;/p&gt;
&lt;ul&gt;
&lt;li&gt;
&lt;p&gt;Responsible for environmental reliability testing, performance testing and abuse testing of lithium metal battery packs and modules according to the arrangement of the project leader&lt;/p&gt;
&lt;/li&gt;
&lt;li&gt;
&lt;p&gt;Build a test platform according to the test requirements and solve various problems in the test process&lt;/p&gt;
&lt;/li&gt;
&lt;li&gt;
&lt;p&gt;Proficient in office software, responsible for filling in and submitting the original records in the test process&lt;/p&gt;
&lt;/li&gt;
&lt;li&gt;
&lt;p&gt;According to the requirements of the company&#39;s laboratory quality management system, correctly operate and maintain the test equipment, correctly dispose the samples in the test process, and comply with the laboratory 5S management requirements to ensure the safety in the test process&lt;/p&gt;
&lt;/li&gt;
&lt;li&gt;
&lt;p&gt;Responsible for assisting the daily management of the laboratory&lt;/p&gt;
&lt;/li&gt;
&lt;/ul&gt;
&lt;p&gt;&amp;nbsp;&lt;/p&gt;
&lt;p&gt;&lt;span style=&quot;text-decoration: underline;&quot;&gt;&lt;strong&gt;Qualifications&lt;/strong&gt;&lt;/span&gt;&lt;/p&gt;
&lt;ul&gt;
&lt;li&gt;
&lt;p&gt;Bachelor’s degree or above, with battery safety testing experience, education requirements can be relaxed&lt;/p&gt;
&lt;/li&gt;
&lt;li&gt;
&lt;p&gt;More than one year working experience in lithium battery related industry&lt;/p&gt;
&lt;/li&gt;
&lt;li&gt;Experience in lithium battery testing is preferred&lt;/li&gt;
&lt;li&gt;
&lt;p&gt;Have strong learning ability and practical ability, can operate related test equipment independently&lt;/p&gt;
&lt;/li&gt;
&lt;li&gt;
&lt;p&gt;Have good professional quality, no legal disputes, no bad hobbies&lt;/p&gt;
&lt;/li&gt;
&lt;/ul&gt;
&lt;p&gt;&amp;nbsp;&lt;/p&gt;",https://boards.greenhouse.io/sesai/jobs/4186720005?gh_jid=4186720005,2023-01-16T14:24:59-05:00,2026-06-22T13:14:30-04:00,False,greenhouse_api,2026-08-12,"Test Engineer
Responsibilities
Responsible for environmental reliability testing, performance testing and abuse testing of lithium metal battery packs and modules according to the arrangement of the project leader
Build a test platform according to the test requirements and solve various problems in the test process
Proficient in office software, responsible for filling in and submitting the original records in the test process
According to the requirements of the company's laboratory quality management system, correctly operate and maintain the test equipment, correctly dispose the samples in the test process, and comply with the laboratory 5S management requirements to ensure the safety in the test process
Responsible for assisting the daily management of the laboratory
Qualifications
Bachelor’s degree or above, with battery safety testing experience, education requirements can be relaxed
More than one year working experience in lithium battery related industry
Experience in lithium battery testing is preferred
Have strong learning ability and practical ability, can operate related test equipment independently
Have good professional quality, no legal disputes, no bad hobbies",SES AI,Test Engineer,"Shanghai, China",Software/Cloud,,Bachelor,Not specified,,,25,,,
SES AI,sesai,Cathode Electrode Engineer,Shanghai,"&lt;p&gt;Cathode Electrode Engineer&lt;/p&gt;
&lt;p&gt;&amp;nbsp;&lt;/p&gt;
&lt;p&gt;Responsibilities&lt;/p&gt;
&lt;ul&gt;
&lt;li&gt;Locate/evaluate candidate Cathode Materials for high energy cell design, Anode will be a Li Metal coated on Cu foil&lt;/li&gt;
&lt;li&gt;Cathode materials development &amp;amp; evaluation experience; High Ni centent NCM series, NCA series, and NCMA, LFP &amp;amp; LFMP&lt;/li&gt;
&lt;li&gt;Locate/evaluate new cathode materials from various suppliers and run evaluation and screen process&amp;nbsp;&lt;/li&gt;
&lt;li&gt;Lead Cathode Electrode Design: optimum electrode formulation to meet the goal&lt;/li&gt;
&lt;li&gt;Cathode Electrode process to meet the design&lt;/li&gt;
&lt;li&gt;Assemble lithium metal coin and pouch cells and conduct testing with a focus on repeatability&lt;/li&gt;
&lt;li&gt;Perform crystal structure, microstructure, particle size, voltammetry, impedance spectroscopy, cycle life testing, and reliability tests to understand, and improve the performance&lt;/li&gt;
&lt;li&gt;Electrochemical tests skills such current, voltage, CV, impedance, GITT&lt;/li&gt;
&lt;li&gt;Knowledge and test skills of SEM, XRD, Particle size determination&lt;/li&gt;
&lt;/ul&gt;
&lt;p&gt;&amp;nbsp;&lt;/p&gt;
&lt;p&gt;Qualifications&lt;/p&gt;
&lt;ul&gt;
&lt;li&gt;MS in materials science, chemical engineering, chemistry, or a related field with focus on electrochemistry, material science or related field.&lt;/li&gt;
&lt;li&gt;Knowledge and understanding of lithium ion battery technologies including cathode material selection and synthesis, electrode fabrication, cell design, cell assembly, testing and failure mode analysis. Lithium Metal Battery experience is plus.&lt;/li&gt;
&lt;li&gt;Skills of testing coin and pouch cells&lt;/li&gt;
&lt;li&gt;Knowledge of Cathode Material Mass Production Experience is plus&lt;/li&gt;
&lt;li&gt;Knowledge of solid electrolyte material thermal processing and experience with solid state battery development is plus.&lt;/li&gt;
&lt;li&gt;The candidate must have strong analytical and problem-solving skills and must be able to design and conduct complex experiments, employing DOE approach to interpret and correlate experimental results with battery product performance.&lt;/li&gt;
&lt;li&gt;Desire to learn experimental and analytical techniques.&lt;/li&gt;
&lt;li&gt;A good oral and written communication skills and ability to work as a team player in a multi-functional environment.&lt;/li&gt;
&lt;/ul&gt;
&lt;p&gt;&amp;nbsp;&lt;/p&gt;",https://boards.greenhouse.io/sesai/jobs/4186798005?gh_jid=4186798005,2023-01-16T13:53:17-05:00,2026-06-22T13:14:30-04:00,False,greenhouse_api,2026-08-12,"Cathode Electrode Engineer
Responsibilities
Locate/evaluate candidate Cathode Materials for high energy cell design, Anode will be a Li Metal coated on Cu foil
Cathode materials development & evaluation experience; High Ni centent NCM series, NCA series, and NCMA, LFP & LFMP
Locate/evaluate new cathode materials from various suppliers and run evaluation and screen process
Lead Cathode Electrode Design: optimum electrode formulation to meet the goal
Cathode Electrode process to meet the design
Assemble lithium metal coin and pouch cells and conduct testing with a focus on repeatability
Perform crystal structure, microstructure, particle size, voltammetry, impedance spectroscopy, cycle life testing, and reliability tests to understand, and improve the performance
Electrochemical tests skills such current, voltage, CV, impedance, GITT
Knowledge and test skills of SEM, XRD, Particle size determination
Qualifications
MS in materials science, chemical engineering, chemistry, or a related field with focus on electrochemistry, material science or related field.
Knowledge and understanding of lithium ion battery technologies including cathode material selection and synthesis, electrode fabrication, cell design, cell assembly, testing and failure mode analysis. Lithium Metal Battery experience is plus.
Skills of testing coin and pouch cells
Knowledge of Cathode Material Mass Production Experience is plus
Knowledge of solid electrolyte material thermal processing and experience with solid state battery development is plus.
The candidate must have strong analytical and problem-solving skills and must be able to design and conduct complex experiments, employing DOE approach to interpret and correlate experimental results with battery product performance.
Desire to learn experimental and analytical techniques.
A good oral and written communication skills and ability to work as a team player in a multi-functional environment.",SES AI,Cathode Electrode Engineer,"Shanghai, China",Software/Cloud,,Not specified,Not specified,,,25,,,
SES AI,sesai,Electric Aerospace Product Systems Engineer,Shanghai,"&lt;p&gt;&lt;span style=&quot;text-decoration: underline;&quot;&gt;&lt;strong&gt;Electric Aerospace Product Systems Engineer&lt;/strong&gt;&lt;/span&gt;&lt;/p&gt;
&lt;p&gt;&amp;nbsp;&lt;/p&gt;
&lt;p&gt;&lt;span style=&quot;text-decoration: underline;&quot;&gt;&lt;strong&gt;Responsibilities&lt;/strong&gt;&lt;/span&gt;&lt;/p&gt;
&lt;ul&gt;
&lt;li&gt;
&lt;p&gt;Responsible for power battery safety analysis, identification of relevant system requirements, and completion of the formulation and discussion of power battery related technical standards&lt;/p&gt;
&lt;/li&gt;
&lt;li&gt;
&lt;p&gt;Write the data specification of power battery for airworthiness design, supported the compilation and review of power battery airworthiness forensic documents, and supported the docking work of power battery airworthiness certification&lt;/p&gt;
&lt;/li&gt;
&lt;li&gt;
&lt;p&gt;Responsible for power battery certification foundation determination, conformance method confirmation, conformance verification, conformance data compilation and other work, provide technical advice and guidance, extract and transmit airworthiness requirements and track implementation, ensure that product design, production, test, installation, test flight and other work meet airworthiness requirements&lt;/p&gt;
&lt;/li&gt;
&lt;li&gt;
&lt;p&gt;Responsible for the safety analysis of power battery at all stages, including the following tasks: power battery functional safety hazard analysis FHA, use fault tree FTA for power battery safety analysis PSSA SSA, common cause analysis CCA&lt;/p&gt;
&lt;/li&gt;
&lt;li&gt;
&lt;p&gt;Responsible for the review of power battery at each stage of research and development to ensure the safety level of products&lt;/p&gt;
&lt;/li&gt;
&lt;/ul&gt;
&lt;p&gt;&amp;nbsp;&lt;/p&gt;
&lt;p&gt;&lt;span style=&quot;text-decoration: underline;&quot;&gt;&lt;strong&gt;Qualifications&lt;/strong&gt;&lt;/span&gt;&lt;/p&gt;
&lt;ul&gt;
&lt;li&gt;
&lt;p&gt;Bachelor degree or above, major in airworthiness engineering, aeronautical engineering, system engineering or related&lt;/p&gt;
&lt;/li&gt;
&lt;li&gt;
&lt;p&gt;Experience in civil aircraft or system equipment R&amp;amp;D engineering or airworthiness forensics; familiar with the development process, technical standards and industrial specifications of civil aircraft products; experience in 23 or 27 aircraft airworthiness forensics or authorized representative qualification is preferred&lt;/p&gt;
&lt;/li&gt;
&lt;li&gt;
&lt;p&gt;Familiar with CAAC/FAA/EASA related airworthiness regulations, standards and management procedures, familiar with ARP4754A/4761 and DO-178/254/160 is preferred&lt;/p&gt;
&lt;/li&gt;
&lt;li&gt;
&lt;p&gt;Strong learning ability, proficient in English speaking, reading and writing&lt;/p&gt;
&lt;/li&gt;
&lt;li&gt;
&lt;p&gt;Strong project planning and management ability&lt;/p&gt;
&lt;/li&gt;
&lt;li&gt;
&lt;p&gt;Confident and modest, open-minded, rigorous, efficient and diligent, teamwork&lt;/p&gt;
&lt;/li&gt;
&lt;li&gt;
&lt;p&gt;Good English reading and writing ability and paper reading ability&lt;/p&gt;
&lt;/li&gt;
&lt;/ul&gt;
&lt;p&gt;&amp;nbsp;&lt;/p&gt;",https://boards.greenhouse.io/sesai/jobs/4186755005?gh_jid=4186755005,2023-01-16T13:58:06-05:00,2026-06-22T13:14:30-04:00,False,greenhouse_api,2026-08-12,"Electric Aerospace Product Systems Engineer
Responsibilities
Responsible for power battery safety analysis, identification of relevant system requirements, and completion of the formulation and discussion of power battery related technical standards
Write the data specification of power battery for airworthiness design, supported the compilation and review of power battery airworthiness forensic documents, and supported the docking work of power battery airworthiness certification
Responsible for power battery certification foundation determination, conformance method confirmation, conformance verification, conformance data compilation and other work, provide technical advice and guidance, extract and transmit airworthiness requirements and track implementation, ensure that product design, production, test, installation, test flight and other work meet airworthiness requirements
Responsible for the safety analysis of power battery at all stages, including the following tasks: power battery functional safety hazard analysis FHA, use fault tree FTA for power battery safety analysis PSSA SSA, common cause analysis CCA
Responsible for the review of power battery at each stage of research and development to ensure the safety level of products
Qualifications
Bachelor degree or above, major in airworthiness engineering, aeronautical engineering, system engineering or related
Experience in civil aircraft or system equipment R&D engineering or airworthiness forensics; familiar with the development process, technical standards and industrial specifications of civil aircraft products; experience in 23 or 27 aircraft airworthiness forensics or authorized representative qualification is preferred
Familiar with CAAC/FAA/EASA related airworthiness regulations, standards and management procedures, familiar with ARP4754A/4761 and DO-178/254/160 is preferred
Strong learning ability, proficient in English speaking, reading and writing
Strong project planning and management ability
Confident and modest, open-minded, rigorous, efficient and diligent, teamwork
Good English reading and writing ability and paper reading ability",SES AI,Electric Aerospace Product Systems Engineer,"Shanghai, China",Product/UX,,Bachelor,Fluent/Professional,,,25,,,
SES AI,sesai,BMS Application Software Engineer,Shanghai,"&lt;p&gt;&lt;span style=&quot;text-decoration: underline;&quot;&gt;&lt;strong&gt;BMS Application Software Engineer&lt;/strong&gt;&lt;/span&gt;&lt;/p&gt;
&lt;p&gt;&amp;nbsp;&lt;/p&gt;
&lt;p&gt;&lt;span style=&quot;text-decoration: underline;&quot;&gt;&lt;strong&gt;Responsibilities&lt;/strong&gt;&lt;/span&gt;&lt;/p&gt;
&lt;ul&gt;
&lt;li&gt;Responsible for APP software development and verification work of BMS and write the related documentations&lt;/li&gt;
&lt;li&gt;Analyst software requirements and software design, also module test and software integrate&lt;/li&gt;
&lt;li&gt;Develop and verify the function modules of BMS&lt;/li&gt;
&lt;li&gt;Close communication with project team&lt;/li&gt;
&lt;li&gt;Other job assigned by Department Manager&lt;/li&gt;
&lt;/ul&gt;
&lt;p&gt;&amp;nbsp;&lt;/p&gt;
&lt;p&gt;&lt;span style=&quot;text-decoration: underline;&quot;&gt;&lt;strong&gt;Qualifications&lt;/strong&gt;&lt;/span&gt;&lt;/p&gt;
&lt;ul&gt;
&lt;li&gt;Bachelor&#39;s degree or above in software engineering, Computer Science or related field&lt;/li&gt;
&lt;li&gt;5 years&#39; embedded software development experience, 3 year&#39;s lithium battery BMS development experience&lt;/li&gt;
&lt;li&gt;Good at model based developing and C language for embedded coder&lt;/li&gt;
&lt;li&gt;Familiar with SOC, SOH, SOE, SOF, insulation detection&lt;/li&gt;
&lt;li&gt;AutoSar , ISO26262 experience is much preferred&lt;/li&gt;
&lt;li&gt;Good English ability&lt;/li&gt;
&lt;/ul&gt;
&lt;p&gt;&amp;nbsp;&lt;/p&gt;",https://boards.greenhouse.io/sesai/jobs/4186771005?gh_jid=4186771005,2023-01-16T13:46:24-05:00,2026-06-22T13:14:30-04:00,False,greenhouse_api,2026-08-12,"BMS Application Software Engineer
Responsibilities
Responsible for APP software development and verification work of BMS and write the related documentations
Analyst software requirements and software design, also module test and software integrate
Develop and verify the function modules of BMS
Close communication with project team
Other job assigned by Department Manager
Qualifications
Bachelor's degree or above in software engineering, Computer Science or related field
5 years' embedded software development experience, 3 year's lithium battery BMS development experience
Good at model based developing and C language for embedded coder
Familiar with SOC, SOH, SOE, SOF, insulation detection
AutoSar , ISO26262 experience is much preferred
Good English ability",SES AI,BMS Application Software Engineer,"Shanghai, China",Software/Cloud,,Bachelor,Mentioned,,,25,,,
SES AI,sesai,Fixture Development Engineer,Shanghai,"&lt;p style=&quot;text-align: left;&quot;&gt;&lt;span style=&quot;text-decoration: underline;&quot;&gt;&lt;strong&gt;Fixture Development Engineer&lt;/strong&gt;&lt;/span&gt;&lt;/p&gt;
&lt;p style=&quot;text-align: left;&quot;&gt;&amp;nbsp;&lt;/p&gt;
&lt;p style=&quot;text-align: left;&quot;&gt;&lt;span style=&quot;text-decoration: underline;&quot;&gt;&lt;strong&gt;Responsibilities&lt;/strong&gt;&lt;/span&gt;&lt;/p&gt;
&lt;ul&gt;
&lt;li&gt;
&lt;p&gt;Responsible for docking with process engineers, designing and selecting new tooling and fixtures for production line&lt;/p&gt;
&lt;/li&gt;
&lt;li&gt;
&lt;p&gt;Responsible for technical proposal and technical review of fixture with suppliers&lt;/p&gt;
&lt;/li&gt;
&lt;li&gt;
&lt;p&gt;Responsible for the optimization and improvement of tooling and fixtures of the test line&lt;/p&gt;
&lt;/li&gt;
&lt;li&gt;
&lt;p&gt;Purchase management of equipment fixture&lt;/p&gt;
&lt;/li&gt;
&lt;li&gt;
&lt;p&gt;Complete other tasks assigned by superiors&lt;/p&gt;
&lt;/li&gt;
&lt;/ul&gt;
&lt;p&gt;&amp;nbsp;&lt;/p&gt;
&lt;p&gt;&lt;span style=&quot;text-decoration: underline;&quot;&gt;&lt;strong&gt;Qualifications&lt;/strong&gt;&lt;/span&gt;&lt;/p&gt;
&lt;ul&gt;
&lt;li&gt;
&lt;p&gt;Bachelor’s degree or above; Major in mechatronics, automation, mechanical design is preferred&lt;/p&gt;
&lt;/li&gt;
&lt;li&gt;
&lt;p&gt;Familiar with mechanical design and metal processing technology&lt;/p&gt;
&lt;/li&gt;
&lt;li&gt;
&lt;p&gt;More than 1 year experience in power battery module PACK fixture design&lt;/p&gt;
&lt;/li&gt;
&lt;li&gt;
&lt;p&gt;Proficient in AutoCAD, Pro-e, Solidworks and other design software&lt;/p&gt;
&lt;/li&gt;
&lt;li&gt;
&lt;p&gt;Understand the basic knowledge of electric control, pneumatic, hydraulic, etc&lt;/p&gt;
&lt;/li&gt;
&lt;/ul&gt;
&lt;p&gt;&amp;nbsp;&lt;/p&gt;",https://boards.greenhouse.io/sesai/jobs/4186693005?gh_jid=4186693005,2023-01-16T14:00:09-05:00,2026-06-22T13:14:30-04:00,False,greenhouse_api,2026-08-12,"Fixture Development Engineer
Responsibilities
Responsible for docking with process engineers, designing and selecting new tooling and fixtures for production line
Responsible for technical proposal and technical review of fixture with suppliers
Responsible for the optimization and improvement of tooling and fixtures of the test line
Purchase management of equipment fixture
Complete other tasks assigned by superiors
Qualifications
Bachelor’s degree or above; Major in mechatronics, automation, mechanical design is preferred
Familiar with mechanical design and metal processing technology
More than 1 year experience in power battery module PACK fixture design
Proficient in AutoCAD, Pro-e, Solidworks and other design software
Understand the basic knowledge of electric control, pneumatic, hydraulic, etc",SES AI,Fixture Development Engineer,"Shanghai, China",Software/Cloud,,Bachelor,Not specified,1.0,,25,,,
SES AI,sesai,Thermal Runaway Protection Engineer,Shanghai,"&lt;p&gt;&lt;span style=&quot;text-decoration: underline;&quot;&gt;&lt;strong&gt;Thermal Runaway Protection Engineer&lt;/strong&gt;&lt;/span&gt;&lt;/p&gt;
&lt;p&gt;&amp;nbsp;&lt;/p&gt;
&lt;p&gt;&lt;span style=&quot;text-decoration: underline;&quot;&gt;&lt;strong&gt;Responsibilities&lt;/strong&gt;&lt;/span&gt;&lt;/p&gt;
&lt;ul&gt;
&lt;li&gt;
&lt;p&gt;Responsible for simulation analysis and optimization design of power battery modules and system thermal runaway, thermal diffusion and exhaust&lt;/p&gt;
&lt;/li&gt;
&lt;li&gt;
&lt;p&gt;Responsible for the mining and application of new technologies, new materials and new processes for thermal runaway protection of battery packs and modules&lt;/p&gt;
&lt;/li&gt;
&lt;li&gt;
&lt;p&gt;Responsible for the development and optimization design of protective parts and materials for thermal runaway of battery packs and modules, to ensure that the thermal design can meet the needs of thermal runaway and thermal diffusion&lt;/p&gt;
&lt;/li&gt;
&lt;li&gt;
&lt;p&gt;Responsible for the simulation analysis and optimization design of battery pack system and module thermal management&lt;/p&gt;
&lt;/li&gt;
&lt;li&gt;
&lt;p&gt;Responsible for the design of power battery thermal safety related products, analysis of advantages and disadvantages of schemes, and verification of technical solutions&lt;/p&gt;
&lt;/li&gt;
&lt;li&gt;
&lt;p&gt;Responsible for the preparation of technical plans for thermal management and the output of relevant technical documents&lt;/p&gt;
&lt;/li&gt;
&lt;/ul&gt;
&lt;p&gt;&amp;nbsp;&lt;/p&gt;
&lt;p&gt;&lt;span style=&quot;text-decoration: underline;&quot;&gt;&lt;strong&gt;Qualifications&lt;/strong&gt;&lt;/span&gt;&lt;/p&gt;
&lt;ul&gt;
&lt;li&gt;
&lt;p&gt;Bachelor’s degree or above in Power Engineering, thermal engineering, fluid mechanics, vehicle engineering, machinery or related field&lt;/p&gt;
&lt;/li&gt;
&lt;li&gt;
&lt;p&gt;3 years or above experience in system design and simulation analysis of battery thermal management components, proficient in structural simulation or fluid simulation tools (Fluent, CFX, Star CCM+, etc.), capable of relevant simulation work&lt;/p&gt;
&lt;/li&gt;
&lt;li&gt;
&lt;p&gt;Familiar with the development of thermal management-related components, such as heat exchanger (liquid cooling plate), pipeline, heating components, sensors, fire insulation materials and other thermal management components design, selection and application experience&lt;/p&gt;
&lt;/li&gt;
&lt;li&gt;
&lt;p&gt;Independent and high quality project completion experience, foreign project experience is preferred&lt;/p&gt;
&lt;/li&gt;
&lt;li&gt;
&lt;p&gt;Work hard and flexible, careful and rigorous, have a sense of responsibility and good team spirit, pursue continuous progress&lt;/p&gt;
&lt;/li&gt;
&lt;/ul&gt;
&lt;p&gt;&amp;nbsp;&lt;/p&gt;",https://boards.greenhouse.io/sesai/jobs/4186690005?gh_jid=4186690005,2023-01-16T14:25:20-05:00,2026-06-22T13:14:30-04:00,False,greenhouse_api,2026-08-12,"Thermal Runaway Protection Engineer
Responsibilities
Responsible for simulation analysis and optimization design of power battery modules and system thermal runaway, thermal diffusion and exhaust
Responsible for the mining and application of new technologies, new materials and new processes for thermal runaway protection of battery packs and modules
Responsible for the development and optimization design of protective parts and materials for thermal runaway of battery packs and modules, to ensure that the thermal design can meet the needs of thermal runaway and thermal diffusion
Responsible for the simulation analysis and optimization design of battery pack system and module thermal management
Responsible for the design of power battery thermal safety related products, analysis of advantages and disadvantages of schemes, and verification of technical solutions
Responsible for the preparation of technical plans for thermal management and the output of relevant technical documents
Qualifications
Bachelor’s degree or above in Power Engineering, thermal engineering, fluid mechanics, vehicle engineering, machinery or related field
3 years or above experience in system design and simulation analysis of battery thermal management components, proficient in structural simulation or fluid simulation tools (Fluent, CFX, Star CCM+, etc.), capable of relevant simulation work
Familiar with the development of thermal management-related components, such as heat exchanger (liquid cooling plate), pipeline, heating components, sensors, fire insulation materials and other thermal management components design, selection and application experience
Independent and high quality project completion experience, foreign project experience is preferred
Work hard and flexible, careful and rigorous, have a sense of responsibility and good team spirit, pursue continuous progress",SES AI,Thermal Runaway Protection Engineer,"Shanghai, China",Software/Cloud,,Bachelor,Not specified,,,25,,,
AlphaGrep Securities,alphagrepsecurities,Risk Management,Shanghai,"&lt;p&gt;&lt;strong&gt;风险合规交易员&lt;/strong&gt;&lt;/p&gt;
&lt;p&gt;&lt;strong&gt;Risk &amp;amp; Compliance Trader&lt;/strong&gt;&lt;/p&gt;
&lt;p&gt;&lt;strong&gt;关于我们&lt;/strong&gt;&lt;strong&gt; &lt;/strong&gt;&lt;strong&gt;/ About Us &lt;/strong&gt;&lt;/p&gt;
&lt;p&gt;AlphaGrep 是一家全球领先的量化交易公司，专注于股票、商品、外汇及固定收益等资产的算法交易。我们在国际市场拥有显著份额，依托自主开发的超低延迟系统与严格的风控体系，持续构建高效能策略。&lt;/p&gt;
&lt;p&gt;AlphaGrep is a leading global quantitative trading firm specializing in algorithmic strategies across equities, commodities, FX, and fixed income. We hold significant market share internationally, powered by proprietary low-latency infrastructure and robust risk controls.&lt;/p&gt;
&lt;p&gt;AlphaGrep China 是专注于中国市场人民币资产管理的机构，服务对象涵盖机构投资人、家族办公室与高净值客户。我们深耕中国资本市场，涵盖股票及衍生品等多类资产，结合全球量化研究体系与本地实战经验，构建多元交易策略，致力于实现长期稳健增长。&lt;/p&gt;
&lt;p&gt;AlphaGrep China is a dedicated RMB asset management platform focused on the Chinese market, serving institutional investors, family offices, and high-net-worth individuals. We leverage deep expertise in China’s equity and derivatives markets, together with AlphaGrep’s global quantitative research capabilities, to deliver diversified strategies targeting long-term and stable returns.&lt;/p&gt;
&lt;p&gt;&amp;nbsp;&lt;/p&gt;
&lt;p&gt;&lt;strong&gt;岗&lt;/strong&gt;&lt;strong&gt;位&lt;/strong&gt;&lt;strong&gt;职责&lt;/strong&gt;&lt;strong&gt; &lt;/strong&gt;&lt;strong&gt;/ Responsibilities &lt;/strong&gt;&lt;/p&gt;
&lt;p&gt;&lt;strong&gt;交易风险识别与实时监控&lt;/strong&gt;&lt;/p&gt;
&lt;p&gt;对交易系统、交易指令及持仓状态进行全面监控；对异常交易行为进行及时识别与预警；结合市场环境（流动性、波动率、极端行情）动态评估策略运行风险，识别潜在风险。&lt;/p&gt;
&lt;p&gt;&lt;strong&gt;Trading Risk Identification &amp;amp; Real-Time Monitoring&lt;/strong&gt;&lt;/p&gt;
&lt;p&gt;Comprehensively monitor trading systems, trading instructions, and position status across all accounts and strategies. Identify and issue timely alerts for abnormal trading behaviors. Dynamically assess strategy-level risks by incorporating market conditions such as liquidity, volatility, and extreme market events, proactively identifying potential and emerging risks.&lt;/p&gt;
&lt;p&gt;&lt;strong&gt;风险干预与应急下单处置&lt;/strong&gt;&lt;/p&gt;
&lt;p&gt;在风险阈值触发或出现异常情况下，具备独立判断并执行风险干预措施的能力，包括但不限于暂停或限制策略交易、下调资金规模等；负责交易事故、市场极端波动等突发事件的应急下单及处置；与投研、风控团队高效协同，快速定位问题根因并修复。&lt;/p&gt;
&lt;p&gt;&lt;strong&gt;Risk Intervention &amp;amp; Emergency Order Execution&lt;/strong&gt;&lt;/p&gt;
&lt;p&gt;Independently evaluate risk situations and execute risk intervention measures when thresholds are breached or abnormalities occur. Handle emergency order execution and risk mitigation during trading incidents, system failures, or periods of extreme market volatility. Work closely with research, risk management teams to quickly identify root causes and drive effective remediation.&lt;/p&gt;
&lt;p&gt;&lt;strong&gt;交易复盘与风险分析&lt;/strong&gt;&lt;/p&gt;
&lt;p&gt;盘后完成交易与风险复盘，包括但不限于异常交易分析、风险触发原因与处置效果、改进建议与规则优化方向等；从实盘运行角度进行风控模型的优化。&lt;/p&gt;
&lt;p&gt;&lt;strong&gt;Post-Trade Review &amp;amp; Risk Analysis&lt;/strong&gt;&lt;/p&gt;
&lt;p&gt;Conduct post-trade and post-risk reviews. Continuously optimize risk control models and rules based on real trading performance and live execution feedback.&lt;/p&gt;
&lt;p&gt;&lt;strong&gt;系统与流程建设&lt;/strong&gt;&lt;/p&gt;
&lt;p&gt;参与交易风控系统、实时监控工具及自动化风控模块的设计；对接 ORS / RMS，推动风险识别与干预流程的标准化和自动化；&lt;/p&gt;
&lt;p&gt;&lt;strong&gt;System &amp;amp; Process Development&lt;/strong&gt;&lt;/p&gt;
&lt;p&gt;Participate in the design and enhancement of trading risk control systems, real-time monitoring tools, and automated risk management modules. Collaborate with ORS and RMS to standardize and automate risk identification, escalation, and intervention workflows.&lt;/p&gt;
&lt;p&gt;&amp;nbsp;&lt;/p&gt;
&lt;p&gt;&lt;strong&gt;任职要求&lt;/strong&gt;&lt;strong&gt; &lt;/strong&gt;&lt;strong&gt;/ Qualifications &lt;/strong&gt;&lt;/p&gt;
&lt;p&gt;国内外知名院校本科及以上学历，金融、统计、金融工程等相关专业优先。&lt;/p&gt;
&lt;p&gt;Bachelor’s degree or higher in Finance, Financial Engineering, Statistics, or a related quantitative field.&lt;/p&gt;
&lt;p&gt;有5年以上量化或大型金融机构交易经验。&lt;/p&gt;
&lt;p&gt;Five plus years of quantitative or large financial institution trading experience.&lt;/p&gt;
&lt;p&gt;熟悉股票、期货、期权等多类金融产品的交易机制与风险特征。&lt;/p&gt;
&lt;p&gt;Strong understanding of trading mechanisms and risk characteristics across multiple asset classes, including equities, futures, and options.&lt;/p&gt;
&lt;p&gt;具备强责任心和风险意识，原则性强，能够独立承担风控决策压力。&lt;/p&gt;
&lt;p&gt;Demonstrates a strong sense of responsibility and risk awareness, with high integrity and the ability to independently bear pressure related to risk control and decision-making.&lt;/p&gt;
&lt;p&gt;&amp;nbsp;&lt;/p&gt;
&lt;p&gt;&lt;strong&gt;加入我&lt;/strong&gt;&lt;strong&gt;们&lt;/strong&gt;&lt;strong&gt; / Why You Should Join Us &lt;/strong&gt;&lt;/p&gt;
&lt;p&gt;信任是团队协作的根基&lt;/p&gt;
&lt;p&gt;我们鼓励坦诚沟通与主动承担，让每一位成员都能在安全感中成长，自主决策、共同前行。这份信任源于彼此支持与并肩作战，是我们最珍贵的团队资产。&lt;/p&gt;
&lt;p&gt;Trust is the foundation of collaboration.&lt;/p&gt;
&lt;p&gt;We foster open communication and proactive ownership, empowering every team member to grow with a strong sense of security, make autonomous decisions, and move forward together. This trust—built through mutual support and shared commitment—is our most valued asset.&lt;/p&gt;
&lt;p&gt;优秀的团队成员，我们汇聚了工程师、数学家、统计学家，保持好奇心，乐在其中。&lt;/p&gt;
&lt;p&gt;Great People. We’re curious engineers, mathematicians, statisticians and like to have fun while achieving our goals.&lt;/p&gt;
&lt;p&gt;透明的组织架构，我们重视每一位成员的想法与贡献。&lt;/p&gt;
&lt;p&gt;Transparent Structure. Our employees know that we value their ideas and contributions.&lt;/p&gt;
&lt;p&gt;轻松的办公环境，无等级文化，常有团建、聚会与休闲活动。&lt;/p&gt;
&lt;p&gt;Relaxed Environment. Flat organization with yearly offsites, happy hours, and more.&lt;/p&gt;
&lt;p&gt;健康福利支持，健身补贴、零食饮品、充足年假。&lt;/p&gt;
&lt;p&gt;Health &amp;amp; Wellness Programs. Gym membership, stocked kitchen, and generous vacation.&lt;/p&gt;
&lt;p&gt;&amp;nbsp;&lt;/p&gt;
&lt;p&gt;&amp;nbsp;&lt;/p&gt;",https://job-boards.greenhouse.io/alphagrepsecurities/jobs/8380866002,2026-01-20T23:56:41-05:00,2026-01-21T03:19:02-05:00,False,greenhouse_api,2026-08-12,"风险合规交易员
Risk & Compliance Trader
关于我们
/ About Us
AlphaGrep 是一家全球领先的量化交易公司，专注于股票、商品、外汇及固定收益等资产的算法交易。我们在国际市场拥有显著份额，依托自主开发的超低延迟系统与严格的风控体系，持续构建高效能策略。
AlphaGrep is a leading global quantitative trading firm specializing in algorithmic strategies across equities, commodities, FX, and fixed income. We hold significant market share internationally, powered by proprietary low-latency infrastructure and robust risk controls.
AlphaGrep China 是专注于中国市场人民币资产管理的机构，服务对象涵盖机构投资人、家族办公室与高净值客户。我们深耕中国资本市场，涵盖股票及衍生品等多类资产，结合全球量化研究体系与本地实战经验，构建多元交易策略，致力于实现长期稳健增长。
AlphaGrep China is a dedicated RMB asset management platform focused on the Chinese market, serving institutional investors, family offices, and high-net-worth individuals. We leverage deep expertise in China’s equity and derivatives markets, together with AlphaGrep’s global quantitative research capabilities, to deliver diversified strategies targeting long-term and stable returns.
岗
位
职责
/ Responsibilities
交易风险识别与实时监控
对交易系统、交易指令及持仓状态进行全面监控；对异常交易行为进行及时识别与预警；结合市场环境（流动性、波动率、极端行情）动态评估策略运行风险，识别潜在风险。
Trading Risk Identification & Real-Time Monitoring
Comprehensively monitor trading systems, trading instructions, and position status across all accounts and strategies. Identify and issue timely alerts for abnormal trading behaviors. Dynamically assess strategy-level risks by incorporating market conditions such as liquidity, volatility, and extreme market events, proactively identifying potential and emerging risks.
风险干预与应急下单处置
在风险阈值触发或出现异常情况下，具备独立判断并执行风险干预措施的能力，包括但不限于暂停或限制策略交易、下调资金规模等；负责交易事故、市场极端波动等突发事件的应急下单及处置；与投研、风控团队高效协同，快速定位问题根因并修复。
Risk Intervention & Emergency Order Execution
Independently evaluate risk situations and execute risk intervention measures when thresholds are breached or abnormalities occur. Handle emergency order execution and risk mitigation during trading incidents, system failures, or periods of extreme market volatility. Work closely with research, risk management teams to quickly identify root causes and drive effective remediation.
交易复盘与风险分析
盘后完成交易与风险复盘，包括但不限于异常交易分析、风险触发原因与处置效果、改进建议与规则优化方向等；从实盘运行角度进行风控模型的优化。
Post-Trade Review & Risk Analysis
Conduct post-trade and post-risk reviews. Continuously optimize risk control models and rules based on real trading performance and live execution feedback.
系统与流程建设
参与交易风控系统、实时监控工具及自动化风控模块的设计；对接 ORS / RMS，推动风险识别与干预流程的标准化和自动化；
System & Process Development
Participate in the design and enhancement of trading risk control systems, real-time monitoring tools, and automated risk management modules. Collaborate with ORS and RMS to standardize and automate risk identification, escalation, and intervention workflows.
任职要求
/ Qualifications
国内外知名院校本科及以上学历，金融、统计、金融工程等相关专业优先。
Bachelor’s degree or higher in Finance, Financial Engineering, Statistics, or a related quantitative field.
有5年以上量化或大型金融机构交易经验。
Five plus years of quantitative or large financial institution trading experience.
熟悉股票、期货、期权等多类金融产品的交易机制与风险特征。
Strong understanding of trading mechanisms and risk characteristics across multiple asset classes, including equities, futures, and options.
具备强责任心和风险意识，原则性强，能够独立承担风控决策压力。
Demonstrates a strong sense of responsibility and risk awareness, with high integrity and the ability to independently bear pressure related to risk control and decision-making.
加入我
们
/ Why You Should Join Us
信任是团队协作的根基
我们鼓励坦诚沟通与主动承担，让每一位成员都能在安全感中成长，自主决策、共同前行。这份信任源于彼此支持与并肩作战，是我们最珍贵的团队资产。
Trust is the foundation of collaboration.
We foster open communication and proactive ownership, empowering every team member to grow with a strong sense of security, make autonomous decisions, and move forward together. This trust—built through mutual support and shared commitment—is our most valued asset.
优秀的团队成员，我们汇聚了工程师、数学家、统计学家，保持好奇心，乐在其中。
Great People. We’re curious engineers, mathematicians, statisticians and like to have fun while achieving our goals.
透明的组织架构，我们重视每一位成员的想法与贡献。
Transparent Structure. Our employees know that we value their ideas and contributions.
轻松的办公环境，无等级文化，常有团建、聚会与休闲活动。
Relaxed Environment. Flat organization with yearly offsites, happy hours, and more.
健康福利支持，健身补贴、零食饮品、充足年假。
Health & Wellness Programs. Gym membership, stocked kitchen, and generous vacation.",AlphaGrep Securities,Risk Management,Shanghai,Other,,Bachelor,Not specified,,,25,,,
Flexport,flexport,Product Data Analyst,Shanghai,"&lt;div class=&quot;content-intro&quot;&gt;&lt;h2&gt;&lt;strong&gt;About Flexport:&amp;nbsp;&lt;/strong&gt;&lt;/h2&gt;
&lt;p&gt;At Flexport, we believe global trade can move the human race forward. That’s why it’s our mission to make global commerce so easy there will be more of it. We’re shaping the future of a $10T industry with solutions powered by innovative technology and exceptional people. Today, companies of all sizes—from emerging brands to Fortune 500s—use Flexport technology to move more than $19B of merchandise across 112 countries a year.&amp;nbsp;&lt;/p&gt;
&lt;p&gt;The recent global supply chain crisis has put Flexport center stage as we continue to play a pivotal role in how goods move around the world. We are proud to have the support of the best investors in the game who believe in our mission, solutions and people. Ready to tackle global challenges that impact business, society, and the environment? Come join us.&lt;/p&gt;&lt;/div&gt;&lt;p&gt;About Flexport:&lt;/p&gt;
&lt;p&gt;&amp;nbsp;&lt;/p&gt;
&lt;p&gt;At Flexport, we believe global trade can move the human race forward. That’s why it’s our mission to make global commerce so easy there will be more of it. We’re shaping the future of a $8.6T industry with solutions powered by innovative technology and exceptional people. Today, companies of all sizes - from emerging brands to Fortune 500s - use Flexport technology to move more than $19B of merchandise across 112 countries a year.&lt;/p&gt;
&lt;p&gt;&amp;nbsp;&lt;/p&gt;
&lt;p&gt;The recent global supply chain crisis has put Flexport center stage as we continue to play a pivotal role in how goods move around the world. At a valuation of $8 billion, we’re experiencing record growth and are proud to have the support of the best investors in the game who believe in our mission, solutions and people. Ready to tackle global challenges that impact business, society, and the environment? Come join us.&lt;/p&gt;
&lt;p&gt;&amp;nbsp;&lt;/p&gt;
&lt;p&gt;Creating insights to revolutionize an industry!&lt;/p&gt;
&lt;p&gt;&amp;nbsp;&lt;/p&gt;
&lt;p&gt;The opportunity:&lt;/p&gt;
&lt;p&gt;&amp;nbsp;&lt;/p&gt;
&lt;p&gt;Fast, accurate insights are integral in allowing us to fulfill our mission of fixing the user experience in global trade. At Flexport you’ll conduct analyses that are at the forefront of reshaping the entire logistics &amp;amp; supply chain industries. You’ll work alongside self-starters interested in solving real-world problems and streamlining the inefficiencies in the complex global trade industry. You’ll have the opportunity to improve an industry by analyzing the new operating system for global trade.&lt;/p&gt;
&lt;p&gt;&amp;nbsp;&lt;/p&gt;
&lt;p&gt;You will:&lt;/p&gt;
&lt;p&gt;&amp;nbsp;&lt;/p&gt;
&lt;ul&gt;
&lt;li&gt;Flexport is a company that runs on data - you&#39;ll be transforming data into action by working cross-functionally with the entirety of Flexport.&lt;/li&gt;
&lt;li&gt;Meet with stakeholders - from business and product - to understand OKR requirements and convert them into analytical solutions&lt;/li&gt;
&lt;li&gt;Model new product analytics datasets built on our proprietary operations software to optimize growth strategies and cost reductions&lt;/li&gt;
&lt;li&gt;Improve operational and financial productivity across our business and software&lt;/li&gt;
&lt;li&gt;Rapid prototype new functionality via dashboards to enable new ways of working and discover best practices for workflow management across all of Flexport&#39;s departments;&lt;/li&gt;
&lt;li&gt;Contribute and grow the culture of excellence on our team by bringing processes and best practices to our group.&lt;/li&gt;
&lt;li&gt;Drive highly visible projects for Flexport&lt;/li&gt;
&lt;li&gt;Influence the roadmap for both the Data Analytics department and the stakeholders we support&lt;br&gt;&lt;br&gt;&lt;/li&gt;
&lt;/ul&gt;
&lt;p&gt;You should have:&lt;/p&gt;
&lt;p&gt;&amp;nbsp;&lt;/p&gt;
&lt;ul&gt;
&lt;li&gt;1-5 years of experience in a Data Analyst, BI Engineer, Product Analyst, or similar role&lt;/li&gt;
&lt;li&gt;Strong SQL fluency required – from building entire ERDs of tables containing complex logic to analyzing those datasets into consumable insights for the business.&lt;/li&gt;
&lt;li&gt;Experience ELT data modeling, especially with dbt (data build tool) is a plus; building analytical narratives using data visualizations (Looker is a plus)&lt;/li&gt;
&lt;li&gt;Executive communication skills and empathy to understand and discover business pain points and build solutions to improve the user experience at all levels of the global trade process&lt;/li&gt;
&lt;li&gt;Interest in optimizing operational productivity and measuring automation across our software and business processes&lt;/li&gt;
&lt;li&gt;familiarity with applied statistics and scripting languages like Python or R&lt;br&gt;&lt;br&gt;&lt;/li&gt;
&lt;/ul&gt;
&lt;p&gt;Worried about not having any logistics experience?&lt;/p&gt;
&lt;p&gt;&amp;nbsp;&lt;/p&gt;
&lt;p&gt;Don’t be! Our mission is to make global trade easy for everyone. That’s why it’s important to bring people from&lt;a href=&quot;https://www.flexport.com/careers/diversity-and-inclusion&quot;&gt; diverse backgrounds and experiences&lt;/a&gt; together with our industry veterans to help move the global logistics industry forward.&lt;/p&gt;
&lt;p&gt;&amp;nbsp;&lt;/p&gt;
&lt;p&gt;We know this industry is complex. That’s why we invest in education starting day one with Flexport Academy, a one week intensive onboarding program designed specifically to set every new Flexport employee up for success.&lt;/p&gt;&lt;div class=&quot;content-conclusion&quot;&gt;&lt;div id=&quot;1704749847.557549&quot; class=&quot;c-virtual_list__item&quot; data-qa=&quot;virtual-list-item&quot; data-item-key=&quot;1704749847.557549&quot;&gt;
&lt;div class=&quot;c-message_kit__background p-message_pane_message__message c-message_kit__message&quot; data-qa=&quot;message_container&quot; data-qa-unprocessed=&quot;false&quot; data-qa-placeholder=&quot;false&quot;&gt;
&lt;div class=&quot;c-message_kit__hover&quot; data-qa-hover=&quot;true&quot;&gt;
&lt;div class=&quot;c-message_kit__actions c-message_kit__actions--default&quot;&gt;
&lt;div class=&quot;c-message_kit__gutter&quot;&gt;
&lt;div class=&quot;c-message_kit__gutter__right&quot; data-qa=&quot;message_content&quot;&gt;
&lt;div class=&quot;c-message_kit__blocks c-message_kit__blocks--rich_text&quot;&gt;
&lt;div class=&quot;c-message__message_blocks c-message__message_blocks--rich_text&quot; data-qa=&quot;message-text&quot;&gt;
&lt;div class=&quot;p-block_kit_renderer&quot; data-qa=&quot;block-kit-renderer&quot;&gt;
&lt;div class=&quot;p-block_kit_renderer__block_wrapper p-block_kit_renderer__block_wrapper--first&quot;&gt;
&lt;div class=&quot;p-rich_text_block&quot;&gt;
&lt;h4&gt;Commitment to Equal Opportunity&lt;/h4&gt;
&lt;p&gt;At Flexport, our ability to fulfill our mission of making global commerce easy and accessible relies on having a diverse, dedicated and engaged workforce. All qualified applicants will receive consideration for employment regardless of race, color, religion, sex, national origin, age, physical and mental disability, health status, marital and family status, sexual orientation, gender identity and expression, military and veteran status, and any other characteristic protected by applicable law.&lt;/p&gt;
&lt;h4&gt;Global Data Privacy Notice for Job Candidates and Applicants&lt;/h4&gt;
&lt;p&gt;Depending on your location, the General Data Protection Regulation (GDPR) and California Consumer Privacy Act (CCPA) may regulate the way we manage the data of job applicants.&amp;nbsp;By submitting your application, you are agreeing to our use and processing of your data as required. Please see our Privacy Notice available at&amp;nbsp;&lt;a href=&quot;http://www.flexport.com/privacy&quot; target=&quot;_blank&quot; data-saferedirecturl=&quot;https://www.google.com/url?q=http://www.flexport.com/privacy&amp;amp;source=gmail&amp;amp;ust=1613840050053000&amp;amp;usg=AFQjCNHD63svlkD-hWHlGuGOM_bSYVrnpw&quot;&gt;www.flexport.com/privacy&lt;/a&gt;&amp;nbsp;for additional information.&lt;/p&gt;
&lt;/div&gt;
&lt;/div&gt;
&lt;/div&gt;
&lt;/div&gt;
&lt;/div&gt;
&lt;/div&gt;
&lt;/div&gt;
&lt;/div&gt;
&lt;/div&gt;
&lt;/div&gt;
&lt;/div&gt;&lt;/div&gt;",https://job-boards.greenhouse.io/flexport/jobs/8040985,2026-07-01T04:55:09-04:00,2026-07-09T19:28:21-04:00,False,greenhouse_api,2026-08-12,"About Flexport:
At Flexport, we believe global trade can move the human race forward. That’s why it’s our mission to make global commerce so easy there will be more of it. We’re shaping the future of a $10T industry with solutions powered by innovative technology and exceptional people. Today, companies of all sizes—from emerging brands to Fortune 500s—use Flexport technology to move more than $19B of merchandise across 112 countries a year.
The recent global supply chain crisis has put Flexport center stage as we continue to play a pivotal role in how goods move around the world. We are proud to have the support of the best investors in the game who believe in our mission, solutions and people. Ready to tackle global challenges that impact business, society, and the environment? Come join us.
About Flexport:
At Flexport, we believe global trade can move the human race forward. That’s why it’s our mission to make global commerce so easy there will be more of it. We’re shaping the future of a $8.6T industry with solutions powered by innovative technology and exceptional people. Today, companies of all sizes - from emerging brands to Fortune 500s - use Flexport technology to move more than $19B of merchandise across 112 countries a year.
The recent global supply chain crisis has put Flexport center stage as we continue to play a pivotal role in how goods move around the world. At a valuation of $8 billion, we’re experiencing record growth and are proud to have the support of the best investors in the game who believe in our mission, solutions and people. Ready to tackle global challenges that impact business, society, and the environment? Come join us.
Creating insights to revolutionize an industry!
The opportunity:
Fast, accurate insights are integral in allowing us to fulfill our mission of fixing the user experience in global trade. At Flexport you’ll conduct analyses that are at the forefront of reshaping the entire logistics & supply chain industries. You’ll work alongside self-starters interested in solving real-world problems and streamlining the inefficiencies in the complex global trade industry. You’ll have the opportunity to improve an industry by analyzing the new operating system for global trade.
You will:
Flexport is a company that runs on data - you'll be transforming data into action by working cross-functionally with the entirety of Flexport.
Meet with stakeholders - from business and product - to understand OKR requirements and convert them into analytical solutions
Model new product analytics datasets built on our proprietary operations software to optimize growth strategies and cost reductions
Improve operational and financial productivity across our business and software
Rapid prototype new functionality via dashboards to enable new ways of working and discover best practices for workflow management across all of Flexport's departments;
Contribute and grow the culture of excellence on our team by bringing processes and best practices to our group.
Drive highly visible projects for Flexport
Influence the roadmap for both the Data Analytics department and the stakeholders we support
You should have:
1-5 years of experience in a Data Analyst, BI Engineer, Product Analyst, or similar role
Strong SQL fluency required – from building entire ERDs of tables containing complex logic to analyzing those datasets into consumable insights for the business.
Experience ELT data modeling, especially with dbt (data build tool) is a plus; building analytical narratives using data visualizations (Looker is a plus)
Executive communication skills and empathy to understand and discover business pain points and build solutions to improve the user experience at all levels of the global trade process
Interest in optimizing operational productivity and measuring automation across our software and business processes
familiarity with applied statistics and scripting languages like Python or R
Worried about not having any logistics experience?
Don’t be! Our mission is to make global trade easy for everyone. That’s why it’s important to bring people from
diverse backgrounds and experiences
together with our industry veterans to help move the global logistics industry forward.
We know this industry is complex. That’s why we invest in education starting day one with Flexport Academy, a one week intensive onboarding program designed specifically to set every new Flexport employee up for success.
Commitment to Equal Opportunity
At Flexport, our ability to fulfill our mission of making global commerce easy and accessible relies on having a diverse, dedicated and engaged workforce. All qualified applicants will receive consideration for employment regardless of race, color, religion, sex, national origin, age, physical and mental disability, health status, marital and family status, sexual orientation, gender identity and expression, military and veteran status, and any other characteristic protected by applicable law.
Global Data Privacy Notice for Job Candidates and Applicants
Depending on your location, the General Data Protection Regulation (GDPR) and California Consumer Privacy Act (CCPA) may regulate the way we manage the data of job applicants. By submitting your application, you are agreeing to our use and processing of your data as required. Please see our Privacy Notice available at
www.flexport.com/privacy
for additional information.",Flexport,Product Data Analyst ,"Shanghai, China",Data/Analytics,Python; SQL; Data Analysis; Data Visualization,Not specified,Not specified,5.0,,18,Python; SQL,Data Analysis; Data Visualization,JD 明确要求约 5+ 年经验
AlphaGrep Securities,alphagrepsecurities,Low Latency Software Developer,Shanghai,"&lt;p&gt;&lt;span style=&quot;text-decoration: underline;&quot;&gt;&lt;strong&gt;About the Company:&lt;/strong&gt;&lt;/span&gt;&lt;/p&gt;
&lt;p&gt;AlphaGrep is a quantitative trading and investment firm founded in 2010. We are one of the largest firms by trading volume on Indian exchanges and have significant market shares on several large global exchanges as well. We use a disciplined and systematic quantitative approach to identify factors that consistently generate alpha. These factors are then coupled with our proprietary ultra-low latency trading systems and robust risk management to develop trading strategies across asset classes (equities, commodities, currencies, fixed income) that trade on global exchanges.&lt;/p&gt;
&lt;p&gt;&amp;nbsp;&lt;/p&gt;
&lt;p&gt;&lt;span style=&quot;text-decoration: underline;&quot;&gt;&lt;strong&gt;Responsibilities:&lt;/strong&gt;&lt;/span&gt;&lt;/p&gt;
&lt;p&gt;&lt;span style=&quot;font-weight: 400;&quot;&gt;AlphaGrep Securities seeks a Software Developer who will be part of our infrastructure development group based in Shanghai and help them design in – house trading applications which are robust and extremely fast.&amp;nbsp;&lt;/span&gt;&lt;/p&gt;
&lt;ul&gt;
&lt;li style=&quot;font-weight: 400;&quot;&gt;&lt;span style=&quot;font-weight: 400;&quot;&gt;Design, develop and test proprietary software. Examples include:&lt;/span&gt;
&lt;ul&gt;
&lt;li style=&quot;font-weight: 400;&quot;&gt;&lt;span style=&quot;font-weight: 400;&quot;&gt;Trading strategy simulation software optimized for distributed computation&lt;/span&gt;&lt;/li&gt;
&lt;li style=&quot;font-weight: 400;&quot;&gt;&lt;span style=&quot;font-weight: 400;&quot;&gt;Large scale data acquisition, storage, accessibility, and visualization&lt;/span&gt;&lt;/li&gt;
&lt;li style=&quot;font-weight: 400;&quot;&gt;&lt;span style=&quot;font-weight: 400;&quot;&gt;Real time trade management and risk analysis&lt;/span&gt;&lt;/li&gt;
&lt;/ul&gt;
&lt;/li&gt;
&lt;li style=&quot;font-weight: 400;&quot;&gt;&lt;span style=&quot;font-weight: 400;&quot;&gt;Identify innovative solutions to complex problems and advocate for their implementation to your team by communicating your ideas in a clear and concise manner&lt;/span&gt;&lt;/li&gt;
&lt;li style=&quot;font-weight: 400;&quot;&gt;&lt;span style=&quot;font-weight: 400;&quot;&gt;Collaborate with other software developers, quantitative traders and researchers in cross-functional team environments&lt;/span&gt;&lt;/li&gt;
&lt;/ul&gt;
&lt;p&gt;&amp;nbsp;&lt;/p&gt;
&lt;p&gt;&lt;span style=&quot;text-decoration: underline;&quot;&gt;&lt;strong&gt;Qualifications:&lt;/strong&gt;&lt;/span&gt;&lt;/p&gt;
&lt;ul&gt;
&lt;li style=&quot;font-weight: 400;&quot;&gt;&lt;span style=&quot;font-weight: 400;&quot;&gt;2+ years of hands-on Software Development experience in C++&lt;/span&gt;&lt;/li&gt;
&lt;li style=&quot;font-weight: 400;&quot;&gt;&lt;span style=&quot;font-weight: 400;&quot;&gt;A strong understanding of object-oriented design, data structures and algorithms&lt;/span&gt;&lt;/li&gt;
&lt;li style=&quot;font-weight: 400;&quot;&gt;&lt;span style=&quot;font-weight: 400;&quot;&gt;Brilliant problem-solving abilities&lt;/span&gt;&lt;/li&gt;
&lt;li style=&quot;font-weight: 400;&quot;&gt;&lt;span style=&quot;font-weight: 400;&quot;&gt;Exposure to network programming (TCP/IP), multi‐threaded applications, computational intelligence and real‐time programming&amp;nbsp;&lt;/span&gt;&lt;/li&gt;
&lt;li style=&quot;font-weight: 400;&quot;&gt;&lt;span style=&quot;font-weight: 400;&quot;&gt;A passion for new technologies and ideas&lt;/span&gt;&lt;/li&gt;
&lt;li style=&quot;font-weight: 400;&quot;&gt;&lt;span style=&quot;font-weight: 400;&quot;&gt;The ability to manage multiple tasks in a fast-paced environment&lt;/span&gt;&lt;/li&gt;
&lt;li style=&quot;font-weight: 400;&quot;&gt;&lt;span style=&quot;font-weight: 400;&quot;&gt;Strong communication skills&lt;/span&gt;&lt;/li&gt;
&lt;li style=&quot;font-weight: 400;&quot;&gt;&lt;span style=&quot;font-weight: 400;&quot;&gt;A working knowledge of Linux/Unix&lt;/span&gt;&lt;/li&gt;
&lt;/ul&gt;
&lt;p&gt;&amp;nbsp;&lt;/p&gt;
&lt;p&gt;&lt;span style=&quot;text-decoration: underline;&quot;&gt;&lt;strong&gt;Why You Should Join Us:&lt;/strong&gt;&lt;/span&gt;&lt;span style=&quot;font-weight: 400;&quot;&gt;&lt;br&gt;&lt;/span&gt;&lt;/p&gt;
&lt;ul&gt;
&lt;li style=&quot;font-weight: 400;&quot;&gt;&lt;strong&gt;Great People.&lt;/strong&gt;&lt;span style=&quot;font-weight: 400;&quot;&gt;&amp;nbsp;We&#39;re curious engineers, mathematicians, statisticians and like to have fun while achieving our goals&lt;/span&gt;&lt;/li&gt;
&lt;li style=&quot;font-weight: 400;&quot;&gt;&lt;strong&gt;Transparent Structure.&lt;/strong&gt;&lt;span style=&quot;font-weight: 400;&quot;&gt;&amp;nbsp;Our employees know that we value their ideas and contributions&lt;/span&gt;&lt;/li&gt;
&lt;li style=&quot;font-weight: 400;&quot;&gt;&lt;strong&gt;Relaxed Environment.&lt;/strong&gt;&lt;span style=&quot;font-weight: 400;&quot;&gt;&amp;nbsp;We have a flat organizational structure with frequent activities for all employees such as yearly offsites, happy hours, corporate sports teams, etc.&lt;/span&gt;&lt;/li&gt;
&lt;li style=&quot;font-weight: 400;&quot;&gt;&lt;strong&gt;Health &amp;amp; Wellness Programs.&lt;/strong&gt;&lt;span style=&quot;font-weight: 400;&quot;&gt;&amp;nbsp;We believe that a balanced employee is more productive. A stocked kitchen, gym membership and generous vacation package are just some of the perks that we offer our employees&lt;/span&gt;&lt;/li&gt;
&lt;/ul&gt;",https://job-boards.greenhouse.io/alphagrepsecurities/jobs/4701918002,2020-04-22T05:12:49-04:00,2026-04-09T04:16:01-04:00,False,greenhouse_api,2026-08-12,"About the Company:
AlphaGrep is a quantitative trading and investment firm founded in 2010. We are one of the largest firms by trading volume on Indian exchanges and have significant market shares on several large global exchanges as well. We use a disciplined and systematic quantitative approach to identify factors that consistently generate alpha. These factors are then coupled with our proprietary ultra-low latency trading systems and robust risk management to develop trading strategies across asset classes (equities, commodities, currencies, fixed income) that trade on global exchanges.
Responsibilities:
AlphaGrep Securities seeks a Software Developer who will be part of our infrastructure development group based in Shanghai and help them design in – house trading applications which are robust and extremely fast.
Design, develop and test proprietary software. Examples include:
Trading strategy simulation software optimized for distributed computation
Large scale data acquisition, storage, accessibility, and visualization
Real time trade management and risk analysis
Identify innovative solutions to complex problems and advocate for their implementation to your team by communicating your ideas in a clear and concise manner
Collaborate with other software developers, quantitative traders and researchers in cross-functional team environments
Qualifications:
2+ years of hands-on Software Development experience in C++
A strong understanding of object-oriented design, data structures and algorithms
Brilliant problem-solving abilities
Exposure to network programming (TCP/IP), multi‐threaded applications, computational intelligence and real‐time programming
A passion for new technologies and ideas
The ability to manage multiple tasks in a fast-paced environment
Strong communication skills
A working knowledge of Linux/Unix
Why You Should Join Us:
Great People.
We're curious engineers, mathematicians, statisticians and like to have fun while achieving our goals
Transparent Structure.
Our employees know that we value their ideas and contributions
Relaxed Environment.
We have a flat organizational structure with frequent activities for all employees such as yearly offsites, happy hours, corporate sports teams, etc.
Health & Wellness Programs.
We believe that a balanced employee is more productive. A stocked kitchen, gym membership and generous vacation package are just some of the perks that we offer our employees",AlphaGrep Securities,Low Latency Software Developer,Shanghai,Software/Cloud,Linux,Not specified,Not specified,,,15,,Linux,
SES AI,sesai,Project Quality Engineer,Shanghai,"&lt;p&gt;&lt;span style=&quot;text-decoration: underline;&quot;&gt;&lt;strong&gt;Project Quality Engineer&lt;/strong&gt;&lt;/span&gt;&lt;/p&gt;
&lt;p&gt;&amp;nbsp;&lt;/p&gt;
&lt;p&gt;&lt;span style=&quot;text-decoration: underline;&quot;&gt;&lt;strong&gt;Responsibilities&lt;/strong&gt;&lt;/span&gt;&lt;/p&gt;
&lt;ul&gt;
&lt;li&gt;
&lt;p&gt;Responsible for establishing and improving the APQP requirements of the project, implementing APQP control in each stage of the project, and ensuring the development quality of cells, modules and packs&lt;/p&gt;
&lt;/li&gt;
&lt;li&gt;
&lt;p&gt;Responsible for planning project quality objectives and reliability objectives, and implementing them at all stages of the project&lt;/p&gt;
&lt;/li&gt;
&lt;li&gt;
&lt;p&gt;Communicated with each business manager within the project team, decomposed and implemented the after-sales quality target&lt;/p&gt;
&lt;/li&gt;
&lt;li&gt;
&lt;p&gt;Responsible for establishing the passing conditions of each project node, carrying out the completion review, and exporting the quality opinions during the project node&lt;/p&gt;
&lt;/li&gt;
&lt;li&gt;
&lt;p&gt;Fully responsible for the quality of the project life cycle, ensure that the project research and development process is under control, promote the analysis and solution of the trial-production, experimental quality problems and after-sales problems of each project&lt;/p&gt;
&lt;/li&gt;
&lt;li&gt;
&lt;p&gt;Summary of project quality experience&lt;/p&gt;
&lt;/li&gt;
&lt;/ul&gt;
&lt;p&gt;&amp;nbsp;&lt;/p&gt;
&lt;p&gt;&lt;span style=&quot;text-decoration: underline;&quot;&gt;&lt;strong&gt;Qualifications&lt;/strong&gt;&lt;/span&gt;&lt;/p&gt;
&lt;ul&gt;
&lt;li&gt;
&lt;p&gt;Bachelor’s degree or above, CET-4 or above, good English communication and coordination skills&lt;/p&gt;
&lt;/li&gt;
&lt;li&gt;
&lt;p&gt;More than 2 years of battery research and development projects, quality management and process management; At least 1 year R&amp;amp;D project management experience in related industry&lt;/p&gt;
&lt;/li&gt;
&lt;li&gt;
&lt;p&gt;Have the ability of quality system review and on-site audit, and can independently issue audit report&lt;/p&gt;
&lt;/li&gt;
&lt;li&gt;
&lt;p&gt;Strong communication skills, organization and coordination skills&lt;/p&gt;
&lt;/li&gt;
&lt;li&gt;
&lt;p&gt;Familiar with quality management system, quality management process and common quality management tools and analysis methods&lt;/p&gt;
&lt;/li&gt;
&lt;/ul&gt;
&lt;p&gt;&amp;nbsp;&lt;/p&gt;",https://boards.greenhouse.io/sesai/jobs/4188007005?gh_jid=4188007005,2023-01-19T12:39:50-05:00,2026-06-22T13:14:30-04:00,False,greenhouse_api,2026-08-12,"Project Quality Engineer
Responsibilities
Responsible for establishing and improving the APQP requirements of the project, implementing APQP control in each stage of the project, and ensuring the development quality of cells, modules and packs
Responsible for planning project quality objectives and reliability objectives, and implementing them at all stages of the project
Communicated with each business manager within the project team, decomposed and implemented the after-sales quality target
Responsible for establishing the passing conditions of each project node, carrying out the completion review, and exporting the quality opinions during the project node
Fully responsible for the quality of the project life cycle, ensure that the project research and development process is under control, promote the analysis and solution of the trial-production, experimental quality problems and after-sales problems of each project
Summary of project quality experience
Qualifications
Bachelor’s degree or above, CET-4 or above, good English communication and coordination skills
More than 2 years of battery research and development projects, quality management and process management; At least 1 year R&D project management experience in related industry
Have the ability of quality system review and on-site audit, and can independently issue audit report
Strong communication skills, organization and coordination skills
Familiar with quality management system, quality management process and common quality management tools and analysis methods",SES AI,Project Quality Engineer,"Shanghai, China",Software/Cloud,Node.js,Bachelor,Mentioned,1.0,,15,,Node.js,
AlphaGrep Securities,alphagrepsecurities,Quantitative Researcher,Shanghai,"&lt;p&gt;&lt;span style=&quot;text-decoration: underline;&quot;&gt;&lt;strong&gt;About the Company:&lt;/strong&gt;&lt;/span&gt;&lt;/p&gt;
&lt;p&gt;AlphaGrep is a leading global quantitative trading firm specializing in algorithmic strategies across equities, commodities, FX, and fixed income. We hold significant market share internationally, powered by proprietary low-latency infrastructure and robust risk controls.&lt;/p&gt;
&lt;p&gt;AlphaGrep China is a dedicated RMB asset management platform focused on the Chinese market, serving institutional investors, family offices, and high-net-worth individuals. We leverage deep expertise in China’s equity and derivatives markets, together with AlphaGrep’s global quantitative research capabilities, to deliver diversified strategies targeting long-term and stable returns.&lt;/p&gt;
&lt;p style=&quot;line-height: 1.5;&quot;&gt;&lt;span style=&quot;text-decoration: underline;&quot;&gt;&lt;strong&gt;Responsibilities:&lt;/strong&gt;&lt;/span&gt;&lt;/p&gt;
&lt;ul&gt;
&lt;li&gt;Identify, maintain, and enhance trading strategies and business opportunities for our market making Algorithmic trading teams&lt;/li&gt;
&lt;li&gt;Analyze trading performance and financial time series data with fundamental statistical theories&lt;/li&gt;
&lt;li&gt;Use systematic and data-driven approach to automate trading strategies&lt;/li&gt;
&lt;li&gt;Financial model construction, back-testing, maintenance and improvement&lt;/li&gt;
&lt;li&gt;Collaborate cross-functionally with the technology team to understand, maintain, and improve our electronic trading system&lt;/li&gt;
&lt;li&gt;Ability to manage risk and detailed knowledge of all risk procedures&lt;/li&gt;
&lt;/ul&gt;
&lt;p style=&quot;line-height: 1.5;&quot;&gt;&amp;nbsp;&lt;/p&gt;
&lt;p style=&quot;line-height: 1.5;&quot;&gt;&lt;span style=&quot;text-decoration: underline;&quot;&gt;&lt;strong&gt;Qualifications:&lt;/strong&gt;&lt;/span&gt;&lt;/p&gt;
&lt;ul&gt;
&lt;li&gt;Bachelors/Masters/PhD in STEM field from top-tier institutes (a must)&lt;/li&gt;
&lt;li&gt;Familiarity with machine learning (a plus)&lt;/li&gt;
&lt;li&gt;Experience with data analysis, market research and data modelling (a plus)&lt;/li&gt;
&lt;li&gt;Brilliant problem-solving abilities&lt;/li&gt;
&lt;li&gt;Programming experience, preferably in C++, Python (a must)&lt;/li&gt;
&lt;li&gt;2+ years past industry experience&lt;/li&gt;
&lt;li&gt;A passion for new technologies and ideas&lt;/li&gt;
&lt;li&gt;The ability to manage multiple tasks in a fast-paced environment&lt;/li&gt;
&lt;li&gt;A working knowledge of Linux/Unix&lt;/li&gt;
&lt;/ul&gt;
&lt;p style=&quot;line-height: 1.5;&quot;&gt;&amp;nbsp;&lt;/p&gt;
&lt;p style=&quot;line-height: 1.5;&quot;&gt;&lt;span style=&quot;text-decoration: underline;&quot;&gt;&lt;strong&gt;Why You Should Join Us:&lt;/strong&gt;&lt;/span&gt;&lt;/p&gt;
&lt;ul&gt;
&lt;li style=&quot;line-height: 1.5;&quot;&gt;&lt;strong&gt;Great People.&lt;/strong&gt; We’re curious engineers, mathematicians, statisticians and like to have fun while achieving our goals.&lt;/li&gt;
&lt;li style=&quot;line-height: 1.5;&quot;&gt;&lt;strong&gt;Transparent Structure.&lt;/strong&gt; Our employees know that we value their ideas and contributions.&lt;/li&gt;
&lt;li style=&quot;line-height: 1.5;&quot;&gt;&lt;strong&gt;Relaxed Environment.&lt;/strong&gt; We have a flat organisational structure with frequent activities for all employees such as yearly off-sites, happy hours, corporate sports teams, etc.&lt;/li&gt;
&lt;li style=&quot;line-height: 1.5;&quot;&gt;&lt;strong&gt;Health &amp;amp; Wellness Programs.&lt;/strong&gt; We believe that a balanced employee is more productive. A stocked kitchen, gym membership and generous vacation package are just some of the perks that we offer our employees.&lt;/li&gt;
&lt;/ul&gt;",https://job-boards.greenhouse.io/alphagrepsecurities/jobs/5335169002,2021-07-14T04:17:58-04:00,2026-07-27T00:14:47-04:00,False,greenhouse_api,2026-08-12,"About the Company:
AlphaGrep is a leading global quantitative trading firm specializing in algorithmic strategies across equities, commodities, FX, and fixed income. We hold significant market share internationally, powered by proprietary low-latency infrastructure and robust risk controls.
AlphaGrep China is a dedicated RMB asset management platform focused on the Chinese market, serving institutional investors, family offices, and high-net-worth individuals. We leverage deep expertise in China’s equity and derivatives markets, together with AlphaGrep’s global quantitative research capabilities, to deliver diversified strategies targeting long-term and stable returns.
Responsibilities:
Identify, maintain, and enhance trading strategies and business opportunities for our market making Algorithmic trading teams
Analyze trading performance and financial time series data with fundamental statistical theories
Use systematic and data-driven approach to automate trading strategies
Financial model construction, back-testing, maintenance and improvement
Collaborate cross-functionally with the technology team to understand, maintain, and improve our electronic trading system
Ability to manage risk and detailed knowledge of all risk procedures
Qualifications:
Bachelors/Masters/PhD in STEM field from top-tier institutes (a must)
Familiarity with machine learning (a plus)
Experience with data analysis, market research and data modelling (a plus)
Brilliant problem-solving abilities
Programming experience, preferably in C++, Python (a must)
2+ years past industry experience
A passion for new technologies and ideas
The ability to manage multiple tasks in a fast-paced environment
A working knowledge of Linux/Unix
Why You Should Join Us:
Great People.
We’re curious engineers, mathematicians, statisticians and like to have fun while achieving our goals.
Transparent Structure.
Our employees know that we value their ideas and contributions.
Relaxed Environment.
We have a flat organisational structure with frequent activities for all employees such as yearly off-sites, happy hours, corporate sports teams, etc.
Health & Wellness Programs.
We believe that a balanced employee is more productive. A stocked kitchen, gym membership and generous vacation package are just some of the perks that we offer our employees.",AlphaGrep Securities,Quantitative Researcher,Shanghai,Data/AI,Python; Machine Learning; Linux; Data Analysis,Bachelor / Master / PhD,Not specified,,,14,Python,Data Analysis; Linux; Machine Learning,学历要求为 Bachelor / Master / PhD，当前学历层级为 Bachelor
WorldQuant,worldquant,Data Scientist,Beijing; Shanghai,"&lt;div class=&quot;content-intro&quot;&gt;&lt;p&gt;WorldQuant develops and deploys systematic financial strategies across a broad range of asset classes and global markets. We seek to produce high-quality predictive signals (alphas) through our proprietary research platform to employ financial strategies focused on market inefficiencies. Our teams work collaboratively to drive the production of alphas and financial strategies – the foundation of a balanced, global investment platform.&lt;/p&gt;
&lt;p&gt;WorldQuant is built on a culture that pairs academic sensibility with accountability for results. Employees are encouraged to think openly about problems, balancing intellectualism and practicality. Excellent ideas come from anyone, anywhere. Employees are encouraged to challenge conventional thinking and possess an attitude of continuous improvement.&lt;/p&gt;
&lt;p&gt;Our goal is to hire the best and the brightest. We value intellectual horsepower first and foremost, and people who demonstrate an outstanding talent. There is no roadmap to future success, so we need people who can help us build it.&lt;/p&gt;&lt;/div&gt;&lt;h5&gt;&lt;span style=&quot;font-size: 10pt;&quot;&gt;THE ROLE 岗位职责:&amp;nbsp;&lt;/span&gt;&lt;/h5&gt;
&lt;p&gt;WorldQuant is seeking exceptional individuals to join the firm as a Data Scientist. While prior finance experience is not required, a successful candidate must possess a strong interest in learning about finance and global markets.&lt;/p&gt;
&lt;ul&gt;
&lt;li&gt;Perform analysis and generate models of financial datasets using machine learning techniques&lt;br&gt;运用机器学习的方法分析并构建金融数据模型&lt;/li&gt;
&lt;li&gt;Verify the integrity of unstructured data and turn data into potentially valuable insights&lt;br&gt;验证非结构化数据的价值并将数据转化成潜在的高质量的市场洞见&lt;/li&gt;
&lt;li&gt;Develop and create data that seek to predict the movement of financial market by applying variety of algorithmic techniques&lt;br&gt;应用各种算法技术开发并构建可尝试预测金融市场波动的数据&lt;/li&gt;
&lt;/ul&gt;
&lt;h5&gt;&lt;span style=&quot;font-size: 10pt;&quot;&gt;&lt;strong&gt;WHAT WE OFFER 你将会获得:&lt;/strong&gt;&lt;/span&gt;&lt;/h5&gt;
&lt;ul&gt;
&lt;li&gt;Competitive compensation&lt;br&gt;有竞争力的薪资&lt;/li&gt;
&lt;li&gt;Join our established mentoring program and receive one-on-one guidance by an accomplished advisor&amp;nbsp;&lt;br&gt;完善的导师培训机制、一对一师从资深从业者&lt;/li&gt;
&lt;li&gt;Develop a global vision with opportunities to exchange ideas with various teams in WorldQuant global offices.&lt;br&gt;国际化视野，与WorldQuant 全球各地多个团队共事、交流&lt;/li&gt;
&lt;li&gt;Flexibility of self-managed work progress, comfortable working environment, rich employee activities, and generous employee benefits&lt;br&gt;灵活自主安排工作进度，舒适的办公环境、丰富的员工活动及优渥的员工福利&lt;/li&gt;
&lt;/ul&gt;
&lt;h5&gt;&lt;span style=&quot;font-size: 10pt;&quot;&gt;&lt;strong&gt;WHAT YOU&#39;LL BRING 你需要具备:&lt;/strong&gt;&lt;/span&gt;&lt;/h5&gt;
&lt;ul&gt;
&lt;li&gt;Pursuing a B.S., M.S. or Ph.D. degree from a leading university in related fields (e.g. Electrical Engineering, Physics, Computer Science, Mathematics, Financial Engineering, Big Data)&lt;br&gt;正在攻读相关领域的本科、硕士或博士学位（例如电子工程，物理，计算机科学，数学，金融工程, 大数据等）&lt;/li&gt;
&lt;li&gt;Candidates should be graduating in 2026 or 2027&lt;br&gt;候选人需于2026年或2027年毕业&lt;/li&gt;
&lt;li&gt;Demonstrated ability of at least one programming language, e.g. C++, python, etc.; familiar with systems like Linux/Unix&lt;br&gt;熟练掌握至少一种编程语言，如C++、python等； 熟悉Linux/Unix等操作系统&lt;/li&gt;
&lt;li&gt;Research experience in NLP, Deep Learning is a plus&lt;br&gt;有自然语言处理、深度学习、人工智能等研究经验者优先&lt;/li&gt;
&lt;li&gt;Good English reading and writing skills&lt;br&gt;&lt;span style=&quot;font-size: 10pt;&quot;&gt;良好的英语读写能力&lt;/span&gt;&lt;/li&gt;
&lt;/ul&gt;
&lt;p&gt;&amp;nbsp;&lt;/p&gt;
&lt;p&gt;If any issues encountered accessing the online application webpage or if you have any questions, please mail your latest CV to or contact us at &lt;a href=&quot;mailto:WQBJQuantJobs@worldquant.com&quot;&gt;WQBJQuantJobs@worldquant.com&lt;/a&gt; &lt;br&gt;如无法浏览在线申请网页或您有任何疑问，请将您的简历或问题发送至 &lt;a href=&quot;mailto:WQBJQuantJobs@worldquant.com&quot;&gt;WQBJQuantJobs@worldquant.com&lt;/a&gt;&lt;/p&gt;
&lt;p&gt;The position is based in our research office in &lt;strong&gt;Beijing&lt;/strong&gt; or &lt;strong&gt;Shanghai&lt;/strong&gt;. &lt;br&gt;预期工作地点为&lt;strong&gt;北京&lt;/strong&gt;或&lt;strong&gt;上海&lt;/strong&gt;的研究办公室。&lt;/p&gt;
&lt;p&gt;&amp;nbsp;&lt;/p&gt;
&lt;p&gt;&amp;nbsp;&lt;/p&gt;&lt;div class=&quot;content-conclusion&quot;&gt;&lt;p&gt;By submitting this application, you acknowledge and consent to terms of the &lt;a href=&quot;https://www.worldquant.com/privacy-policy/&quot; target=&quot;_blank&quot;&gt;WorldQuant Privacy Policy.&lt;/a&gt; The privacy policy offers an explanation of how and why your data will be collected, how it will be used and disclosed, how it will be retained and secured, and what legal rights are associated with that data (including the rights of access, correction, and deletion). The policy also describes legal and contractual limitations on these rights. The specific rights and obligations of individuals living and working in different areas may vary by jurisdiction.&lt;/p&gt;
&lt;p&gt;Copyright © 2025 WorldQuant, LLC. All Rights Reserved.&lt;br&gt;WorldQuant is an equal opportunity employer and does not discriminate in hiring on the basis of race, color, creed, religion, sex, sexual orientation or preference, age, marital status, citizenship, national origin, disability, military status, genetic predisposition or carrier status, or any other protected characteristic as established by applicable law.&lt;/p&gt;&lt;/div&gt;",https://job-boards.greenhouse.io/worldquant/jobs/4069487006,2023-08-22T07:47:21-04:00,2026-08-06T06:48:07-04:00,False,greenhouse_api,2026-08-12,"WorldQuant develops and deploys systematic financial strategies across a broad range of asset classes and global markets. We seek to produce high-quality predictive signals (alphas) through our proprietary research platform to employ financial strategies focused on market inefficiencies. Our teams work collaboratively to drive the production of alphas and financial strategies – the foundation of a balanced, global investment platform.
WorldQuant is built on a culture that pairs academic sensibility with accountability for results. Employees are encouraged to think openly about problems, balancing intellectualism and practicality. Excellent ideas come from anyone, anywhere. Employees are encouraged to challenge conventional thinking and possess an attitude of continuous improvement.
Our goal is to hire the best and the brightest. We value intellectual horsepower first and foremost, and people who demonstrate an outstanding talent. There is no roadmap to future success, so we need people who can help us build it.
THE ROLE 岗位职责:
WorldQuant is seeking exceptional individuals to join the firm as a Data Scientist. While prior finance experience is not required, a successful candidate must possess a strong interest in learning about finance and global markets.
Perform analysis and generate models of financial datasets using machine learning techniques
运用机器学习的方法分析并构建金融数据模型
Verify the integrity of unstructured data and turn data into potentially valuable insights
验证非结构化数据的价值并将数据转化成潜在的高质量的市场洞见
Develop and create data that seek to predict the movement of financial market by applying variety of algorithmic techniques
应用各种算法技术开发并构建可尝试预测金融市场波动的数据
WHAT WE OFFER 你将会获得:
Competitive compensation
有竞争力的薪资
Join our established mentoring program and receive one-on-one guidance by an accomplished advisor
完善的导师培训机制、一对一师从资深从业者
Develop a global vision with opportunities to exchange ideas with various teams in WorldQuant global offices.
国际化视野，与WorldQuant 全球各地多个团队共事、交流
Flexibility of self-managed work progress, comfortable working environment, rich employee activities, and generous employee benefits
灵活自主安排工作进度，舒适的办公环境、丰富的员工活动及优渥的员工福利
WHAT YOU'LL BRING 你需要具备:
Pursuing a B.S., M.S. or Ph.D. degree from a leading university in related fields (e.g. Electrical Engineering, Physics, Computer Science, Mathematics, Financial Engineering, Big Data)
正在攻读相关领域的本科、硕士或博士学位（例如电子工程，物理，计算机科学，数学，金融工程, 大数据等）
Candidates should be graduating in 2026 or 2027
候选人需于2026年或2027年毕业
Demonstrated ability of at least one programming language, e.g. C++, python, etc.; familiar with systems like Linux/Unix
熟练掌握至少一种编程语言，如C++、python等； 熟悉Linux/Unix等操作系统
Research experience in NLP, Deep Learning is a plus
有自然语言处理、深度学习、人工智能等研究经验者优先
Good English reading and writing skills
良好的英语读写能力
If any issues encountered accessing the online application webpage or if you have any questions, please mail your latest CV to or contact us at
WQBJQuantJobs@worldquant.com
如无法浏览在线申请网页或您有任何疑问，请将您的简历或问题发送至
WQBJQuantJobs@worldquant.com
The position is based in our research office in
Beijing
or
Shanghai
.
预期工作地点为
北京
或
上海
的研究办公室。
By submitting this application, you acknowledge and consent to terms of the
WorldQuant Privacy Policy.
The privacy policy offers an explanation of how and why your data will be collected, how it will be used and disclosed, how it will be retained and secured, and what legal rights are associated with that data (including the rights of access, correction, and deletion). The policy also describes legal and contractual limitations on these rights. The specific rights and obligations of individuals living and working in different areas may vary by jurisdiction.
Copyright © 2025 WorldQuant, LLC. All Rights Reserved.
WorldQuant is an equal opportunity employer and does not discriminate in hiring on the basis of race, color, creed, religion, sex, sexual orientation or preference, age, marital status, citizenship, national origin, disability, military status, genetic predisposition or carrier status, or any other protected characteristic as established by applicable law.",WorldQuant,Data Scientist,Beijing OR Shanghai,Data/AI,Python; Machine Learning; Deep Learning; NLP; Linux,Bachelor / Master / PhD,Mentioned,,2026; 2027,11,Python,Deep Learning; Linux; Machine Learning; NLP,学历要求为 Bachelor / Master / PhD，当前学历层级为 Bachelor
SES AI,sesai,Cell Engineer,Shanghai,"&lt;p&gt;&lt;span style=&quot;text-decoration: underline;&quot;&gt;&lt;strong&gt;Cell Engineer&lt;/strong&gt;&lt;/span&gt;&lt;/p&gt;
&lt;p&gt;&amp;nbsp;&lt;/p&gt;
&lt;p&gt;&lt;span style=&quot;text-decoration: underline;&quot;&gt;&lt;strong&gt;Responsibilities&lt;/strong&gt;&lt;/span&gt;&lt;/p&gt;
&lt;ul&gt;
&lt;li&gt;
&lt;p&gt;Participated in customer projects of power cell and promoted the development of customer projects&lt;/p&gt;
&lt;/li&gt;
&lt;li&gt;
&lt;p&gt;Responsible for preparation and follow-up of power cell samples, testing and communication, etc&lt;/p&gt;
&lt;/li&gt;
&lt;li&gt;
&lt;p&gt;Responsible for sorting out sample production data, test data, and writing technical reports and customer reports&lt;/p&gt;
&lt;/li&gt;
&lt;/ul&gt;
&lt;p&gt;&amp;nbsp;&lt;/p&gt;
&lt;p&gt;&lt;span style=&quot;text-decoration: underline;&quot;&gt;&lt;strong&gt;Qualifications&lt;/strong&gt;&lt;/span&gt;&lt;/p&gt;
&lt;ul&gt;
&lt;li&gt;
&lt;p&gt;Master’s degree or above, major in material, chemistry, mechanics, etc., experience in lithium-ion battery, solid state battery is preferred&lt;/p&gt;
&lt;/li&gt;
&lt;li&gt;
&lt;p&gt;More than 2 years of power cell project development experience, participate in the development of more than one power cell project; accept outstanding graduates&lt;/p&gt;
&lt;/li&gt;
&lt;li&gt;
&lt;p&gt;Familiar with the design or research and development of lithium-ion cell and solid cell&lt;/p&gt;
&lt;/li&gt;
&lt;li&gt;
&lt;p&gt;Fluency in English&lt;/p&gt;
&lt;/li&gt;
&lt;li&gt;
&lt;p&gt;Good team communication skills&lt;/p&gt;
&lt;/li&gt;
&lt;li&gt;Project management experience or ability is preferred&lt;/li&gt;
&lt;/ul&gt;
&lt;p&gt;&amp;nbsp;&lt;/p&gt;",https://boards.greenhouse.io/sesai/jobs/4185790005?gh_jid=4185790005,2023-01-16T13:56:09-05:00,2026-06-22T13:14:30-04:00,False,greenhouse_api,2026-08-12,"Cell Engineer
Responsibilities
Participated in customer projects of power cell and promoted the development of customer projects
Responsible for preparation and follow-up of power cell samples, testing and communication, etc
Responsible for sorting out sample production data, test data, and writing technical reports and customer reports
Qualifications
Master’s degree or above, major in material, chemistry, mechanics, etc., experience in lithium-ion battery, solid state battery is preferred
More than 2 years of power cell project development experience, participate in the development of more than one power cell project; accept outstanding graduates
Familiar with the design or research and development of lithium-ion cell and solid cell
Fluency in English
Good team communication skills
Project management experience or ability is preferred",SES AI,Cell Engineer,"Shanghai, China",Software/Cloud,,Master,Fluent/Professional,,,10,,,学历要求为 Master，当前学历层级为 Bachelor
Flexport,flexport,Ocean Operations Associate,Qingdao,"&lt;div class=&quot;content-intro&quot;&gt;&lt;h2&gt;&lt;strong&gt;About Flexport:&amp;nbsp;&lt;/strong&gt;&lt;/h2&gt;
&lt;p&gt;At Flexport, we believe global trade can move the human race forward. That’s why it’s our mission to make global commerce so easy there will be more of it. We’re shaping the future of a $10T industry with solutions powered by innovative technology and exceptional people. Today, companies of all sizes—from emerging brands to Fortune 500s—use Flexport technology to move more than $19B of merchandise across 112 countries a year.&amp;nbsp;&lt;/p&gt;
&lt;p&gt;The recent global supply chain crisis has put Flexport center stage as we continue to play a pivotal role in how goods move around the world. We are proud to have the support of the best investors in the game who believe in our mission, solutions and people. Ready to tackle global challenges that impact business, society, and the environment? Come join us.&lt;/p&gt;&lt;/div&gt;&lt;p&gt;&lt;strong&gt;The opportunity:&lt;/strong&gt;&lt;/p&gt;
&lt;p&gt;The role of the Ops Associate is a critical part of making Flexport’s mission to make global trade easy for everyone a reality. In this role, your direct customers are the partners within your region: our account management and customs teams, subcontractors, carriers, terminals and trucking providers. Your work directly supports Flexport’s end customers in achieving their logistics goals. Most importantly, you will play a pivotal role in building the next operational model at Flexport: allowing us to effectively scale to achieve our mission of making global trade easier for everyone.&lt;/p&gt;
&lt;p&gt;This role is designed to problem solve impactful operational challenges as part of our Global team while developing specialized expertise in supply chain operations. As the person who executes service delivery for our clients, you have the unique opportunity to help your regional account team spot opportunities to improve and grow our customers’ business. You will be charged with helping Flexport account management teams and clients solve exceptional challenges in order to move their shipments in less time with lower costs and via improved productivity by your team, unblocking issues and establishing procedures to prevent them in the future.&lt;/p&gt;
&lt;p&gt;&amp;nbsp;&lt;/p&gt;
&lt;p&gt;&lt;strong&gt;Scope of Duties:&lt;/strong&gt;&lt;/p&gt;
&lt;ul&gt;
&lt;li&gt;Execute booking and documentation processes with clients /carriers&lt;/li&gt;
&lt;li&gt;Timely shipment troubleshooting and exception escalation / handling&lt;/li&gt;
&lt;li&gt;Work intimately with Flexport AM, Planning team to ensure an effective end to end export process.&lt;/li&gt;
&lt;li&gt;Coach junior specialists on the daily job.&amp;nbsp;&lt;/li&gt;
&lt;li&gt;Plan and execute special freight operations (i.e. DG, reefer, etc).&amp;nbsp;&lt;/li&gt;
&lt;li&gt;Assist Sr. Associate on new business/process implementation, new projects and new tasks.&amp;nbsp;&lt;/li&gt;
&lt;li&gt;Support internal and external clients to make the best decision with your expertise;&lt;/li&gt;
&lt;li&gt;Live and act with integrity guided by the company values including sustaining a high bar for operational quality and service.&lt;/li&gt;
&lt;li&gt;Inform the business process and software capability needs to help scale our growing team while improving quality, service, efficiency and regulatory compliance.&lt;/li&gt;
&lt;li&gt;Contribute to the development and implementation of the procedure and system to differentiate Flexport operations from the industry.&lt;/li&gt;
&lt;/ul&gt;
&lt;p&gt;&amp;nbsp;&lt;/p&gt;
&lt;p&gt;&lt;strong&gt;What you will need:&amp;nbsp;&lt;/strong&gt;&lt;/p&gt;
&lt;p&gt;Experience:&lt;/p&gt;
&lt;ul&gt;
&lt;li&gt;BA/BS degree&amp;nbsp;&lt;/li&gt;
&lt;li&gt;Minimum 2 years of experience in logistics, freight forwarding, supply chain, ocean carrier operations, or consulting (ocean freight knowledge is a plus)&amp;nbsp;&lt;/li&gt;
&lt;/ul&gt;
&lt;p&gt;&amp;nbsp;&lt;/p&gt;
&lt;p&gt;&lt;strong&gt;What you will learn:&amp;nbsp;&lt;/strong&gt;&lt;/p&gt;
&lt;ul&gt;
&lt;li&gt;You will learn what it takes to lead small teams in the execution of day-to-day tactical tasks.&lt;/li&gt;
&lt;li&gt;You will learn how to thrive in an ambiguous environment, research and test operational hypotheses and inform the strategy of a newly built team.&lt;/li&gt;
&lt;/ul&gt;
&lt;ul&gt;
&lt;li&gt;You will gain specialist expertise to become an ocean or network operations and intermodal subject matter expert within the company. You are the leading advisor in this area, someone our clients, partners, and internal teams go to for advice and strategy.&lt;/li&gt;
&lt;li&gt;You will gain the ability to continuously improve the client experience through a deep industry understanding. You are singularly positioned to realize how we can both work within and push the logistics industry forward to meet the standards of Flexport’s client-centric service.&lt;/li&gt;
&lt;/ul&gt;&lt;div class=&quot;content-conclusion&quot;&gt;&lt;div id=&quot;1704749847.557549&quot; class=&quot;c-virtual_list__item&quot; data-qa=&quot;virtual-list-item&quot; data-item-key=&quot;1704749847.557549&quot;&gt;
&lt;div class=&quot;c-message_kit__background p-message_pane_message__message c-message_kit__message&quot; data-qa=&quot;message_container&quot; data-qa-unprocessed=&quot;false&quot; data-qa-placeholder=&quot;false&quot;&gt;
&lt;div class=&quot;c-message_kit__hover&quot; data-qa-hover=&quot;true&quot;&gt;
&lt;div class=&quot;c-message_kit__actions c-message_kit__actions--default&quot;&gt;
&lt;div class=&quot;c-message_kit__gutter&quot;&gt;
&lt;div class=&quot;c-message_kit__gutter__right&quot; data-qa=&quot;message_content&quot;&gt;
&lt;div class=&quot;c-message_kit__blocks c-message_kit__blocks--rich_text&quot;&gt;
&lt;div class=&quot;c-message__message_blocks c-message__message_blocks--rich_text&quot; data-qa=&quot;message-text&quot;&gt;
&lt;div class=&quot;p-block_kit_renderer&quot; data-qa=&quot;block-kit-renderer&quot;&gt;
&lt;div class=&quot;p-block_kit_renderer__block_wrapper p-block_kit_renderer__block_wrapper--first&quot;&gt;
&lt;div class=&quot;p-rich_text_block&quot;&gt;
&lt;h4&gt;Commitment to Equal Opportunity&lt;/h4&gt;
&lt;p&gt;At Flexport, our ability to fulfill our mission of making global commerce easy and accessible relies on having a diverse, dedicated and engaged workforce. All qualified applicants will receive consideration for employment regardless of race, color, religion, sex, national origin, age, physical and mental disability, health status, marital and family status, sexual orientation, gender identity and expression, military and veteran status, and any other characteristic protected by applicable law.&lt;/p&gt;
&lt;h4&gt;Global Data Privacy Notice for Job Candidates and Applicants&lt;/h4&gt;
&lt;p&gt;Depending on your location, the General Data Protection Regulation (GDPR) and California Consumer Privacy Act (CCPA) may regulate the way we manage the data of job applicants.&amp;nbsp;By submitting your application, you are agreeing to our use and processing of your data as required. Please see our Privacy Notice available at&amp;nbsp;&lt;a href=&quot;http://www.flexport.com/privacy&quot; target=&quot;_blank&quot; data-saferedirecturl=&quot;https://www.google.com/url?q=http://www.flexport.com/privacy&amp;amp;source=gmail&amp;amp;ust=1613840050053000&amp;amp;usg=AFQjCNHD63svlkD-hWHlGuGOM_bSYVrnpw&quot;&gt;www.flexport.com/privacy&lt;/a&gt;&amp;nbsp;for additional information.&lt;/p&gt;
&lt;/div&gt;
&lt;/div&gt;
&lt;/div&gt;
&lt;/div&gt;
&lt;/div&gt;
&lt;/div&gt;
&lt;/div&gt;
&lt;/div&gt;
&lt;/div&gt;
&lt;/div&gt;
&lt;/div&gt;&lt;/div&gt;",https://job-boards.greenhouse.io/flexport/jobs/8011890,2026-06-25T03:46:07-04:00,2026-07-09T19:28:21-04:00,False,greenhouse_api,2026-08-12,"About Flexport:
At Flexport, we believe global trade can move the human race forward. That’s why it’s our mission to make global commerce so easy there will be more of it. We’re shaping the future of a $10T industry with solutions powered by innovative technology and exceptional people. Today, companies of all sizes—from emerging brands to Fortune 500s—use Flexport technology to move more than $19B of merchandise across 112 countries a year.
The recent global supply chain crisis has put Flexport center stage as we continue to play a pivotal role in how goods move around the world. We are proud to have the support of the best investors in the game who believe in our mission, solutions and people. Ready to tackle global challenges that impact business, society, and the environment? Come join us.
The opportunity:
The role of the Ops Associate is a critical part of making Flexport’s mission to make global trade easy for everyone a reality. In this role, your direct customers are the partners within your region: our account management and customs teams, subcontractors, carriers, terminals and trucking providers. Your work directly supports Flexport’s end customers in achieving their logistics goals. Most importantly, you will play a pivotal role in building the next operational model at Flexport: allowing us to effectively scale to achieve our mission of making global trade easier for everyone.
This role is designed to problem solve impactful operational challenges as part of our Global team while developing specialized expertise in supply chain operations. As the person who executes service delivery for our clients, you have the unique opportunity to help your regional account team spot opportunities to improve and grow our customers’ business. You will be charged with helping Flexport account management teams and clients solve exceptional challenges in order to move their shipments in less time with lower costs and via improved productivity by your team, unblocking issues and establishing procedures to prevent them in the future.
Scope of Duties:
Execute booking and documentation processes with clients /carriers
Timely shipment troubleshooting and exception escalation / handling
Work intimately with Flexport AM, Planning team to ensure an effective end to end export process.
Coach junior specialists on the daily job.
Plan and execute special freight operations (i.e. DG, reefer, etc).
Assist Sr. Associate on new business/process implementation, new projects and new tasks.
Support internal and external clients to make the best decision with your expertise;
Live and act with integrity guided by the company values including sustaining a high bar for operational quality and service.
Inform the business process and software capability needs to help scale our growing team while improving quality, service, efficiency and regulatory compliance.
Contribute to the development and implementation of the procedure and system to differentiate Flexport operations from the industry.
What you will need:
Experience:
BA/BS degree
Minimum 2 years of experience in logistics, freight forwarding, supply chain, ocean carrier operations, or consulting (ocean freight knowledge is a plus)
What you will learn:
You will learn what it takes to lead small teams in the execution of day-to-day tactical tasks.
You will learn how to thrive in an ambiguous environment, research and test operational hypotheses and inform the strategy of a newly built team.
You will gain specialist expertise to become an ocean or network operations and intermodal subject matter expert within the company. You are the leading advisor in this area, someone our clients, partners, and internal teams go to for advice and strategy.
You will gain the ability to continuously improve the client experience through a deep industry understanding. You are singularly positioned to realize how we can both work within and push the logistics industry forward to meet the standards of Flexport’s client-centric service.
Commitment to Equal Opportunity
At Flexport, our ability to fulfill our mission of making global commerce easy and accessible relies on having a diverse, dedicated and engaged workforce. All qualified applicants will receive consideration for employment regardless of race, color, religion, sex, national origin, age, physical and mental disability, health status, marital and family status, sexual orientation, gender identity and expression, military and veteran status, and any other characteristic protected by applicable law.
Global Data Privacy Notice for Job Candidates and Applicants
Depending on your location, the General Data Protection Regulation (GDPR) and California Consumer Privacy Act (CCPA) may regulate the way we manage the data of job applicants. By submitting your application, you are agreeing to our use and processing of your data as required. Please see our Privacy Notice available at
www.flexport.com/privacy
for additional information.",Flexport,Ocean Operations Associate,"Qingdao, China",Business/Ops,,Bachelor,Not specified,2.0,,9,,,JD 明确要求约 2+ 年经验
SES AI,sesai,Process Engineer,Shanghai,"&lt;p&gt;&lt;span style=&quot;text-decoration: underline;&quot;&gt;&lt;strong&gt;Process Engineer&lt;/strong&gt;&lt;/span&gt;&lt;/p&gt;
&lt;p&gt;&amp;nbsp;&lt;/p&gt;
&lt;p&gt;&lt;span style=&quot;text-decoration: underline;&quot;&gt;&lt;strong&gt;Responsibilities&lt;/strong&gt;&lt;/span&gt;&lt;/p&gt;
&lt;ul&gt;
&lt;li&gt;
&lt;p&gt;Responsible for process support, process verification and optimization and promotion of process problems in the design and development phase of PACK project&lt;/p&gt;
&lt;/li&gt;
&lt;li&gt;
&lt;p&gt;Responsible for preparing product process documents (PFMEA, process flow chart, control plan, WI, etc.), proficient in PACK production process and key process control points&lt;/p&gt;
&lt;/li&gt;
&lt;li&gt;
&lt;p&gt;Provided technical support for production, formulated standard operation instructions for each process, and solved technical problems in the production process&lt;/p&gt;
&lt;/li&gt;
&lt;li&gt;
&lt;p&gt;In-depth technical exchanges on the production site, providing guidance for key parts and processes&lt;/p&gt;
&lt;/li&gt;
&lt;/ul&gt;
&lt;p&gt;&amp;nbsp;&lt;/p&gt;
&lt;p&gt;&lt;span style=&quot;text-decoration: underline;&quot;&gt;&lt;strong&gt;Qualifications&lt;/strong&gt;&lt;/span&gt;&lt;/p&gt;
&lt;ul&gt;
&lt;li&gt;
&lt;p&gt;Bachelor’s degree, major in mechatronics, electronics, electrical, process design&lt;/p&gt;
&lt;/li&gt;
&lt;li&gt;
&lt;p&gt;At least 2 years working experience in PACK assembly or lithium battery industry&lt;/p&gt;
&lt;/li&gt;
&lt;li&gt;
&lt;p&gt;Good at analyzing and solving problems, have good communication and coordination skills&lt;/p&gt;
&lt;/li&gt;
&lt;li&gt;
&lt;p&gt;Familiar with IATF16949 quality management system&lt;/p&gt;
&lt;/li&gt;
&lt;li&gt;
&lt;p&gt;Proficient in Office, AUTOCAD and other software&lt;/p&gt;
&lt;/li&gt;
&lt;li&gt;
&lt;p&gt;Have a certain ability to work under pressure, have a strong sense of team spirit and cooperation&lt;/p&gt;
&lt;/li&gt;
&lt;/ul&gt;
&lt;p&gt;&amp;nbsp;&lt;/p&gt;",https://boards.greenhouse.io/sesai/jobs/4186728005?gh_jid=4186728005,2023-01-16T14:03:52-05:00,2026-06-22T13:14:30-04:00,False,greenhouse_api,2026-08-12,"Process Engineer
Responsibilities
Responsible for process support, process verification and optimization and promotion of process problems in the design and development phase of PACK project
Responsible for preparing product process documents (PFMEA, process flow chart, control plan, WI, etc.), proficient in PACK production process and key process control points
Provided technical support for production, formulated standard operation instructions for each process, and solved technical problems in the production process
In-depth technical exchanges on the production site, providing guidance for key parts and processes
Qualifications
Bachelor’s degree, major in mechatronics, electronics, electrical, process design
At least 2 years working experience in PACK assembly or lithium battery industry
Good at analyzing and solving problems, have good communication and coordination skills
Familiar with IATF16949 quality management system
Proficient in Office, AUTOCAD and other software
Have a certain ability to work under pressure, have a strong sense of team spirit and cooperation",SES AI,Process Engineer,"Shanghai, China",Software/Cloud,,Bachelor,Not specified,2.0,,9,,,JD 明确要求约 2+ 年经验
Flexport,flexport,Ocean Operations Associate,Shanghai,"&lt;div class=&quot;content-intro&quot;&gt;&lt;h2&gt;&lt;strong&gt;About Flexport:&amp;nbsp;&lt;/strong&gt;&lt;/h2&gt;
&lt;p&gt;At Flexport, we believe global trade can move the human race forward. That’s why it’s our mission to make global commerce so easy there will be more of it. We’re shaping the future of a $10T industry with solutions powered by innovative technology and exceptional people. Today, companies of all sizes—from emerging brands to Fortune 500s—use Flexport technology to move more than $19B of merchandise across 112 countries a year.&amp;nbsp;&lt;/p&gt;
&lt;p&gt;The recent global supply chain crisis has put Flexport center stage as we continue to play a pivotal role in how goods move around the world. We are proud to have the support of the best investors in the game who believe in our mission, solutions and people. Ready to tackle global challenges that impact business, society, and the environment? Come join us.&lt;/p&gt;&lt;/div&gt;&lt;h1&gt;&lt;strong&gt;Ocean Operations Associate&lt;/strong&gt;&lt;/h1&gt;
&lt;p&gt;&amp;nbsp;&lt;/p&gt;
&lt;p&gt;At Flexport, we believe global trade can move the human race forward. That’s why it’s our mission to make global commerce so easy there will be more of it. We’re shaping the future of a $10T industry with solutions powered by innovative technology and exceptional people. Today, companies of all sizes—from emerging brands to Fortune 500s—use Flexport technology to move more than $19B of merchandise across 112 countries a year.&amp;nbsp;&lt;/p&gt;
&lt;p&gt;The recent global supply chain crisis has put Flexport center stage as we continue to play a pivotal role in how goods move around the world. We are proud to have the support of the best investors in the game who believe in our mission, solutions and people. Ready to tackle global challenges that impact business, society, and the environment? Come join us.&lt;/p&gt;
&lt;p&gt;&amp;nbsp;&lt;/p&gt;
&lt;p&gt;&amp;nbsp;&lt;strong&gt;The opportunity:&lt;/strong&gt;&lt;/p&gt;
&lt;p&gt;The role of the Ops Associate is a critical part of making Flexport’s mission to make global trade easy for everyone a reality. In this role, your direct customers are the partners within your region: our account management and customs teams, subcontractors, carriers, terminals and trucking providers. Your work directly supports Flexport’s end customers in achieving their logistics goals. Most importantly, you will play a pivotal role in building the next operational model at Flexport: allowing us to effectively scale to achieve our mission of making global trade easier for everyone.&lt;/p&gt;
&lt;p&gt;This role is designed to problem solve impactful operational challenges as part of our Global team while developing specialized expertise in supply chain operations. As the person who executes service delivery for our clients, you have the unique opportunity to help your regional account team spot opportunities to improve and grow our customers’ business. You will be charged with helping Flexport account management teams and clients solve exceptional challenges in order to move their shipments in less time with lower costs and via improved productivity by your team, unblocking issues and establishing procedures to prevent them in the future.&lt;/p&gt;
&lt;p&gt;&amp;nbsp;&lt;/p&gt;
&lt;p&gt;&lt;strong&gt;Scope of Duties:&lt;/strong&gt;&lt;/p&gt;
&lt;ul&gt;
&lt;li&gt;Execute booking and documentation processes with clients /carriers&lt;/li&gt;
&lt;li&gt;Timely shipment troubleshooting and exception escalation / handling&lt;/li&gt;
&lt;li&gt;Work intimately with Flexport AM, Planning team to ensure an effective end to end export process.&lt;/li&gt;
&lt;li&gt;Coach junior specialists on the daily job.&amp;nbsp;&lt;/li&gt;
&lt;li&gt;Plan and execute special freight operations (i.e. DG, reefer, etc).&amp;nbsp;&lt;/li&gt;
&lt;li&gt;Assist Sr. Associate on new business/process implementation, new projects and new tasks.&amp;nbsp;&lt;/li&gt;
&lt;li&gt;Support internal and external clients to make the best decision with your expertise;&lt;/li&gt;
&lt;li&gt;Live and act with integrity guided by the company values including sustaining a high bar for operational quality and service.&lt;/li&gt;
&lt;li&gt;Inform the business process and software capability needs to help scale our growing team while improving quality, service, efficiency and regulatory compliance.&lt;/li&gt;
&lt;li&gt;Contribute to the development and implementation of the procedure and system to differentiate Flexport operations from the industry.&lt;/li&gt;
&lt;/ul&gt;
&lt;p&gt;&amp;nbsp;&lt;/p&gt;
&lt;p&gt;&lt;strong&gt;What you will need:&amp;nbsp;&lt;/strong&gt;&lt;/p&gt;
&lt;p&gt;Experience:&lt;/p&gt;
&lt;ul&gt;
&lt;li&gt;BA/BS degree&amp;nbsp;&lt;/li&gt;
&lt;li&gt;Minimum 2 years of experience in logistics, freight forwarding, supply chain, ocean carrier operations, or consulting (ocean freight knowledge is a plus)&amp;nbsp;&lt;/li&gt;
&lt;/ul&gt;
&lt;p&gt;&amp;nbsp;&lt;/p&gt;
&lt;p&gt;&lt;strong&gt;What you will learn:&amp;nbsp;&lt;/strong&gt;&lt;/p&gt;
&lt;ul&gt;
&lt;li&gt;You will learn what it takes to lead small teams in the execution of day-to-day tactical tasks.&lt;/li&gt;
&lt;li&gt;You will learn how to thrive in an ambiguous environment, research and test operational hypotheses and inform the strategy of a newly built team.&lt;/li&gt;
&lt;/ul&gt;
&lt;ul&gt;
&lt;li&gt;You will gain specialist expertise to become an ocean or network operations and intermodal subject matter expert within the company. You are the leading advisor in this area, someone our clients, partners, and internal teams go to for advice and strategy.&lt;/li&gt;
&lt;li&gt;You will gain the ability to continuously improve the client experience through a deep industry understanding. You are singularly positioned to realize how we can both work within and push the logistics industry forward to meet the standards of Flexport’s client-centric service.&lt;/li&gt;
&lt;/ul&gt;&lt;div class=&quot;content-conclusion&quot;&gt;&lt;div id=&quot;1704749847.557549&quot; class=&quot;c-virtual_list__item&quot; data-qa=&quot;virtual-list-item&quot; data-item-key=&quot;1704749847.557549&quot;&gt;
&lt;div class=&quot;c-message_kit__background p-message_pane_message__message c-message_kit__message&quot; data-qa=&quot;message_container&quot; data-qa-unprocessed=&quot;false&quot; data-qa-placeholder=&quot;false&quot;&gt;
&lt;div class=&quot;c-message_kit__hover&quot; data-qa-hover=&quot;true&quot;&gt;
&lt;div class=&quot;c-message_kit__actions c-message_kit__actions--default&quot;&gt;
&lt;div class=&quot;c-message_kit__gutter&quot;&gt;
&lt;div class=&quot;c-message_kit__gutter__right&quot; data-qa=&quot;message_content&quot;&gt;
&lt;div class=&quot;c-message_kit__blocks c-message_kit__blocks--rich_text&quot;&gt;
&lt;div class=&quot;c-message__message_blocks c-message__message_blocks--rich_text&quot; data-qa=&quot;message-text&quot;&gt;
&lt;div class=&quot;p-block_kit_renderer&quot; data-qa=&quot;block-kit-renderer&quot;&gt;
&lt;div class=&quot;p-block_kit_renderer__block_wrapper p-block_kit_renderer__block_wrapper--first&quot;&gt;
&lt;div class=&quot;p-rich_text_block&quot;&gt;
&lt;h4&gt;Commitment to Equal Opportunity&lt;/h4&gt;
&lt;p&gt;At Flexport, our ability to fulfill our mission of making global commerce easy and accessible relies on having a diverse, dedicated and engaged workforce. All qualified applicants will receive consideration for employment regardless of race, color, religion, sex, national origin, age, physical and mental disability, health status, marital and family status, sexual orientation, gender identity and expression, military and veteran status, and any other characteristic protected by applicable law.&lt;/p&gt;
&lt;h4&gt;Global Data Privacy Notice for Job Candidates and Applicants&lt;/h4&gt;
&lt;p&gt;Depending on your location, the General Data Protection Regulation (GDPR) and California Consumer Privacy Act (CCPA) may regulate the way we manage the data of job applicants.&amp;nbsp;By submitting your application, you are agreeing to our use and processing of your data as required. Please see our Privacy Notice available at&amp;nbsp;&lt;a href=&quot;http://www.flexport.com/privacy&quot; target=&quot;_blank&quot; data-saferedirecturl=&quot;https://www.google.com/url?q=http://www.flexport.com/privacy&amp;amp;source=gmail&amp;amp;ust=1613840050053000&amp;amp;usg=AFQjCNHD63svlkD-hWHlGuGOM_bSYVrnpw&quot;&gt;www.flexport.com/privacy&lt;/a&gt;&amp;nbsp;for additional information.&lt;/p&gt;
&lt;/div&gt;
&lt;/div&gt;
&lt;/div&gt;
&lt;/div&gt;
&lt;/div&gt;
&lt;/div&gt;
&lt;/div&gt;
&lt;/div&gt;
&lt;/div&gt;
&lt;/div&gt;
&lt;/div&gt;&lt;/div&gt;",https://job-boards.greenhouse.io/flexport/jobs/8022727,2026-06-24T23:13:02-04:00,2026-07-09T19:28:21-04:00,False,greenhouse_api,2026-08-12,"About Flexport:
At Flexport, we believe global trade can move the human race forward. That’s why it’s our mission to make global commerce so easy there will be more of it. We’re shaping the future of a $10T industry with solutions powered by innovative technology and exceptional people. Today, companies of all sizes—from emerging brands to Fortune 500s—use Flexport technology to move more than $19B of merchandise across 112 countries a year.
The recent global supply chain crisis has put Flexport center stage as we continue to play a pivotal role in how goods move around the world. We are proud to have the support of the best investors in the game who believe in our mission, solutions and people. Ready to tackle global challenges that impact business, society, and the environment? Come join us.
Ocean Operations Associate
At Flexport, we believe global trade can move the human race forward. That’s why it’s our mission to make global commerce so easy there will be more of it. We’re shaping the future of a $10T industry with solutions powered by innovative technology and exceptional people. Today, companies of all sizes—from emerging brands to Fortune 500s—use Flexport technology to move more than $19B of merchandise across 112 countries a year.
The recent global supply chain crisis has put Flexport center stage as we continue to play a pivotal role in how goods move around the world. We are proud to have the support of the best investors in the game who believe in our mission, solutions and people. Ready to tackle global challenges that impact business, society, and the environment? Come join us.
The opportunity:
The role of the Ops Associate is a critical part of making Flexport’s mission to make global trade easy for everyone a reality. In this role, your direct customers are the partners within your region: our account management and customs teams, subcontractors, carriers, terminals and trucking providers. Your work directly supports Flexport’s end customers in achieving their logistics goals. Most importantly, you will play a pivotal role in building the next operational model at Flexport: allowing us to effectively scale to achieve our mission of making global trade easier for everyone.
This role is designed to problem solve impactful operational challenges as part of our Global team while developing specialized expertise in supply chain operations. As the person who executes service delivery for our clients, you have the unique opportunity to help your regional account team spot opportunities to improve and grow our customers’ business. You will be charged with helping Flexport account management teams and clients solve exceptional challenges in order to move their shipments in less time with lower costs and via improved productivity by your team, unblocking issues and establishing procedures to prevent them in the future.
Scope of Duties:
Execute booking and documentation processes with clients /carriers
Timely shipment troubleshooting and exception escalation / handling
Work intimately with Flexport AM, Planning team to ensure an effective end to end export process.
Coach junior specialists on the daily job.
Plan and execute special freight operations (i.e. DG, reefer, etc).
Assist Sr. Associate on new business/process implementation, new projects and new tasks.
Support internal and external clients to make the best decision with your expertise;
Live and act with integrity guided by the company values including sustaining a high bar for operational quality and service.
Inform the business process and software capability needs to help scale our growing team while improving quality, service, efficiency and regulatory compliance.
Contribute to the development and implementation of the procedure and system to differentiate Flexport operations from the industry.
What you will need:
Experience:
BA/BS degree
Minimum 2 years of experience in logistics, freight forwarding, supply chain, ocean carrier operations, or consulting (ocean freight knowledge is a plus)
What you will learn:
You will learn what it takes to lead small teams in the execution of day-to-day tactical tasks.
You will learn how to thrive in an ambiguous environment, research and test operational hypotheses and inform the strategy of a newly built team.
You will gain specialist expertise to become an ocean or network operations and intermodal subject matter expert within the company. You are the leading advisor in this area, someone our clients, partners, and internal teams go to for advice and strategy.
You will gain the ability to continuously improve the client experience through a deep industry understanding. You are singularly positioned to realize how we can both work within and push the logistics industry forward to meet the standards of Flexport’s client-centric service.
Commitment to Equal Opportunity
At Flexport, our ability to fulfill our mission of making global commerce easy and accessible relies on having a diverse, dedicated and engaged workforce. All qualified applicants will receive consideration for employment regardless of race, color, religion, sex, national origin, age, physical and mental disability, health status, marital and family status, sexual orientation, gender identity and expression, military and veteran status, and any other characteristic protected by applicable law.
Global Data Privacy Notice for Job Candidates and Applicants
Depending on your location, the General Data Protection Regulation (GDPR) and California Consumer Privacy Act (CCPA) may regulate the way we manage the data of job applicants. By submitting your application, you are agreeing to our use and processing of your data as required. Please see our Privacy Notice available at
www.flexport.com/privacy
for additional information.",Flexport,Ocean Operations Associate,"Shanghai, China",Business/Ops,,Bachelor,Not specified,2.0,,9,,,JD 明确要求约 2+ 年经验
SES AI,sesai,Equipment Electrical Engineer,Shanghai,"&lt;p&gt;&lt;span style=&quot;text-decoration: underline;&quot;&gt;&lt;strong&gt;Equipment Electrical Engineer&lt;/strong&gt;&lt;/span&gt;&lt;/p&gt;
&lt;p&gt;&amp;nbsp;&lt;/p&gt;
&lt;p&gt;&lt;span style=&quot;text-decoration: underline;&quot;&gt;&lt;strong&gt;Responsibilities&lt;/strong&gt;&lt;/span&gt;&lt;/p&gt;
&lt;ul&gt;
&lt;li&gt;
&lt;p&gt;Responsible for the assembly and debugging of the company&#39;s non-standard automation equipment&lt;/p&gt;
&lt;/li&gt;
&lt;li&gt;
&lt;p&gt;Skilled in using solidworks, proe and other 3D design software, capable of independently designing fixture required by automation equipment&lt;/p&gt;
&lt;/li&gt;
&lt;li&gt;
&lt;p&gt;Analyzed the problems in assembly and debugging, and worked with suppliers to solve the problems&lt;/p&gt;
&lt;/li&gt;
&lt;li&gt;
&lt;p&gt;Proficient in Mitsubishi, Delta etc., independently complete equipment program writing&lt;/p&gt;
&lt;/li&gt;
&lt;li&gt;
&lt;p&gt;Evaluation of electrical outsourcing suppliers, and introduction and transformation of outsourcing technologies&lt;/p&gt;
&lt;/li&gt;
&lt;li&gt;
&lt;p&gt;Prototype trial production, participated in field tests, dealt with electrical faults, and proposed product improvement measures&lt;/p&gt;
&lt;/li&gt;
&lt;li&gt;
&lt;p&gt;Determine the final product or system, and prepare production documents, user manuals and other related documents&lt;/p&gt;
&lt;/li&gt;
&lt;/ul&gt;
&lt;p&gt;&amp;nbsp;&lt;/p&gt;
&lt;p&gt;&lt;span style=&quot;text-decoration: underline;&quot;&gt;&lt;strong&gt;Qualifications&lt;/strong&gt;&lt;/span&gt;&lt;/p&gt;
&lt;ul&gt;
&lt;li&gt;
&lt;p&gt;College degree or above. Major in mechanical and electrical, automation or related field&lt;/p&gt;
&lt;/li&gt;
&lt;li&gt;
&lt;p&gt;At least 3 years’ experience in non-standard automation design, assembly and debugging&lt;/p&gt;
&lt;/li&gt;
&lt;li&gt;Familiar with non-standard automatic electric control wiring and able to debug&lt;/li&gt;
&lt;li&gt;
&lt;p&gt;Familiar with wiring debugging of electronic control equipment such as PLC, IPC, manipulator, motor and slide rail&lt;/p&gt;
&lt;/li&gt;
&lt;li&gt;Calibrate and adjust the assembly schedule to meet the accuracy requirements&lt;/li&gt;
&lt;/ul&gt;
&lt;p&gt;&amp;nbsp;&lt;/p&gt;",https://boards.greenhouse.io/sesai/jobs/4186737005?gh_jid=4186737005,2023-01-16T13:58:51-05:00,2026-06-22T13:14:30-04:00,False,greenhouse_api,2026-08-12,"Equipment Electrical Engineer
Responsibilities
Responsible for the assembly and debugging of the company's non-standard automation equipment
Skilled in using solidworks, proe and other 3D design software, capable of independently designing fixture required by automation equipment
Analyzed the problems in assembly and debugging, and worked with suppliers to solve the problems
Proficient in Mitsubishi, Delta etc., independently complete equipment program writing
Evaluation of electrical outsourcing suppliers, and introduction and transformation of outsourcing technologies
Prototype trial production, participated in field tests, dealt with electrical faults, and proposed product improvement measures
Determine the final product or system, and prepare production documents, user manuals and other related documents
Qualifications
College degree or above. Major in mechanical and electrical, automation or related field
At least 3 years’ experience in non-standard automation design, assembly and debugging
Familiar with non-standard automatic electric control wiring and able to debug
Familiar with wiring debugging of electronic control equipment such as PLC, IPC, manipulator, motor and slide rail
Calibrate and adjust the assembly schedule to meet the accuracy requirements",SES AI,Equipment Electrical Engineer,"Shanghai, China",Software/Cloud,,Bachelor/University,Not specified,3.0,,6,,,JD 明确要求约 3+ 年经验
SES AI,sesai,Equipment Development Engineer,Shanghai,"&lt;p&gt;&lt;span style=&quot;text-decoration: underline;&quot;&gt;&lt;strong&gt;Equipment Development Engineer&lt;/strong&gt;&lt;/span&gt;&lt;/p&gt;
&lt;p&gt;&amp;nbsp;&lt;/p&gt;
&lt;p&gt;&lt;span style=&quot;text-decoration: underline;&quot;&gt;&lt;strong&gt;Responsibilities&lt;/strong&gt;&lt;/span&gt;&lt;/p&gt;
&lt;ul&gt;
&lt;li&gt;
&lt;p&gt;Import equipment according to the company&#39;s capacity planning requirements&lt;/p&gt;
&lt;/li&gt;
&lt;li&gt;
&lt;p&gt;Responsible for technical input, technical confirmation, technical benchmarking, equipment manufacture, installation, commissioning, acceptance and delivery&lt;/p&gt;
&lt;/li&gt;
&lt;li&gt;
&lt;p&gt;Responsible for tracking, coordinating and managing the project schedule of new equipment introduction; familiar with the principle and core requirements of lithium electric equipment is preferred&lt;/p&gt;
&lt;/li&gt;
&lt;li&gt;
&lt;p&gt;Responsible for following up the construction and internal installation progress, and confirming whether the site construction meets the equipment installation requirements&lt;/p&gt;
&lt;/li&gt;
&lt;li&gt;
&lt;p&gt;Collect and sort out related engineering data after new equipment is imported, and output related equipment management files&lt;/p&gt;
&lt;/li&gt;
&lt;li&gt;
&lt;p&gt;Familiar with the development of lithium equipment industry and suppliers, and have relevant supplier resources and management experience&lt;/p&gt;
&lt;/li&gt;
&lt;/ul&gt;
&lt;p&gt;&amp;nbsp;&lt;/p&gt;
&lt;p&gt;&lt;span style=&quot;text-decoration: underline;&quot;&gt;&lt;strong&gt;Qualifications&lt;/strong&gt;&lt;/span&gt;&lt;/p&gt;
&lt;ul&gt;
&lt;li&gt;At least 3 years relevant experience, bachelor degree or above&lt;/li&gt;
&lt;li&gt;
&lt;p&gt;Project experience in importing specific equipment, familiar with basic knowledge and principle of mechanical, electrical and other automation equipment of lithium electric equipment&lt;/p&gt;
&lt;/li&gt;
&lt;li&gt;
&lt;p&gt;Familiar with project management process and methods, and preferred to engage in non-standard automation equipment development projects&lt;/p&gt;
&lt;/li&gt;
&lt;li&gt;
&lt;p&gt;Proficient in CAD drawing and office software, familiar with equipment design and production&lt;/p&gt;
&lt;/li&gt;
&lt;li&gt;
&lt;p&gt;Good teamwork skills, good communication skills, hard-working, strong sense of responsibility, working experience in lithium industry and excellent English is preferred&lt;/p&gt;
&lt;/li&gt;
&lt;/ul&gt;
&lt;p&gt;&amp;nbsp;&lt;/p&gt;",https://boards.greenhouse.io/sesai/jobs/4186730005?gh_jid=4186730005,2023-01-16T13:58:32-05:00,2026-06-22T13:14:30-04:00,False,greenhouse_api,2026-08-12,"Equipment Development Engineer
Responsibilities
Import equipment according to the company's capacity planning requirements
Responsible for technical input, technical confirmation, technical benchmarking, equipment manufacture, installation, commissioning, acceptance and delivery
Responsible for tracking, coordinating and managing the project schedule of new equipment introduction; familiar with the principle and core requirements of lithium electric equipment is preferred
Responsible for following up the construction and internal installation progress, and confirming whether the site construction meets the equipment installation requirements
Collect and sort out related engineering data after new equipment is imported, and output related equipment management files
Familiar with the development of lithium equipment industry and suppliers, and have relevant supplier resources and management experience
Qualifications
At least 3 years relevant experience, bachelor degree or above
Project experience in importing specific equipment, familiar with basic knowledge and principle of mechanical, electrical and other automation equipment of lithium electric equipment
Familiar with project management process and methods, and preferred to engage in non-standard automation equipment development projects
Proficient in CAD drawing and office software, familiar with equipment design and production
Good teamwork skills, good communication skills, hard-working, strong sense of responsibility, working experience in lithium industry and excellent English is preferred",SES AI,Equipment Development Engineer,"Shanghai, China",Software/Cloud,,Bachelor,Fluent/Professional,3.0,,6,,,JD 明确要求约 3+ 年经验
SES AI,sesai,EV Hardware Engineer,Shanghai,"&lt;p&gt;&lt;span style=&quot;text-decoration: underline;&quot;&gt;&lt;strong&gt;EV Hardware Engineer&lt;/strong&gt;&lt;/span&gt;&lt;/p&gt;
&lt;p&gt;&amp;nbsp;&lt;/p&gt;
&lt;p&gt;&lt;span style=&quot;text-decoration: underline;&quot;&gt;&lt;strong&gt;Responsibilities&lt;/strong&gt;&lt;/span&gt;&lt;/p&gt;
&lt;ul&gt;
&lt;li&gt;
&lt;p&gt;Analyze the hardware requirements according to the requirements of BMS products&lt;/p&gt;
&lt;/li&gt;
&lt;li&gt;
&lt;p&gt;Hardware schematic design and layout guidance&lt;/p&gt;
&lt;/li&gt;
&lt;li&gt;
&lt;p&gt;Hardware design analysis (including circuit simulation and Worstcase calculation)&lt;/p&gt;
&lt;/li&gt;
&lt;li&gt;Hardware circuit test (device, unit, integration test, DVPV, etc.)&lt;/li&gt;
&lt;li&gt;
&lt;p&gt;Preparation of relevant technical documents&lt;/p&gt;
&lt;/li&gt;
&lt;/ul&gt;
&lt;p&gt;&amp;nbsp;&lt;/p&gt;
&lt;p&gt;&lt;span style=&quot;text-decoration: underline;&quot;&gt;&lt;strong&gt;Qualifications&lt;/strong&gt;&lt;/span&gt;&lt;/p&gt;
&lt;ul&gt;
&lt;li&gt;
&lt;p&gt;Bachelor’s degree in Electronic engineering or related major&lt;/p&gt;
&lt;/li&gt;
&lt;li&gt;
&lt;p&gt;At least 3 years working experience in automotive electronic design (BMS design experience is preferred)&lt;/p&gt;
&lt;/li&gt;
&lt;li&gt;
&lt;p&gt;Familiar with analog circuit design, with experience in high-voltage and high-current circuit design&lt;/p&gt;
&lt;/li&gt;
&lt;li&gt;
&lt;p&gt;Familiar with hardware development (design, simulation, validation, fault analysis) related tools, such as Spice/LTSpice, Altium designer, etc&lt;/p&gt;
&lt;/li&gt;
&lt;li&gt;
&lt;p&gt;Familiar with PowerPC, Tri-core and other processors&lt;/p&gt;
&lt;/li&gt;
&lt;li&gt;
&lt;p&gt;Good hands-on ability, familiar with the use of laboratory testing instruments and welding tools&lt;/p&gt;
&lt;/li&gt;
&lt;li&gt;
&lt;p&gt;Good English reading and writing skills&lt;/p&gt;
&lt;/li&gt;
&lt;/ul&gt;
&lt;p&gt;&amp;nbsp;&lt;/p&gt;",https://boards.greenhouse.io/sesai/jobs/4186786005?gh_jid=4186786005,2023-01-16T13:59:37-05:00,2026-06-22T13:14:30-04:00,False,greenhouse_api,2026-08-12,"EV Hardware Engineer
Responsibilities
Analyze the hardware requirements according to the requirements of BMS products
Hardware schematic design and layout guidance
Hardware design analysis (including circuit simulation and Worstcase calculation)
Hardware circuit test (device, unit, integration test, DVPV, etc.)
Preparation of relevant technical documents
Qualifications
Bachelor’s degree in Electronic engineering or related major
At least 3 years working experience in automotive electronic design (BMS design experience is preferred)
Familiar with analog circuit design, with experience in high-voltage and high-current circuit design
Familiar with hardware development (design, simulation, validation, fault analysis) related tools, such as Spice/LTSpice, Altium designer, etc
Familiar with PowerPC, Tri-core and other processors
Good hands-on ability, familiar with the use of laboratory testing instruments and welding tools
Good English reading and writing skills",SES AI,EV Hardware Engineer,"Shanghai, China",Software/Cloud,,Bachelor,Mentioned,3.0,,6,,,JD 明确要求约 3+ 年经验
SES AI,sesai,Mechanical Engineer,Shanghai,"&lt;p&gt;&lt;span style=&quot;text-decoration: underline;&quot;&gt;&lt;strong&gt;Mechanical Engineer&lt;/strong&gt;&lt;/span&gt;&lt;/p&gt;
&lt;p&gt;&amp;nbsp;&lt;/p&gt;
&lt;p&gt;&lt;span style=&quot;text-decoration: underline;&quot;&gt;&lt;strong&gt;Responsibilities&lt;/strong&gt;&lt;/span&gt;&lt;/p&gt;
&lt;ul&gt;
&lt;li&gt;
&lt;p&gt;Responsible for the analysis and evaluation of power battery cell selection, structural materials and product structure design scheme according to customer SOR&lt;/p&gt;
&lt;/li&gt;
&lt;li&gt;
&lt;p&gt;Responsible for the schematic design of power battery PACK battery system and modules, detailed design of 3D digital model and 2D drawings&lt;/p&gt;
&lt;/li&gt;
&lt;li&gt;
&lt;p&gt;Responsible for the safety and reliability design of power battery PACK battery system and module level&lt;/p&gt;
&lt;/li&gt;
&lt;li&gt;
&lt;p&gt;Systematically analyzed the problems found in trial production, mass production and user feedback, and put forward improvement suggestions&lt;/p&gt;
&lt;/li&gt;
&lt;li&gt;
&lt;p&gt;Responsible for sample sending and making, processing progress tracking, sample confirmation, etc.&lt;/p&gt;
&lt;/li&gt;
&lt;li&gt;
&lt;p&gt;Responsible for testing and verification of Pack system and parts, design optimization according to regulations or customer requirements, and structural improvement for mass production&lt;/p&gt;
&lt;/li&gt;
&lt;li&gt;
&lt;p&gt;Prepare design specifications and patents&lt;/p&gt;
&lt;/li&gt;
&lt;/ul&gt;
&lt;p&gt;&amp;nbsp;&lt;/p&gt;
&lt;p&gt;&lt;span style=&quot;text-decoration: underline;&quot;&gt;&lt;strong&gt;Qualifications&lt;/strong&gt;&lt;/span&gt;&lt;/p&gt;
&lt;ul&gt;
&lt;li&gt;
&lt;p&gt;Bachelor’s degree or above, major in electrochemistry, Vehicle engineering, Mechatronics, polymer materials, Electrical engineering, automation, etc&lt;/p&gt;
&lt;/li&gt;
&lt;li&gt;
&lt;p&gt;More than 3 years of experience in power battery PACK structure design, experience in product G&amp;amp;D drawing, dimension chain analysis, ability to independently design pack battery system structure, independent structural strength simulation ability is preferred&lt;/p&gt;
&lt;/li&gt;
&lt;li&gt;
&lt;p&gt;Experience in composite material structure design and structural airworthiness verification of aircraft is preferred&lt;/p&gt;
&lt;/li&gt;
&lt;li&gt;
&lt;p&gt;Familiar with battery electrical related professional knowledge, battery selection and testing experience is preferred&lt;/p&gt;
&lt;/li&gt;
&lt;li&gt;Familiar with the characteristics and application range of metal materials and plastic materials, proficient in injection molding process, sheet metal processing process, surface treatment, etc., skilled in Solidworks, CATIA, UG and other design software&lt;/li&gt;
&lt;li&gt;
&lt;p&gt;Able to read and write in English&lt;/p&gt;
&lt;/li&gt;
&lt;li&gt;
&lt;p&gt;Work hard, careful and rigorous, have a sense of responsibility and good team spirit&lt;/p&gt;
&lt;/li&gt;
&lt;/ul&gt;
&lt;p&gt;&amp;nbsp;&lt;/p&gt;
&lt;p&gt;&amp;nbsp;&lt;/p&gt;",https://boards.greenhouse.io/sesai/jobs/4186652005?gh_jid=4186652005,2023-01-16T14:03:05-05:00,2026-06-22T13:14:30-04:00,False,greenhouse_api,2026-08-12,"Mechanical Engineer
Responsibilities
Responsible for the analysis and evaluation of power battery cell selection, structural materials and product structure design scheme according to customer SOR
Responsible for the schematic design of power battery PACK battery system and modules, detailed design of 3D digital model and 2D drawings
Responsible for the safety and reliability design of power battery PACK battery system and module level
Systematically analyzed the problems found in trial production, mass production and user feedback, and put forward improvement suggestions
Responsible for sample sending and making, processing progress tracking, sample confirmation, etc.
Responsible for testing and verification of Pack system and parts, design optimization according to regulations or customer requirements, and structural improvement for mass production
Prepare design specifications and patents
Qualifications
Bachelor’s degree or above, major in electrochemistry, Vehicle engineering, Mechatronics, polymer materials, Electrical engineering, automation, etc
More than 3 years of experience in power battery PACK structure design, experience in product G&D drawing, dimension chain analysis, ability to independently design pack battery system structure, independent structural strength simulation ability is preferred
Experience in composite material structure design and structural airworthiness verification of aircraft is preferred
Familiar with battery electrical related professional knowledge, battery selection and testing experience is preferred
Familiar with the characteristics and application range of metal materials and plastic materials, proficient in injection molding process, sheet metal processing process, surface treatment, etc., skilled in Solidworks, CATIA, UG and other design software
Able to read and write in English
Work hard, careful and rigorous, have a sense of responsibility and good team spirit",SES AI,Mechanical Engineer,"Shanghai, China",Software/Cloud,,Bachelor,Fluent/Professional,3.0,,6,,,JD 明确要求约 3+ 年经验
Speechify,speechify,"Software Engineer, Data Infrastructure & Acquisition - Shanghai, China",Shanghai,"&lt;p&gt;The mission of Speechify is to make sure that reading is never a barrier to learning.&lt;/p&gt;
&lt;p&gt;Over 50 million people use Speechify’s text-to-speech products to turn whatever they’re reading – PDFs, books, Google Docs, news articles, websites – into audio, so they can read faster, read more, and remember more. Speechify’s text-to-speech reading products include its iOS app, Android App, Mac App, Chrome Extension, and Web App.&amp;nbsp;Google recently named Speechify the Chrome Extension of the Year and Apple named Speechify its 2025 Design Award winner for Inclusivity.&amp;nbsp;&amp;nbsp;&lt;/p&gt;
&lt;p&gt;Today, nearly 200 people around the globe work on Speechify in a 100% distributed setting – Speechify has no office. These include frontend and backend engineers, AI research scientists, and others from Amazon, Microsoft, and Google, leading PhD programs like Stanford, high growth startups like Stripe, Vercel, Bolt, and many founders of their own companies.&lt;/p&gt;
&lt;p&gt;&lt;strong&gt;Overview&lt;/strong&gt;&lt;/p&gt;
&lt;p&gt;We&#39;re looking to hire for our Data side of our AI team at Speechify. This role is responsible for all aspects of data collection to support our model training operations. We are able to build high-quality datasets at petabyte-scale and low cost through a tight integration of infrastructure, engineering, and research work. We are looking for a skilled Software Engineer to join us.&lt;/p&gt;
&lt;p&gt;&lt;strong&gt;What You’ll Do&lt;/strong&gt;&lt;/p&gt;
&lt;ul&gt;
&lt;li&gt;Be scrappy to find new sources of audio data and bring it into our ingestion pipeline&lt;/li&gt;
&lt;li&gt;Operate and extend the cloud infrastructure for our ingestion pipeline, currently running on GCP and managed with Terraform.&lt;/li&gt;
&lt;li&gt;Collaborate closely with our Scientists to shift the cost/throughput/quality frontier, delivering richer data at bigger scale and lower cost to power our next-generation models.&lt;/li&gt;
&lt;li&gt;Collaborate with others on the AI Team and Speechify Leadership to craft the AI Team’s dataset roadmap to power Speechify’s next-generation consumer and enterprise products.&lt;/li&gt;
&lt;/ul&gt;
&lt;p&gt;&lt;strong&gt;An Ideal Candidate Should Have&lt;/strong&gt;&lt;/p&gt;
&lt;ul&gt;
&lt;li&gt;BS/MS/PhD in Computer Science or a related field.&lt;/li&gt;
&lt;li&gt;5+ years of industry experience in software development.&lt;/li&gt;
&lt;li&gt;Proficiency with bash/Python scripting in Linux environments&lt;/li&gt;
&lt;li&gt;Proficiency in Docker and Infrastructure-as-Code concepts and professional experience with at least one major Cloud Provider (we use GCP)&lt;/li&gt;
&lt;li&gt;Experience with web crawlers, large-scale data processing workflows is a plus&lt;/li&gt;
&lt;li&gt;Ability to handle multiple tasks and adapt to changing priorities.&lt;/li&gt;
&lt;li&gt;Strong communication skills, both written and verbal.&lt;/li&gt;
&lt;/ul&gt;
&lt;p&gt;&lt;strong&gt;What we offer&lt;/strong&gt;&lt;/p&gt;
&lt;ul&gt;
&lt;li&gt;A fast-growing environment where you can help shape the company and product.&lt;/li&gt;
&lt;li&gt;An entrepreneurial-minded team that supports risk, intuition, and hustle.&lt;/li&gt;
&lt;li&gt;A hands-off management approach so you can focus and do your best work.&lt;/li&gt;
&lt;li&gt;An opportunity to make a big impact in a transformative industry.&lt;/li&gt;
&lt;li&gt;Competitive salaries, a friendly and laid-back atmosphere, and a commitment to building a great asynchronous culture.&lt;/li&gt;
&lt;li&gt;Opportunity to work on a life-changing product that millions of people use.&lt;/li&gt;
&lt;li&gt;Build products that directly impact and support people with learning differences like dyslexia, ADD, low vision, concussions, autism, and more.&lt;/li&gt;
&lt;li&gt;Work in one of the fastest-growing sectors of tech, the intersection of artificial intelligence and audio.&lt;/li&gt;
&lt;/ul&gt;
&lt;p&gt;&lt;strong&gt;Think you’re a good fit for this job?&amp;nbsp;&lt;/strong&gt;&lt;/p&gt;
&lt;p&gt;Tell us more about yourself and why you&#39;re interested in the role when you apply. &lt;br&gt;And don’t forget to include links to your portfolio and LinkedIn.&lt;/p&gt;
&lt;p&gt;&lt;strong&gt;Not looking but know someone who would make a great fit?&amp;nbsp;&lt;/strong&gt;&lt;/p&gt;
&lt;p&gt;Refer them!&amp;nbsp;&lt;/p&gt;
&lt;p&gt;&lt;strong&gt;Speechify is committed to a diverse and inclusive workplace.&amp;nbsp;&lt;/strong&gt;&lt;/p&gt;
&lt;p&gt;Speechify does not discriminate on the basis of race, national origin, gender, gender identity, sexual orientation, protected veteran status, disability, age, or other legally protected status.&lt;/p&gt;",https://job-boards.greenhouse.io/speechify/jobs/5975276004,2025-12-05T02:04:10-05:00,2026-08-11T17:27:32-04:00,False,greenhouse_api,2026-08-12,"The mission of Speechify is to make sure that reading is never a barrier to learning.
Over 50 million people use Speechify’s text-to-speech products to turn whatever they’re reading – PDFs, books, Google Docs, news articles, websites – into audio, so they can read faster, read more, and remember more. Speechify’s text-to-speech reading products include its iOS app, Android App, Mac App, Chrome Extension, and Web App. Google recently named Speechify the Chrome Extension of the Year and Apple named Speechify its 2025 Design Award winner for Inclusivity.
Today, nearly 200 people around the globe work on Speechify in a 100% distributed setting – Speechify has no office. These include frontend and backend engineers, AI research scientists, and others from Amazon, Microsoft, and Google, leading PhD programs like Stanford, high growth startups like Stripe, Vercel, Bolt, and many founders of their own companies.
Overview
We're looking to hire for our Data side of our AI team at Speechify. This role is responsible for all aspects of data collection to support our model training operations. We are able to build high-quality datasets at petabyte-scale and low cost through a tight integration of infrastructure, engineering, and research work. We are looking for a skilled Software Engineer to join us.
What You’ll Do
Be scrappy to find new sources of audio data and bring it into our ingestion pipeline
Operate and extend the cloud infrastructure for our ingestion pipeline, currently running on GCP and managed with Terraform.
Collaborate closely with our Scientists to shift the cost/throughput/quality frontier, delivering richer data at bigger scale and lower cost to power our next-generation models.
Collaborate with others on the AI Team and Speechify Leadership to craft the AI Team’s dataset roadmap to power Speechify’s next-generation consumer and enterprise products.
An Ideal Candidate Should Have
BS/MS/PhD in Computer Science or a related field.
5+ years of industry experience in software development.
Proficiency with bash/Python scripting in Linux environments
Proficiency in Docker and Infrastructure-as-Code concepts and professional experience with at least one major Cloud Provider (we use GCP)
Experience with web crawlers, large-scale data processing workflows is a plus
Ability to handle multiple tasks and adapt to changing priorities.
Strong communication skills, both written and verbal.
What we offer
A fast-growing environment where you can help shape the company and product.
An entrepreneurial-minded team that supports risk, intuition, and hustle.
A hands-off management approach so you can focus and do your best work.
An opportunity to make a big impact in a transformative industry.
Competitive salaries, a friendly and laid-back atmosphere, and a commitment to building a great asynchronous culture.
Opportunity to work on a life-changing product that millions of people use.
Build products that directly impact and support people with learning differences like dyslexia, ADD, low vision, concussions, autism, and more.
Work in one of the fastest-growing sectors of tech, the intersection of artificial intelligence and audio.
Think you’re a good fit for this job?
Tell us more about yourself and why you're interested in the role when you apply.
And don’t forget to include links to your portfolio and LinkedIn.
Not looking but know someone who would make a great fit?
Refer them!
Speechify is committed to a diverse and inclusive workplace.
Speechify does not discriminate on the basis of race, national origin, gender, gender identity, sexual orientation, protected veteran status, disability, age, or other legally protected status.",Speechify,"Software Engineer, Data Infrastructure & Acquisition - Shanghai, China","Shanghai, China",Software/Cloud,Python; Docker; GCP; Linux,Bachelor / Master / PhD,Not specified,5.0,,0,Python,Docker; GCP; Linux,JD 明确要求约 5+ 年经验；学历要求为 Bachelor / Master / PhD，当前学历层级为 Bachelor
MongoDB,mongodb,"Enterprise Account Executive, Growth",Beijing; Shanghai; Shenzhen,"&lt;p&gt;We’re looking for a hardworking, driven individual with superb energy, passion and initiative for new business acquisition. The Enterprise Account Executive role focuses exclusively on formulating and executing a sales strategy within an assigned territory, resulting in revenue growth and new customer acquisition.&lt;/p&gt;
&lt;p&gt;We are looking to speak to candidates who are based in Beijing, Shanghai or Shenzhen for our hybrid working model.&lt;/p&gt;
&lt;h3&gt;Responsibilities&lt;/h3&gt;
&lt;ul&gt;
&lt;li&gt;Proactively prospect, identify, qualify, and develop a sales pipeline&lt;/li&gt;
&lt;li&gt;Close business to meet and exceed monthly, quarterly, and annual bookings objectives&lt;/li&gt;
&lt;li&gt;Build strong and effective relationships, resulting in growth opportunities&lt;/li&gt;
&lt;li&gt;Participate in our sales enablement training, including our comprehensive Sales Bootcamp, sophisticated sales training, and leadership and development programs&lt;/li&gt;
&lt;li&gt;Work closely with the Professional Services team to achieve customer satisfaction&lt;/li&gt;
&lt;/ul&gt;
&lt;h3&gt;Requirements&lt;/h3&gt;
&lt;ul&gt;
&lt;li&gt;BA/BS required&lt;/li&gt;
&lt;li&gt;5+ years of field experience in quota-carrying experience in a fast-paced and competitive market with a focus on new business&lt;/li&gt;
&lt;li&gt;Demonstrated ability to articulate the business value of complex enterprise technology&lt;/li&gt;
&lt;li&gt;A track record of overachievement and hitting sales targets&lt;/li&gt;
&lt;li&gt;Skilled in building business champions and running a complex sales process&lt;/li&gt;
&lt;li&gt;Previous Sales Methodology training (e.g. MEDDIC, SPIN, Challenger Sales)&lt;/li&gt;
&lt;li&gt;Familiarity with databases, DevOps, and open-source technology is a plus&lt;/li&gt;
&lt;li&gt;Driven and competitive: Possess a strong desire to be successful&lt;/li&gt;
&lt;li&gt;Skilled in managing time and resources; sound approach to qualifying opportunities&lt;/li&gt;
&lt;li&gt;Possess aptitude to learn quickly and establish credibility. High EQ and self-aware&lt;/li&gt;
&lt;li&gt;Must live in Shanghai&lt;/li&gt;
&lt;li&gt;Must be fluent in Chinese&lt;/li&gt;
&lt;li&gt;Passionate about growing your career in the largest market in software (database) and developing and maintaining an in-depth understanding of MongoDB products&lt;/li&gt;
&lt;/ul&gt;
&lt;h3&gt;Why join now&lt;/h3&gt;
&lt;ul&gt;
&lt;li&gt;MongoDB invests well above the industry average in development of each of our new hires &amp;amp; continuous career development&lt;/li&gt;
&lt;li&gt;Accelerators up to 30%&lt;/li&gt;
&lt;li&gt;Best in breed Sales trainings in MEDDIC and Command of the Message, including our comprehensive Sales Bootcamps and development programs&lt;/li&gt;
&lt;/ul&gt;
&lt;h3&gt;About MongoDB&lt;/h3&gt;
&lt;p&gt;MongoDB is built for change, empowering our customers and our people to innovate at the speed of the market. We have redefined the database for the AI era, enabling innovators to create, transform, and disrupt industries with software. MongoDB’s unified database platform—the most widely available, globally distributed database on the market—helps organizations modernize legacy workloads, embrace innovation, and unleash AI. Our cloud-native platform, MongoDB Atlas, is the only globally distributed, multi-cloud database and is available across AWS, Google Cloud, and Microsoft Azure.&lt;/p&gt;
&lt;p&gt;With offices worldwide and nearly 60,000 customers—including 75% of the Fortune 100 and AI-native startups—relying on MongoDB for their most important applications, we’re powering the next era of software.&lt;/p&gt;
&lt;p&gt;Our compass at MongoDB is our &lt;a href=&quot;https://www.mongodb.com/company&quot;&gt;Leadership Commitment,&lt;/a&gt; guiding how and why we make decisions, show up for each other, and win. It’s what makes us MongoDB.&lt;/p&gt;
&lt;p&gt;To drive the personal growth and business impact of our employees, we’re committed to developing a supportive and enriching culture for everyone. &lt;a href=&quot;https://www.mongodb.com/company/blog/culture/employee-benefits-that-make-a-difference-at-mongodb&quot;&gt;From employee affinity groups, to fertility assistance and a generous parental leave policy&lt;/a&gt;, we value our employees’ wellbeing and want to support them along every step of their professional and personal journeys.&lt;a href=&quot;https://www.mongodb.com/blog/channel/culture&quot;&gt; Learn more about what it’s like to work at MongoDB&lt;/a&gt;, and help us make an impact on the world!&lt;/p&gt;
&lt;p&gt;MongoDB is committed to providing any necessary accommodations for individuals with disabilities within our application and interview process. To request an accommodation due to a disability, please inform your recruiter.&lt;/p&gt;
&lt;p&gt;MongoDB is an equal opportunities employer.&lt;/p&gt;
&lt;p&gt;Req ID: 425239&lt;/p&gt;",https://www.mongodb.com/careers/job/?gh_jid=6740470,2025-03-24T05:34:17-04:00,2026-08-11T15:55:02-04:00,False,greenhouse_api,2026-08-12,"We’re looking for a hardworking, driven individual with superb energy, passion and initiative for new business acquisition. The Enterprise Account Executive role focuses exclusively on formulating and executing a sales strategy within an assigned territory, resulting in revenue growth and new customer acquisition.
We are looking to speak to candidates who are based in Beijing, Shanghai or Shenzhen for our hybrid working model.
Responsibilities
Proactively prospect, identify, qualify, and develop a sales pipeline
Close business to meet and exceed monthly, quarterly, and annual bookings objectives
Build strong and effective relationships, resulting in growth opportunities
Participate in our sales enablement training, including our comprehensive Sales Bootcamp, sophisticated sales training, and leadership and development programs
Work closely with the Professional Services team to achieve customer satisfaction
Requirements
BA/BS required
5+ years of field experience in quota-carrying experience in a fast-paced and competitive market with a focus on new business
Demonstrated ability to articulate the business value of complex enterprise technology
A track record of overachievement and hitting sales targets
Skilled in building business champions and running a complex sales process
Previous Sales Methodology training (e.g. MEDDIC, SPIN, Challenger Sales)
Familiarity with databases, DevOps, and open-source technology is a plus
Driven and competitive: Possess a strong desire to be successful
Skilled in managing time and resources; sound approach to qualifying opportunities
Possess aptitude to learn quickly and establish credibility. High EQ and self-aware
Must live in Shanghai
Must be fluent in Chinese
Passionate about growing your career in the largest market in software (database) and developing and maintaining an in-depth understanding of MongoDB products
Why join now
MongoDB invests well above the industry average in development of each of our new hires & continuous career development
Accelerators up to 30%
Best in breed Sales trainings in MEDDIC and Command of the Message, including our comprehensive Sales Bootcamps and development programs
About MongoDB
MongoDB is built for change, empowering our customers and our people to innovate at the speed of the market. We have redefined the database for the AI era, enabling innovators to create, transform, and disrupt industries with software. MongoDB’s unified database platform—the most widely available, globally distributed database on the market—helps organizations modernize legacy workloads, embrace innovation, and unleash AI. Our cloud-native platform, MongoDB Atlas, is the only globally distributed, multi-cloud database and is available across AWS, Google Cloud, and Microsoft Azure.
With offices worldwide and nearly 60,000 customers—including 75% of the Fortune 100 and AI-native startups—relying on MongoDB for their most important applications, we’re powering the next era of software.
Our compass at MongoDB is our
Leadership Commitment,
guiding how and why we make decisions, show up for each other, and win. It’s what makes us MongoDB.
To drive the personal growth and business impact of our employees, we’re committed to developing a supportive and enriching culture for everyone.
From employee affinity groups, to fertility assistance and a generous parental leave policy
, we value our employees’ wellbeing and want to support them along every step of their professional and personal journeys.
Learn more about what it’s like to work at MongoDB
, and help us make an impact on the world!
MongoDB is committed to providing any necessary accommodations for individuals with disabilities within our application and interview process. To request an accommodation due to a disability, please inform your recruiter.
MongoDB is an equal opportunities employer.
Req ID: 425239",MongoDB,"Enterprise Account Executive, Growth",Beijing; Shanghai; Shenzhen,Business/Ops,AWS; Azure; GCP; Cloud; MongoDB; DevOps,Bachelor,Not specified,5.0,,0,,AWS; Azure; Cloud; DevOps; GCP; MongoDB,JD 明确要求约 5+ 年经验
MongoDB,mongodb,Enterprise Account Manager - OEM,Beijing; Shanghai; Shenzhen,"&lt;p&gt;We are looking for innovative, experienced sales individuals with extraordinary energy, passion, and initiative to drive partner awareness and channel new business for the fastest growing database in the world, MongoDB.&lt;/p&gt;
&lt;p&gt;The Manager of Cloud Partners role owns all the sales and channels related to our MongoDB as a Service partnerships in the region.&amp;nbsp;This individual will be accountable for developing a strategy to generate an incremental sales pipeline with the cloud partners, increasing their efficiency via sales and technical enablement, joint marketing, post-sales support, and demonstrating to them how to sell the value of MongoDB.&lt;/p&gt;
&lt;p&gt;We are looking to speak to candidates who are based in Shanghai, Beijing and Shenzhen for our hybrid working model.&lt;/p&gt;
&lt;h3&gt;Responsibilities&lt;/h3&gt;
&lt;ul&gt;
&lt;li&gt;Run Cloud Partner relationships in the China Area with a direct reporting line to the Regional Director of Mainland China&lt;/li&gt;
&lt;li&gt;Build and execute go to market programs (co-selling and co-marketing) with Cloud Partners&lt;/li&gt;
&lt;li&gt;Drive enablement and field alignment activities to deliver incremental MongoDB revenue with Cloud Partners&lt;/li&gt;
&lt;li&gt;Own New ACV quota &amp;amp; pipeline creation goal for Cloud Partner’s MongoDB as a Service business in the region&lt;/li&gt;
&lt;li&gt;Proactively helping prospect, identify, qualify, and develop a sales pipeline with the Cloud Partner’s regional sales teams&lt;/li&gt;
&lt;li&gt;Provide both business and technical expertise to the Cloud Partners to help them sell the value of MongoDB&lt;/li&gt;
&lt;li&gt;Interlock with MongoDB’s Global Partner team, Pre-sales, Post-sales, and Marketing support&lt;/li&gt;
&lt;li&gt;Participate in our sales enablement training, including our comprehensive Sales Bootcamp, sophisticated sales training, and leadership and development programs&lt;/li&gt;
&lt;/ul&gt;
&lt;h3&gt;Requirements&lt;/h3&gt;
&lt;ul&gt;
&lt;li&gt;BA/BS required&lt;/li&gt;
&lt;li&gt;5+ years field experience of quota-carrying experience in a fast-paced and competitive market with a focus on new business&lt;/li&gt;
&lt;li&gt;Technically knowledgeable in the enterprise software and cloud computing space&lt;/li&gt;
&lt;li&gt;At least 5 years generating pipeline and selling in the Cloud/Database/IaaS space working with companies like Alibaba, Tencent, AWS, &amp;amp; Baidu&lt;/li&gt;
&lt;li&gt;Proven ability to articulate the business value of complex enterprise technology&lt;/li&gt;
&lt;li&gt;A track record of overachievement and hitting sales targets&lt;/li&gt;
&lt;li&gt;Skilled in building business champions and running a complex sales process&lt;/li&gt;
&lt;li&gt;Previous Sales Methodology training (e.g. MEDDIC, SPIN, Challenger Sales)&lt;/li&gt;
&lt;li&gt;Familiarity with databases, DevOps, and open source technology a plus&lt;/li&gt;
&lt;li&gt;Skilled in managing time and resources; sound approach to qualifying opportunities&lt;/li&gt;
&lt;li&gt;Possess aptitude to learn quickly and establish credibility. High EQ and self-aware&lt;/li&gt;
&lt;li&gt;Must live in territory China (BJ, SH, and SZ)&lt;/li&gt;
&lt;li&gt;English and Chinese speaking&lt;/li&gt;
&lt;li&gt;Passionate about growing your career in the largest market in software (database) and developing and maintaining an in-depth understanding of MongoDB products&lt;/li&gt;
&lt;/ul&gt;
&lt;h3&gt;Our Core Value&lt;/h3&gt;
&lt;ul&gt;
&lt;li&gt;Think Big, Go Far: We are big dreamers with a passion for creativity. We eagerly pursue new opportunities and markets through innovation and disruption&lt;/li&gt;
&lt;li&gt;Make It Matter: We are relentless in our pursuit of a significant impact. We think strategically and are clear on what we are and are not trying to do&lt;/li&gt;
&lt;li&gt;Build Together: We achieve outstanding things by connecting and demonstrating the diversity of skills, experiences, and backgrounds of our entire organization&lt;/li&gt;
&lt;li&gt;Embrace the Power of Differences: We commit to crafting a culture of inclusion by seeking and valuing employees from different backgrounds and circumstances. This is cultivated by learning from and respecting each other’s differences&lt;/li&gt;
&lt;li&gt;Be Intellectually Honest: We embrace reality. We apply high-quality thinking and rigor. We have courage in our convictions but work hard to ensure biases or personal beliefs do not get in the way of finding the best solution&lt;/li&gt;
&lt;li&gt;Own What You Do: We take ownership and are accountable for everything that we do. We empower and are empowered to make things happen, and balance independence with interdependence&lt;/li&gt;
&lt;/ul&gt;
&lt;h3&gt;About MongoDB&lt;/h3&gt;
&lt;p&gt;MongoDB is built for change, empowering our customers and our people to innovate at the speed of the market. We have redefined the database for the AI era, enabling innovators to create, transform, and disrupt industries with software. MongoDB’s unified database platform—the most widely available, globally distributed database on the market—helps organizations modernize legacy workloads, embrace innovation, and unleash AI. Our cloud-native platform, MongoDB Atlas, is the only globally distributed, multi-cloud database and is available across AWS, Google Cloud, and Microsoft Azure.&lt;/p&gt;
&lt;p&gt;With offices worldwide and nearly 60,000 customers—including 75% of the Fortune 100 and AI-native startups—relying on MongoDB for their most important applications, we’re powering the next era of software.&lt;/p&gt;
&lt;p&gt;Our compass at MongoDB is our &lt;a href=&quot;https://www.mongodb.com/company&quot;&gt;Leadership Commitment,&lt;/a&gt; guiding how and why we make decisions, show up for each other, and win. It’s what makes us MongoDB.&lt;/p&gt;
&lt;p&gt;To drive the personal growth and business impact of our employees, we’re committed to developing a supportive and enriching culture for everyone. &lt;a href=&quot;https://www.mongodb.com/company/blog/culture/employee-benefits-that-make-a-difference-at-mongodb&quot;&gt;From employee affinity groups, to fertility assistance and a generous parental leave policy&lt;/a&gt;, we value our employees’ wellbeing and want to support them along every step of their professional and personal journeys.&lt;a href=&quot;https://www.mongodb.com/blog/channel/culture&quot;&gt; Learn more about what it’s like to work at MongoDB&lt;/a&gt;, and help us make an impact on the world!&lt;/p&gt;
&lt;p&gt;MongoDB is committed to providing any necessary accommodations for individuals with disabilities within our application and interview process. To request an accommodation due to a disability, please inform your recruiter.&lt;/p&gt;
&lt;p&gt;MongoDB is an equal opportunities employer.&lt;/p&gt;
&lt;p&gt;REQ ID 425322&lt;/p&gt;",https://www.mongodb.com/careers/job/?gh_jid=6829771,2025-04-24T12:24:51-04:00,2026-08-11T15:55:02-04:00,False,greenhouse_api,2026-08-12,"We are looking for innovative, experienced sales individuals with extraordinary energy, passion, and initiative to drive partner awareness and channel new business for the fastest growing database in the world, MongoDB.
The Manager of Cloud Partners role owns all the sales and channels related to our MongoDB as a Service partnerships in the region. This individual will be accountable for developing a strategy to generate an incremental sales pipeline with the cloud partners, increasing their efficiency via sales and technical enablement, joint marketing, post-sales support, and demonstrating to them how to sell the value of MongoDB.
We are looking to speak to candidates who are based in Shanghai, Beijing and Shenzhen for our hybrid working model.
Responsibilities
Run Cloud Partner relationships in the China Area with a direct reporting line to the Regional Director of Mainland China
Build and execute go to market programs (co-selling and co-marketing) with Cloud Partners
Drive enablement and field alignment activities to deliver incremental MongoDB revenue with Cloud Partners
Own New ACV quota & pipeline creation goal for Cloud Partner’s MongoDB as a Service business in the region
Proactively helping prospect, identify, qualify, and develop a sales pipeline with the Cloud Partner’s regional sales teams
Provide both business and technical expertise to the Cloud Partners to help them sell the value of MongoDB
Interlock with MongoDB’s Global Partner team, Pre-sales, Post-sales, and Marketing support
Participate in our sales enablement training, including our comprehensive Sales Bootcamp, sophisticated sales training, and leadership and development programs
Requirements
BA/BS required
5+ years field experience of quota-carrying experience in a fast-paced and competitive market with a focus on new business
Technically knowledgeable in the enterprise software and cloud computing space
At least 5 years generating pipeline and selling in the Cloud/Database/IaaS space working with companies like Alibaba, Tencent, AWS, & Baidu
Proven ability to articulate the business value of complex enterprise technology
A track record of overachievement and hitting sales targets
Skilled in building business champions and running a complex sales process
Previous Sales Methodology training (e.g. MEDDIC, SPIN, Challenger Sales)
Familiarity with databases, DevOps, and open source technology a plus
Skilled in managing time and resources; sound approach to qualifying opportunities
Possess aptitude to learn quickly and establish credibility. High EQ and self-aware
Must live in territory China (BJ, SH, and SZ)
English and Chinese speaking
Passionate about growing your career in the largest market in software (database) and developing and maintaining an in-depth understanding of MongoDB products
Our Core Value
Think Big, Go Far: We are big dreamers with a passion for creativity. We eagerly pursue new opportunities and markets through innovation and disruption
Make It Matter: We are relentless in our pursuit of a significant impact. We think strategically and are clear on what we are and are not trying to do
Build Together: We achieve outstanding things by connecting and demonstrating the diversity of skills, experiences, and backgrounds of our entire organization
Embrace the Power of Differences: We commit to crafting a culture of inclusion by seeking and valuing employees from different backgrounds and circumstances. This is cultivated by learning from and respecting each other’s differences
Be Intellectually Honest: We embrace reality. We apply high-quality thinking and rigor. We have courage in our convictions but work hard to ensure biases or personal beliefs do not get in the way of finding the best solution
Own What You Do: We take ownership and are accountable for everything that we do. We empower and are empowered to make things happen, and balance independence with interdependence
About MongoDB
MongoDB is built for change, empowering our customers and our people to innovate at the speed of the market. We have redefined the database for the AI era, enabling innovators to create, transform, and disrupt industries with software. MongoDB’s unified database platform—the most widely available, globally distributed database on the market—helps organizations modernize legacy workloads, embrace innovation, and unleash AI. Our cloud-native platform, MongoDB Atlas, is the only globally distributed, multi-cloud database and is available across AWS, Google Cloud, and Microsoft Azure.
With offices worldwide and nearly 60,000 customers—including 75% of the Fortune 100 and AI-native startups—relying on MongoDB for their most important applications, we’re powering the next era of software.
Our compass at MongoDB is our
Leadership Commitment,
guiding how and why we make decisions, show up for each other, and win. It’s what makes us MongoDB.
To drive the personal growth and business impact of our employees, we’re committed to developing a supportive and enriching culture for everyone.
From employee affinity groups, to fertility assistance and a generous parental leave policy
, we value our employees’ wellbeing and want to support them along every step of their professional and personal journeys.
Learn more about what it’s like to work at MongoDB
, and help us make an impact on the world!
MongoDB is committed to providing any necessary accommodations for individuals with disabilities within our application and interview process. To request an accommodation due to a disability, please inform your recruiter.
MongoDB is an equal opportunities employer.
REQ ID 425322",MongoDB,Enterprise Account Manager - OEM,Beijing; Shanghai; Shenzhen,Business/Ops,AWS; Azure; GCP; Cloud; MongoDB; DevOps,Bachelor,Mentioned,5.0,,0,,AWS; Azure; Cloud; DevOps; GCP; MongoDB,JD 明确要求约 5+ 年经验
MongoDB,mongodb,Senior Solutions Architect,Shenzhen,"&lt;p&gt;We are looking for passionate technologists to join our Pre-Sales organization to ensure that our growth is grounded and guided by strong technical alignment with our platform and the needs of our customers.&lt;/p&gt;
&lt;p&gt;MongoDB Pre-Sales Solution Architects are responsible for guiding our customers and users to design and build reliable, scalable systems using our data platform. Our team is made up of seasoned technical sales professionals, software architects, entrepreneurs, and developers who take direct responsibility for customer success, including the design of their software, deployment, and operations. You&#39;ll work closely with our sales executives, helping customers solve business problems by leveraging our solutions, playing a key role in winning deals and driving the business forward. You&#39;ll be a trusted advisor to a wide range of users from startups to the world&#39;s largest enterprise IT organizations.&amp;nbsp;&lt;/p&gt;
&lt;p&gt;This role can be based in-office in Shenzhen&lt;/p&gt;
&lt;h3&gt;As an ideal candidate, you will have&lt;/h3&gt;
&lt;ul&gt;
&lt;li&gt;Ideally 8 - 11 years of related experience in a customer facing role, minimum 3 years of experience in pre-sales with enterprise software&lt;/li&gt;
&lt;li&gt;Minimum of 3 years experience with modern scripting languages (e.g. Python, Node.js, SQL) and/or popular programming languages (e.g. C/C++, Java, C#) in a professional capacity&lt;/li&gt;
&lt;li&gt;Experience designing with scalable and highly available distributed systems in the cloud and on-prem&lt;/li&gt;
&lt;li&gt;Demonstrated ability to work with customers to review complex architecture of existing applications, providing guidance on how to improve by leveraging technology&lt;/li&gt;
&lt;li&gt;Excellent presentation, communication, and interpersonal skills, with the ability to convey complex technical and business concepts in a clear and compelling manner to technology and business leadership.&lt;/li&gt;
&lt;li&gt;Ability to strategize with sales teams and provide recommendations on how to drive a multi-threaded account strategy, aligning other MongoDB and ecosystem resources to move towards a mutually beneficial account plan&lt;/li&gt;
&lt;li&gt;The ability to travel up to 25%&lt;/li&gt;
&lt;li&gt;A Bachelor’s degree or equivalent work experience&lt;/li&gt;
&lt;/ul&gt;
&lt;h3&gt;You may also have&lt;/h3&gt;
&lt;ul&gt;
&lt;li&gt;Experience selling databases and/or deploying applications with any of the major cloud providers&amp;nbsp;&lt;/li&gt;
&lt;li&gt;Experience with database programming and data models&amp;nbsp;&lt;/li&gt;
&lt;li&gt;Experience in data engineering or AI/ML projects&lt;/li&gt;
&lt;li&gt;Experience in transforming legacy systems and platforms into modern, scalable, and efficient technology stacks&lt;/li&gt;
&lt;li&gt;Understanding of popular sales methodologies/ frameworks such as MEDDPICC/ Command of the Message&lt;/li&gt;
&lt;li&gt;A MongoDB Certification&lt;/li&gt;
&lt;li&gt;A Cloud Provider Certification&lt;/li&gt;
&lt;/ul&gt;
&lt;h3&gt;What you do at MongoDB&lt;/h3&gt;
&lt;p&gt;In this role, you will work on complex opportunities where analysis of situations or data requires an in-depth evaluation of various factors. You will:&lt;/p&gt;
&lt;ul&gt;
&lt;li&gt;Design and Architect: Design scalable and performant applications, systems and infrastructure for large software projects leveraging MongoDB.&lt;/li&gt;
&lt;li&gt;Customer Advising and Value Articulation: Guide customers on architecture patterns and optimisation strategies for MongoDB, while clearly communicating its business value to the relevant stakeholders.&amp;nbsp;&lt;/li&gt;
&lt;li&gt;Sales Partnership: Collaborate with the sales team to drive account success through account planning, opportunity prioritization/qualification and pipeline generation strategy, while taking ownership of the technical aspects (including but not limited to technical discovery, demos, proof of value, presentations, sizing and documentation)&lt;/li&gt;
&lt;li&gt;Demand Generation: Proactively generate demand within the sales territory through self-driven technical initiatives, participation in events such as industry trade shows and account-based marketing events&lt;/li&gt;
&lt;li&gt;Customer Success: Foster strong customer relationships, build champions and ensure customer success and satisfaction&lt;/li&gt;
&lt;li&gt;Innovation and Improvement: Continuously seek opportunities to innovate and improve MongoDB solutions and processes (e.g. by relaying field feedback to the product team), as well as proactively mentor other Solutions Consulting team members&amp;nbsp;&lt;/li&gt;
&lt;li&gt;Personal Training and Development: Engage in ongoing training and professional development to stay abreast of MongoDB product suite as well as industry trends&lt;/li&gt;
&lt;/ul&gt;
&lt;h3&gt;What you will learn&lt;/h3&gt;
&lt;p&gt;MongoDB Product Suite Mastery:&lt;/p&gt;
&lt;ul&gt;
&lt;li&gt;Core Database Server: Master the fundamentals and advanced features of MongoDB&#39;s core database.&lt;/li&gt;
&lt;li&gt;Atlas and Advanced Services: Gain expertise in Atlas (fully managed cloud database service), Atlas Stream Processing, Atlas Data Lake, Atlas Full-Text Search, Atlas Vector Search, and Charts.&lt;/li&gt;
&lt;li&gt;Relational Migrator: Learn to migrate from relational databases seamlessly.&lt;/li&gt;
&lt;/ul&gt;
&lt;p&gt;Market-Relevant Technologies:&lt;/p&gt;
&lt;ul&gt;
&lt;li&gt;Hyperscaler Ecosystem: Gain expertise in designing complex systems utilizing cloud services on hyperscaler platforms.&amp;nbsp;&lt;/li&gt;
&lt;li&gt;Complementary Technologies: Enhance your skills with partner and complementary technologies such as Apache Kafka and Kubernetes.&lt;/li&gt;
&lt;/ul&gt;
&lt;p&gt;Modern Architecture Design:&lt;/p&gt;
&lt;ul&gt;
&lt;li&gt;Design Patterns and Methodologies: Embrace best practices in microservices, DevOps, cloud, and security.&lt;/li&gt;
&lt;li&gt;Cutting Edge RAG and AI Architectures: Help customers on their generative AI journeys and working with industry leading partners in the space&lt;/li&gt;
&lt;/ul&gt;
&lt;p&gt;Sales Techniques and Soft Skills:&lt;/p&gt;
&lt;ul&gt;
&lt;li&gt;Effective Communication: Master presentations, demonstrations, and whiteboarding.&lt;/li&gt;
&lt;li&gt;Client Interaction: Develop strategies for discovery and objection handling.&lt;/li&gt;
&lt;/ul&gt;
&lt;p&gt;Industry Insights:&lt;/p&gt;
&lt;ul&gt;
&lt;li&gt;Diverse Market Verticals: Gain exposure to a broad spectrum of interesting use cases across various industries.&lt;/li&gt;
&lt;/ul&gt;
&lt;h3&gt;About MongoDB&lt;/h3&gt;
&lt;p&gt;MongoDB is built for change, empowering our customers and our people to innovate at the speed of the market. We have redefined the data platform for the AI era, enabling builders to create, transform, and disrupt industries with software. MongoDB’s unified data platform, the most widely available, globally distributed data platform on the market, helps organizations modernize legacy workloads, embrace innovation, and unleash AI. Our cloud-native platform, MongoDB Atlas, is the only globally distributed, multi-cloud data platform and is available across AWS, Google Cloud, and Microsoft Azure.&lt;/p&gt;
&lt;p&gt;With offices worldwide and over 67,000 customers, including 75% of the Fortune 100 and AI-native startups, relying on MongoDB for their most important applications, we’re powering the next era of software.&lt;/p&gt;
&lt;p&gt;Our compass at MongoDB is our &lt;a href=&quot;https://www.mongodb.com/company&quot;&gt;Leadership Commitment,&lt;/a&gt; guiding how and why we make decisions, show up for each other, and win. It’s what makes us MongoDB.&lt;/p&gt;
&lt;p&gt;To drive the personal growth and business impact of our employees, we’re committed to developing a supportive and enriching culture for everyone. &lt;a href=&quot;https://www.mongodb.com/company/blog/culture/employee-benefits-that-make-a-difference-at-mongodb&quot;&gt;From employee affinity groups, to fertility assistance and a generous parental leave policy&lt;/a&gt;, we value our employees’ wellbeing and want to support them along every step of their professional and personal journeys.&lt;a href=&quot;https://www.mongodb.com/blog/channel/culture&quot;&gt; Learn more about what it’s like to work at MongoDB&lt;/a&gt;, and help us make an impact on the world!&lt;/p&gt;
&lt;p&gt;MongoDB is committed to providing any necessary accommodations for individuals with disabilities within our application and interview process. To request an accommodation due to a disability, please inform your recruiter.&lt;/p&gt;
&lt;p&gt;MongoDB is an equal opportunities employer.&lt;/p&gt;
&lt;p&gt;Req ID: 425526&lt;/p&gt;",https://www.mongodb.com/careers/job/?gh_jid=7157100,2025-08-14T01:43:07-04:00,2026-08-11T15:55:02-04:00,False,greenhouse_api,2026-08-12,"We are looking for passionate technologists to join our Pre-Sales organization to ensure that our growth is grounded and guided by strong technical alignment with our platform and the needs of our customers.
MongoDB Pre-Sales Solution Architects are responsible for guiding our customers and users to design and build reliable, scalable systems using our data platform. Our team is made up of seasoned technical sales professionals, software architects, entrepreneurs, and developers who take direct responsibility for customer success, including the design of their software, deployment, and operations. You'll work closely with our sales executives, helping customers solve business problems by leveraging our solutions, playing a key role in winning deals and driving the business forward. You'll be a trusted advisor to a wide range of users from startups to the world's largest enterprise IT organizations.
This role can be based in-office in Shenzhen
As an ideal candidate, you will have
Ideally 8 - 11 years of related experience in a customer facing role, minimum 3 years of experience in pre-sales with enterprise software
Minimum of 3 years experience with modern scripting languages (e.g. Python, Node.js, SQL) and/or popular programming languages (e.g. C/C++, Java, C#) in a professional capacity
Experience designing with scalable and highly available distributed systems in the cloud and on-prem
Demonstrated ability to work with customers to review complex architecture of existing applications, providing guidance on how to improve by leveraging technology
Excellent presentation, communication, and interpersonal skills, with the ability to convey complex technical and business concepts in a clear and compelling manner to technology and business leadership.
Ability to strategize with sales teams and provide recommendations on how to drive a multi-threaded account strategy, aligning other MongoDB and ecosystem resources to move towards a mutually beneficial account plan
The ability to travel up to 25%
A Bachelor’s degree or equivalent work experience
You may also have
Experience selling databases and/or deploying applications with any of the major cloud providers
Experience with database programming and data models
Experience in data engineering or AI/ML projects
Experience in transforming legacy systems and platforms into modern, scalable, and efficient technology stacks
Understanding of popular sales methodologies/ frameworks such as MEDDPICC/ Command of the Message
A MongoDB Certification
A Cloud Provider Certification
What you do at MongoDB
In this role, you will work on complex opportunities where analysis of situations or data requires an in-depth evaluation of various factors. You will:
Design and Architect: Design scalable and performant applications, systems and infrastructure for large software projects leveraging MongoDB.
Customer Advising and Value Articulation: Guide customers on architecture patterns and optimisation strategies for MongoDB, while clearly communicating its business value to the relevant stakeholders.
Sales Partnership: Collaborate with the sales team to drive account success through account planning, opportunity prioritization/qualification and pipeline generation strategy, while taking ownership of the technical aspects (including but not limited to technical discovery, demos, proof of value, presentations, sizing and documentation)
Demand Generation: Proactively generate demand within the sales territory through self-driven technical initiatives, participation in events such as industry trade shows and account-based marketing events
Customer Success: Foster strong customer relationships, build champions and ensure customer success and satisfaction
Innovation and Improvement: Continuously seek opportunities to innovate and improve MongoDB solutions and processes (e.g. by relaying field feedback to the product team), as well as proactively mentor other Solutions Consulting team members
Personal Training and Development: Engage in ongoing training and professional development to stay abreast of MongoDB product suite as well as industry trends
What you will learn
MongoDB Product Suite Mastery:
Core Database Server: Master the fundamentals and advanced features of MongoDB's core database.
Atlas and Advanced Services: Gain expertise in Atlas (fully managed cloud database service), Atlas Stream Processing, Atlas Data Lake, Atlas Full-Text Search, Atlas Vector Search, and Charts.
Relational Migrator: Learn to migrate from relational databases seamlessly.
Market-Relevant Technologies:
Hyperscaler Ecosystem: Gain expertise in designing complex systems utilizing cloud services on hyperscaler platforms.
Complementary Technologies: Enhance your skills with partner and complementary technologies such as Apache Kafka and Kubernetes.
Modern Architecture Design:
Design Patterns and Methodologies: Embrace best practices in microservices, DevOps, cloud, and security.
Cutting Edge RAG and AI Architectures: Help customers on their generative AI journeys and working with industry leading partners in the space
Sales Techniques and Soft Skills:
Effective Communication: Master presentations, demonstrations, and whiteboarding.
Client Interaction: Develop strategies for discovery and objection handling.
Industry Insights:
Diverse Market Verticals: Gain exposure to a broad spectrum of interesting use cases across various industries.
About MongoDB
MongoDB is built for change, empowering our customers and our people to innovate at the speed of the market. We have redefined the data platform for the AI era, enabling builders to create, transform, and disrupt industries with software. MongoDB’s unified data platform, the most widely available, globally distributed data platform on the market, helps organizations modernize legacy workloads, embrace innovation, and unleash AI. Our cloud-native platform, MongoDB Atlas, is the only globally distributed, multi-cloud data platform and is available across AWS, Google Cloud, and Microsoft Azure.
With offices worldwide and over 67,000 customers, including 75% of the Fortune 100 and AI-native startups, relying on MongoDB for their most important applications, we’re powering the next era of software.
Our compass at MongoDB is our
Leadership Commitment,
guiding how and why we make decisions, show up for each other, and win. It’s what makes us MongoDB.
To drive the personal growth and business impact of our employees, we’re committed to developing a supportive and enriching culture for everyone.
From employee affinity groups, to fertility assistance and a generous parental leave policy
, we value our employees’ wellbeing and want to support them along every step of their professional and personal journeys.
Learn more about what it’s like to work at MongoDB
, and help us make an impact on the world!
MongoDB is committed to providing any necessary accommodations for individuals with disabilities within our application and interview process. To request an accommodation due to a disability, please inform your recruiter.
MongoDB is an equal opportunities employer.
Req ID: 425526",MongoDB,Senior Solutions Architect,Shenzhen,Solution/Support,Python; SQL; Java; JavaScript; Machine Learning; Generative AI; RAG; Kubernetes; AWS; Azure; GCP; Cloud; Kafka; MongoDB; Node.js; Data Engineering; DevOps,Master,Not specified,11.0,,0,Python; SQL,AWS; Azure; Cloud; Data Engineering; DevOps; GCP; Generative AI; Java; JavaScript; Kafka; Kubernetes; Machine Learning; MongoDB; Node.js; RAG,JD 明确要求约 11+ 年经验；学历要求为 Master，当前学历层级为 Bachelor
The Trade Desk,thetradedesk,Staff/Sr Software Engineer,Shanghai,"&lt;div class=&quot;content-intro&quot;&gt;&lt;p&gt;The Trade Desk is a global technology company and the world’s leading independent platform for digital advertising, with nearly 4,000 employees across more than 30 offices. Our technology helps advertisers reach the right audiences across the open internet — from streaming TV and podcasts to mobile apps, news, and more.&amp;nbsp; &lt;br&gt;&lt;br&gt;Advertising powers the content people love. By making it more transparent, effective, and responsible, we help support trusted journalism, quality entertainment, and creators worldwide. The world’s brands and agencies rely on us to reach their customers and grow their businesses responsibly. &lt;br&gt;&lt;br&gt;The scale of our platform brings unique technical challenges — from processing massive datasets in real time to building systems that operate reliably on a global scale. When you work here, your impact is worldwide. We welcome diverse perspectives, encourage curiosity, and build teams that learn from one another. If you’re driven to solve meaningful challenges, we’d love to meet you.&lt;/p&gt;&lt;/div&gt;&lt;p&gt;The Trade Desk is a global technology company with a mission to create a better, more open Internet for everyone through principled, intelligent advertising.&lt;/p&gt;
&lt;p&gt;Handling over 1 Trillion queries per day, our team works with some of the most exciting stacks to keep up with our unprecedented scale. Whether it’s spark clusters, databricks, machine learning, or anything else, we choose the right technology to handle our difficult problems. Our team works together to solve these and other difficult problems. We are constantly learning, building, and working together.&lt;/p&gt;
&lt;p&gt;Do you have a passion for solving hard problems at scale? Are you eager to join a team of like-minded, talented, passionate engineers who are as excited by our challenges as you are?&lt;/p&gt;
&lt;p&gt;&amp;nbsp;&lt;/p&gt;
&lt;p&gt;&lt;strong&gt;ABOUT THE ROLE:&lt;/strong&gt;&lt;/p&gt;
&lt;p&gt;Our Staff and Senior Software Engineers take end-to-end ownership of designing, building, and delivering the high-performance systems and data products that power our platform. You will actively participate in all aspects of this process.&lt;/p&gt;
&lt;p&gt;You will tackle petabyte-scale data challenges and large-scale, low-latency distributed systems coordinating thousands of servers across both cloud and physical data centers worldwide, alongside high-throughput data pipelines, real-time services, and machine learning, to name just a few.&lt;/p&gt;
&lt;p&gt;You will work on a variety of problems, which may include high-throughput data ingestion and processing pipelines, large-scale storage systems, low-latency services and APIs, performance optimization, automation, data quality, data governance, and data privacy.&lt;/p&gt;
&lt;p&gt;You will collaborate closely with engineers, data scientists, and product partners across the company to bring exceptional solutions to our customers.&lt;/p&gt;
&lt;p&gt;&lt;strong&gt;WHO WE ARE LOOKING FOR:&lt;/strong&gt;&lt;/p&gt;
&lt;p&gt;You have a sustained track record of making significant, self-directed, and end-to-end contributions to large and impactful engineering projects. You think beyond just the task at hand to deeply understand the &#39;why&#39; behind what you are doing.&lt;/p&gt;
&lt;p&gt;You understand engineering fundamentals and are a creative thinker. At our scale, many off-the-shelf techniques and existing technologies (open source and enterprise) simply don&#39;t work. You are able to work from first principles to evaluate solutions and adapt them to a unique environment. You are not bound by &quot;the way things have always been done&quot;. We don&#39;t need engineers who know all the answers; we need engineers who can invent the answers no one has thought of yet, to the questions yet to be asked.&lt;/p&gt;
&lt;p&gt;You have experience building large-scale, distributed, or data-intensive systems. You&#39;ve developed with a variety of platforms and technologies, such as C++, .NET Core, Rust, Spark, Kafka, Kubernetes, etc..&lt;/p&gt;
&lt;p&gt;You care deeply about performance and efficiency. You are comfortable profiling and analyzing complex systems, identifying bottlenecks, and improving latency, throughput, and resource utilization at scale.&lt;/p&gt;
&lt;p&gt;Bonus: experience with GPU or high-performance computing (HPC) is a plus, but not required — for example, ML model serving and inference optimization, GPU profiling and performance analysis, or kernel- and operator-level optimization. We care more about strong engineering fundamentals and a willingness to learn.&lt;/p&gt;
&lt;p&gt;You have an impact-focused mindset. You connect deep technical work to real outcomes — the performance, efficiency, reliability, and cost wins that empower teams across the company — and take pride in pushing one of the world&#39;s largest and most influential industries toward a vision of openness, transparency, and evidence-based decision-making.&lt;/p&gt;
&lt;p&gt;You work with confidence and without ego. Our engineers exercise a high degree of leadership in their daily work: you drive technical direction, mentor and share your knowledge generously, and advocate for what you believe is right with strongly-held, defensible ideas. You are also adept at identifying and evaluating trade-offs, willing to be proven wrong, and quick to walk through fire to support your fellow teammates.&lt;/p&gt;
&lt;p&gt;&lt;span data-contrast=&quot;auto&quot;&gt;Variety of technical opportunity is one of the best things about working at The Trade Desk as a software engineer which is why we do not expect you to know every technology we use when you start. What we care about is that you can learn quickly and find solutions to complex problems using the optimum tools for the job.&lt;/span&gt;&lt;span data-contrast=&quot;auto&quot;&gt; &lt;/span&gt;&lt;span data-contrast=&quot;auto&quot;&gt;What you know is less important than how well you learn and innovate. We don&#39;t need engineers who know all the answers; we need engineers who can invent the answers no one has thought of yet, to the questions yet to be asked.&lt;/span&gt;&lt;span data-contrast=&quot;auto&quot;&gt; &lt;/span&gt;&lt;span data-ccp-props=&quot;{&amp;quot;201341983&amp;quot;:0,&amp;quot;335559739&amp;quot;:0,&amp;quot;335559740&amp;quot;:240}&quot;&gt;&amp;nbsp;&lt;/span&gt;&lt;/p&gt;
&lt;p&gt;&lt;span data-ccp-props=&quot;{&amp;quot;201341983&amp;quot;:0,&amp;quot;335559739&amp;quot;:0,&amp;quot;335559740&amp;quot;:240}&quot;&gt;&lt;em&gt;The Trade Desk does not accept unsolicited resumes from search firm recruiters. Fees will not be paid in the event a candidate submitted by a recruiter without an agreement in place is hired; such resumes will be deemed the sole property of The Trade Desk. The Trade Desk is an equal opportunity employer. All aspects of employment will be based on merit, competence, performance, and business needs. We do not discriminate on the basis of race, color, religion, marital status, age, national origin, ancestry, physical or mental disability, medical condition, pregnancy, genetic information, gender, sexual orientation, gender identity or expression, veteran status, or any other status protected under federal, state, or local law.&lt;/em&gt;&lt;/span&gt;&lt;/p&gt;&lt;div class=&quot;content-conclusion&quot;&gt;&lt;p&gt;&lt;/p&gt;
&lt;p&gt;As an Equal Opportunity Employer, The Trade Desk is committed to creating an inclusive hiring experience where everyone has the opportunity to thrive.&lt;/p&gt;
&lt;p&gt;Please reach out to us at&amp;nbsp;&lt;a href=&quot;mailto:accommodations@thetradedesk.com&quot; target=&quot;_blank&quot;&gt;accommodations@​thetradedesk.​com&lt;/a&gt;&amp;nbsp;to request an accommodation or discuss any accessibility needs you may require to access our Company Website or navigate any part of the hiring process.&amp;nbsp;&lt;/p&gt;
&lt;p&gt;When you contact us, please include your preferred contact details and specify the nature of your accommodation request or questions. Any information you share will be handled confidentially and will not impact our hiring decisions.&lt;/p&gt;
&lt;p&gt;&lt;/p&gt;&lt;/div&gt;",https://job-boards.greenhouse.io/thetradedesk/jobs/5201388007,2026-08-03T04:59:15-04:00,2026-08-07T00:46:07-04:00,False,greenhouse_api,2026-08-12,"The Trade Desk is a global technology company and the world’s leading independent platform for digital advertising, with nearly 4,000 employees across more than 30 offices. Our technology helps advertisers reach the right audiences across the open internet — from streaming TV and podcasts to mobile apps, news, and more.
Advertising powers the content people love. By making it more transparent, effective, and responsible, we help support trusted journalism, quality entertainment, and creators worldwide. The world’s brands and agencies rely on us to reach their customers and grow their businesses responsibly.
The scale of our platform brings unique technical challenges — from processing massive datasets in real time to building systems that operate reliably on a global scale. When you work here, your impact is worldwide. We welcome diverse perspectives, encourage curiosity, and build teams that learn from one another. If you’re driven to solve meaningful challenges, we’d love to meet you.
The Trade Desk is a global technology company with a mission to create a better, more open Internet for everyone through principled, intelligent advertising.
Handling over 1 Trillion queries per day, our team works with some of the most exciting stacks to keep up with our unprecedented scale. Whether it’s spark clusters, databricks, machine learning, or anything else, we choose the right technology to handle our difficult problems. Our team works together to solve these and other difficult problems. We are constantly learning, building, and working together.
Do you have a passion for solving hard problems at scale? Are you eager to join a team of like-minded, talented, passionate engineers who are as excited by our challenges as you are?
ABOUT THE ROLE:
Our Staff and Senior Software Engineers take end-to-end ownership of designing, building, and delivering the high-performance systems and data products that power our platform. You will actively participate in all aspects of this process.
You will tackle petabyte-scale data challenges and large-scale, low-latency distributed systems coordinating thousands of servers across both cloud and physical data centers worldwide, alongside high-throughput data pipelines, real-time services, and machine learning, to name just a few.
You will work on a variety of problems, which may include high-throughput data ingestion and processing pipelines, large-scale storage systems, low-latency services and APIs, performance optimization, automation, data quality, data governance, and data privacy.
You will collaborate closely with engineers, data scientists, and product partners across the company to bring exceptional solutions to our customers.
WHO WE ARE LOOKING FOR:
You have a sustained track record of making significant, self-directed, and end-to-end contributions to large and impactful engineering projects. You think beyond just the task at hand to deeply understand the 'why' behind what you are doing.
You understand engineering fundamentals and are a creative thinker. At our scale, many off-the-shelf techniques and existing technologies (open source and enterprise) simply don't work. You are able to work from first principles to evaluate solutions and adapt them to a unique environment. You are not bound by ""the way things have always been done"". We don't need engineers who know all the answers; we need engineers who can invent the answers no one has thought of yet, to the questions yet to be asked.
You have experience building large-scale, distributed, or data-intensive systems. You've developed with a variety of platforms and technologies, such as C++, .NET Core, Rust, Spark, Kafka, Kubernetes, etc..
You care deeply about performance and efficiency. You are comfortable profiling and analyzing complex systems, identifying bottlenecks, and improving latency, throughput, and resource utilization at scale.
Bonus: experience with GPU or high-performance computing (HPC) is a plus, but not required — for example, ML model serving and inference optimization, GPU profiling and performance analysis, or kernel- and operator-level optimization. We care more about strong engineering fundamentals and a willingness to learn.
You have an impact-focused mindset. You connect deep technical work to real outcomes — the performance, efficiency, reliability, and cost wins that empower teams across the company — and take pride in pushing one of the world's largest and most influential industries toward a vision of openness, transparency, and evidence-based decision-making.
You work with confidence and without ego. Our engineers exercise a high degree of leadership in their daily work: you drive technical direction, mentor and share your knowledge generously, and advocate for what you believe is right with strongly-held, defensible ideas. You are also adept at identifying and evaluating trade-offs, willing to be proven wrong, and quick to walk through fire to support your fellow teammates.
Variety of technical opportunity is one of the best things about working at The Trade Desk as a software engineer which is why we do not expect you to know every technology we use when you start. What we care about is that you can learn quickly and find solutions to complex problems using the optimum tools for the job.
What you know is less important than how well you learn and innovate. We don't need engineers who know all the answers; we need engineers who can invent the answers no one has thought of yet, to the questions yet to be asked.
The Trade Desk does not accept unsolicited resumes from search firm recruiters. Fees will not be paid in the event a candidate submitted by a recruiter without an agreement in place is hired; such resumes will be deemed the sole property of The Trade Desk. The Trade Desk is an equal opportunity employer. All aspects of employment will be based on merit, competence, performance, and business needs. We do not discriminate on the basis of race, color, religion, marital status, age, national origin, ancestry, physical or mental disability, medical condition, pregnancy, genetic information, gender, sexual orientation, gender identity or expression, veteran status, or any other status protected under federal, state, or local law.
As an Equal Opportunity Employer, The Trade Desk is committed to creating an inclusive hiring experience where everyone has the opportunity to thrive.
Please reach out to us at
accommodations@​thetradedesk.​com
to request an accommodation or discuss any accessibility needs you may require to access our Company Website or navigate any part of the hiring process.
When you contact us, please include your preferred contact details and specify the nature of your accommodation request or questions. Any information you share will be handled confidentially and will not impact our hiring decisions.",The Trade Desk,Staff/Sr Software Engineer,Shanghai,Software/Cloud,Machine Learning; Kubernetes; Spark; Kafka; REST API,Not specified,Not specified,,,0,,Kafka; Kubernetes; Machine Learning; REST API; Spark,
Moloco,moloco,Expression of Interest: Senior Growth Manager (Ad Sales),Beijing,"&lt;div class=&quot;content-intro&quot;&gt;&lt;p&gt;&lt;strong&gt;About Moloco:&lt;/strong&gt;&lt;/p&gt;
&lt;p&gt;Moloco builds some of the most powerful AI advertising solutions in the world. Our name—short for &quot;machine learning company&quot;—reflects our core mission: democratizing access to the advanced AI that has historically been reserved for tech giants. Led by machine learning pioneers who built some of the most successful ad systems at Google, including YouTube&#39;s monetization engine and key search advertising technologies, we&#39;re transforming how businesses grow and compete in the digital economy.&lt;/p&gt;
&lt;p&gt;Built with AI from day one, Moloco’s planet-scale machine learning platform powers a suite of solutions for advertising growth and monetization. &lt;a href=&quot;https://www.moloco.com/solutions/moloco-ads&quot;&gt;&lt;strong&gt;Moloco Ads&lt;/strong&gt;&lt;/a&gt; is an AI-powered platform that delivers real business outcomes for mobile app marketers through performance-based user acquisition. &lt;a href=&quot;https://www.moloco.com/solutions/moloco-commerce-media&quot;&gt;&lt;strong&gt;Moloco Commerce Media&lt;/strong&gt;&lt;/a&gt; enables retailers and marketplaces to build revenue-generating ad businesses that balance user experience and advertiser performance.&lt;/p&gt;
&lt;p&gt;Moloco is headquartered in Silicon Valley, with offices in Seattle, New York, San Francisco, Seoul, Beijing, Singapore, Gurgaon, Tokyo, Shanghai, London, Tel Aviv, and Berlin.&lt;/p&gt;
&lt;p&gt;Moloco is a truly rewarding place to work and in an exciting period of growth, which you could be a part of. Join us today and apply now!&lt;/p&gt;&lt;/div&gt;&lt;p&gt;========================================================================================================&lt;/p&gt;
&lt;p&gt;&lt;span style=&quot;color: rgb(35, 111, 161);&quot;&gt;&lt;strong&gt;Expression of Interest&lt;/strong&gt;&lt;/span&gt;&lt;/p&gt;
&lt;p&gt;&lt;span style=&quot;color: rgb(35, 111, 161);&quot;&gt;We’re always looking to connect with exceptional talent interested in joining Moloco. This posting allows you to share your profile for future opportunities, even if there isn’t a current role aligned with your experience.&lt;/span&gt;&lt;/p&gt;
&lt;p&gt;&lt;span style=&quot;color: rgb(35, 111, 161);&quot;&gt;If you’re excited to build, scale, and innovate in a fast-moving environment, we encourage you to submit your resume.&amp;nbsp;&lt;/span&gt;&lt;/p&gt;
&lt;p&gt;========================================================================================================&lt;/p&gt;
&lt;h3&gt;&lt;strong&gt;The Impact You’ll Be Contributing to Moloco&lt;/strong&gt;&lt;/h3&gt;
&lt;p&gt;As a Senior Growth Manager, you will own end-to-end growth strategy and outcomes for a portfolio of major advertisers, acting as a trusted external programmatic expert in the Greater China region. You will drive scalable growth, influence client decision-making through data and insights, and shape solutions that help advertisers unlock long-term value from Moloco’s platform.&lt;/p&gt;
&lt;p&gt;&lt;strong&gt;What You’ll Do&lt;/strong&gt;&lt;/p&gt;
&lt;h4&gt;&lt;strong&gt;Client Success &amp;amp; Relationship Management&lt;/strong&gt;&lt;/h4&gt;
&lt;ul&gt;
&lt;li&gt;Own end‑to‑end strategy, execution, and commercial outcomes for a portfolio of key advertisers, including setting account‑level growth plans that ladder up to regional targets&lt;/li&gt;
&lt;li&gt;Deeply understand advertiser marketing objectives and translate how Moloco’s programmatic solutions drive KPIs and measurable business outcomes.&lt;/li&gt;
&lt;li&gt;Lead multiple senior-level client partnerships, business reviews, and strategy discussions with minimal oversight.&lt;br&gt;Build deep credibility with clients by acting as their go-to advisor and programmatic expert.&lt;/li&gt;
&lt;/ul&gt;
&lt;p&gt;&lt;strong&gt;Growth &amp;amp; Revenue&lt;/strong&gt;&lt;/p&gt;
&lt;ul&gt;
&lt;li&gt;Identify repeatable growth patterns across accounts and apply scalable strategies to drive portfolio-level impact.&lt;/li&gt;
&lt;li&gt;Drive upsell and cross-sell initiatives aligned with client performance goals, collaborating closely with Sales and internal partners to expand account value.&lt;/li&gt;
&lt;li&gt;Use data-driven storytelling to influence client decisions and unlock incremental revenue opportunities.&lt;/li&gt;
&lt;li&gt;Forecast and monitor performance, proactively identifying optimization levers and growth risks.&lt;/li&gt;
&lt;li&gt;Design and drive portfolio‑level upsell and cross‑sell strategies, prioritizing accounts with the highest upside and strategic value.&lt;/li&gt;
&lt;li&gt;Lead data‑driven negotiations and trade‑off discussions with clients (e.g., budget, pricing, tests) to unlock incremental and durable revenue.&lt;/li&gt;
&lt;/ul&gt;
&lt;p&gt;&lt;strong&gt;Strategy &amp;amp; Execution&lt;/strong&gt;&lt;/p&gt;
&lt;ul&gt;
&lt;li&gt;Independently assess campaign performance, identify non-obvious insights, and recommend strategic tradeoffs aligned with long-term client growth.&lt;/li&gt;
&lt;li&gt;Translate complex data into clear, compelling narratives for clients and internal stakeholders.&lt;/li&gt;
&lt;li&gt;Design customized, data-driven strategies tailored to each client’s business objectives.&lt;/li&gt;
&lt;li&gt;Solve ambiguous and complex client challenges by structuring problems, forming hypotheses, and driving aligned solutions across stakeholders.&lt;/li&gt;
&lt;/ul&gt;
&lt;p&gt;&lt;strong&gt;Cross-Functional Collaboration&lt;/strong&gt;&lt;/p&gt;
&lt;ul&gt;
&lt;li&gt;Influence Sales, Product, Data Science, and Engineering partners to prioritize and deliver solutions that unlock client and revenue growth.&lt;/li&gt;
&lt;li&gt;Provide structured market and client feedback to inform product roadmap decisions and future innovations.&lt;/li&gt;
&lt;li&gt;Proactively convene and lead &lt;strong&gt;cross‑functional working sessions&lt;/strong&gt; (Sales, Product, DS, Eng) to diagnose complex performance issues and agree on a unified plan.&lt;/li&gt;
&lt;li&gt;Translate recurring client and market patterns into &lt;strong&gt;structured feedback&lt;/strong&gt; that informs Sales and Product roadmaps for your segment.&lt;/li&gt;
&lt;/ul&gt;
&lt;p&gt;&lt;strong&gt;What You’ll Need to Succeed&lt;/strong&gt;&lt;/p&gt;
&lt;h4&gt;&lt;strong&gt;Experience &amp;amp; Expertise&lt;/strong&gt;&lt;/h4&gt;
&lt;ul&gt;
&lt;li&gt;7+ years of experience in mobile advertising, account management, customer success, or a client-facing role within programmatic advertising.&lt;/li&gt;
&lt;li&gt;Proven track record of owning and growing complex, high-impact advertiser relationships.&lt;/li&gt;
&lt;li&gt;Strong experience in data-driven campaign optimization, performance analysis, and strategic planning.&lt;/li&gt;
&lt;/ul&gt;
&lt;p&gt;&lt;strong&gt;Skills &amp;amp; Mindset&lt;/strong&gt;&lt;/p&gt;
&lt;ul&gt;
&lt;li&gt;Exceptional communication, storytelling, and presentation skills, with comfort engaging senior and C-level client stakeholders.&lt;/li&gt;
&lt;li&gt;Strong analytical and problem-solving skills, with the ability to translate data into strategic action.&lt;/li&gt;
&lt;li&gt;Familiarity with MMPs, mobile ecosystems, ad tech fundamentals, and analytics tools.&lt;/li&gt;
&lt;li&gt;High ownership mentality with the ability to operate independently in fast-moving, ambiguous environments.&lt;/li&gt;
&lt;li&gt;Collaborative team player who can influence without authority and adapt within a scaling organization.&lt;/li&gt;
&lt;li&gt;Act as a day‑to‑day mentor for Growth Managers and Associates, offering concrete feedback on campaign strategies, client narratives, and internal processes.&lt;/li&gt;
&lt;/ul&gt;
&lt;p&gt;&lt;strong&gt;Additional Requirements&lt;/strong&gt;&lt;/p&gt;
&lt;ul&gt;
&lt;li&gt;Fluency in English and native-level Chinese.&lt;/li&gt;
&lt;li&gt;Experience working with cross-regional teams and global stakeholders.&lt;/li&gt;
&lt;li&gt;Strong attention to detail, with high standards for client-facing materials and data storytelling.&lt;/li&gt;
&lt;/ul&gt;
&lt;p&gt;&lt;strong&gt;How You Work:&amp;nbsp;&lt;/strong&gt;&lt;/p&gt;
&lt;ul&gt;
&lt;li&gt;&lt;strong&gt;Your ethos is ownership&lt;/strong&gt;&lt;/li&gt;
&lt;ul&gt;
&lt;li&gt;You thrive in ambiguity and enjoy partnering with others to shape vague requirements into clear roadmaps with pragmatic tradeoffs.&lt;/li&gt;
&lt;li&gt;You take shared accountability for the end-to-end journey; communicating progress, surfacing risks early, and following through to ensure your work creates measurable value.&lt;/li&gt;
&lt;/ul&gt;
&lt;li&gt;&lt;strong&gt;You demonstrate strong judgment under uncertainty.&lt;/strong&gt;&amp;nbsp;&lt;/li&gt;
&lt;ul&gt;
&lt;li&gt;You prioritize based on long-term impact, over short-term noise, making deliberate decisions when information is incomplete.&lt;/li&gt;
&lt;li&gt;You explicitly weigh tradeoffs like speed vs. quality and remain agile enough to adjust your approach thoughtfully as new information/data emerges.&lt;/li&gt;
&lt;/ul&gt;
&lt;li&gt;&lt;strong&gt;You lead through clarity and active listening.&lt;/strong&gt;&amp;nbsp;&lt;/li&gt;
&lt;ul&gt;
&lt;li&gt;You reduce ambiguity for the team by asking the right questions upfront, tailor your communication to your audience, document your decisions, and bring helpful structure to complex discussions.&amp;nbsp;&lt;/li&gt;
&lt;li&gt;You provide thoughtful, evidence-based feedback when needed and align behind decisions once they are made.&lt;/li&gt;
&lt;/ul&gt;
&lt;li&gt;&lt;strong&gt;You collaborate early, instead of solving in isolation.&lt;/strong&gt;&lt;/li&gt;
&lt;ul&gt;
&lt;li&gt;You build trust across the organization by listening first and navigate conflicting needs with empathy, creating buy-in around priorities and scope.&amp;nbsp;&lt;/li&gt;
&lt;li&gt;You navigate technical tensions productively, disagreeing thoughtfully while maintaining momentum and strengthening professional relationships.&lt;/li&gt;
&lt;/ul&gt;
&lt;li&gt;&lt;strong&gt;You fall in love with the problem, not the solution&lt;/strong&gt;&lt;/li&gt;
&lt;ul&gt;
&lt;li&gt;You build for the long run, looking beyond immediate tasks to understand root causes, second-order effects, and the long-term health of our ML ecosystem.&amp;nbsp;&lt;/li&gt;
&lt;li&gt;When something breaks, you don’t just patch it; you seek structural improvements that prevent recurrence and elevate the technical bar for the entire organization.&lt;/li&gt;
&lt;/ul&gt;
&lt;li&gt;&lt;strong&gt;You prioritize customer impact and take action to make it real.&lt;/strong&gt;&lt;/li&gt;
&lt;ul&gt;
&lt;li&gt;You prioritize effective solutions that drive business impact over technical elegance, spotting opportunities that others might overlook.&amp;nbsp;&lt;/li&gt;
&lt;li&gt;You have the initiative to turn ideas into outcomes and the agency to identify and fix gaps, even when they aren’t yet on the formal roadmap.&lt;/li&gt;
&lt;/ul&gt;
&lt;/ul&gt;&lt;div class=&quot;content-conclusion&quot;&gt;&lt;p&gt;&lt;strong&gt;Moloco Thrive: Benefits and Well-Being:&amp;nbsp;&lt;/strong&gt;&lt;/p&gt;
&lt;p&gt;We take care of you and create the conditions for you to do the best work of your career. Through a lens of inclusion, we offer innovative benefits that empower our employees to take care of themselves and their families so they can do the best work of their lives.&lt;/p&gt;
&lt;p&gt;&lt;strong&gt;Moloco Values:&amp;nbsp;&lt;/strong&gt;&lt;/p&gt;
&lt;ul&gt;
&lt;li&gt;&lt;strong&gt;Lead with Humility:&lt;/strong&gt; Everyone’s voice is respected, valued, and heard. With humility, we become more open and accessible to each other. We win, lose, and learn together. Accountability and feedback are essential to our success.&amp;nbsp;&lt;/li&gt;
&lt;li&gt;&lt;strong&gt;Uncapped Growth Mindset:&lt;/strong&gt; We see all situations as opportunities to learn, grow, and improve as individuals and as an organization. We seek diverse perspectives, encourage curiosity, and promote experimentation to push the boundaries of what’s possible.&amp;nbsp;&lt;/li&gt;
&lt;li&gt;&lt;strong&gt;Create Real Value: &lt;/strong&gt;We pursue the most impactful opportunities with rigor and integrity. We take intelligent risks and make disciplined trade-offs to maintain deep focus. We help our customers win by delivering durable value.&amp;nbsp;&lt;/li&gt;
&lt;li&gt;&lt;strong&gt;Go Further Together: &lt;/strong&gt;We’re one team working towards one mission and vision. We collaborate proactively and inclusively, involving the right people at the right time and in the right way. We strive to create a more equitable workplace. We won’t let each other fail.&amp;nbsp;&lt;/li&gt;
&lt;/ul&gt;
&lt;p&gt;&lt;strong&gt;Additional Resources:&amp;nbsp;&lt;/strong&gt;&lt;/p&gt;
&lt;ul&gt;
&lt;li&gt;&lt;a href=&quot;https://www.moloco.com/blogs&quot;&gt;Moloco Company Blog&lt;/a&gt;&amp;nbsp;&lt;/li&gt;
&lt;li&gt;&lt;a href=&quot;https://www.moloco.com/leadership&quot;&gt;Moloco Leadership&lt;/a&gt;&lt;/li&gt;
&lt;li&gt;&lt;a href=&quot;https://www.moloco.com/newsroom&quot;&gt;Moloco Newsroom&lt;/a&gt;&amp;nbsp;&lt;/li&gt;
&lt;/ul&gt;
&lt;p&gt;&lt;strong&gt;AI Use in Interviews&lt;/strong&gt;&lt;/p&gt;
&lt;p&gt;Our interview process is designed to get to know the real you. Unless a round specifically includes AI as part of what&#39;s being assessed, we ask that candidates engage without AI assistance. Please review our &lt;a href=&quot;https://www.moloco.cloud/hubfs/careers/AI%20Use%20in%20Interviews.pdf&quot;&gt;AI Use in Interviews Policy&lt;/a&gt; before your interview to understand what to expect. Failure to comply with this policy may impact your candidacy.&lt;/p&gt;
&lt;p&gt;&lt;strong&gt;Candidate Privacy Notice:&lt;/strong&gt;&lt;/p&gt;
&lt;p&gt;Your privacy matters to us. By applying, you acknowledge that you’ve reviewed our &lt;a href=&quot;https://www.moloco.cloud/hubfs/careers/Candidate%20Privacy%20Notice.pdf&quot;&gt;Candidate Privacy Notice&lt;/a&gt;.&lt;/p&gt;&lt;/div&gt;",https://job-boards.greenhouse.io/moloco/jobs/5687340003,2023-07-19T21:08:12-04:00,2026-08-10T12:40:55-04:00,False,greenhouse_api,2026-08-12,"About Moloco:
Moloco builds some of the most powerful AI advertising solutions in the world. Our name—short for ""machine learning company""—reflects our core mission: democratizing access to the advanced AI that has historically been reserved for tech giants. Led by machine learning pioneers who built some of the most successful ad systems at Google, including YouTube's monetization engine and key search advertising technologies, we're transforming how businesses grow and compete in the digital economy.
Built with AI from day one, Moloco’s planet-scale machine learning platform powers a suite of solutions for advertising growth and monetization.
Moloco Ads
is an AI-powered platform that delivers real business outcomes for mobile app marketers through performance-based user acquisition.
Moloco Commerce Media
enables retailers and marketplaces to build revenue-generating ad businesses that balance user experience and advertiser performance.
Moloco is headquartered in Silicon Valley, with offices in Seattle, New York, San Francisco, Seoul, Beijing, Singapore, Gurgaon, Tokyo, Shanghai, London, Tel Aviv, and Berlin.
Moloco is a truly rewarding place to work and in an exciting period of growth, which you could be a part of. Join us today and apply now!
========================================================================================================
Expression of Interest
We’re always looking to connect with exceptional talent interested in joining Moloco. This posting allows you to share your profile for future opportunities, even if there isn’t a current role aligned with your experience.
If you’re excited to build, scale, and innovate in a fast-moving environment, we encourage you to submit your resume.
========================================================================================================
The Impact You’ll Be Contributing to Moloco
As a Senior Growth Manager, you will own end-to-end growth strategy and outcomes for a portfolio of major advertisers, acting as a trusted external programmatic expert in the Greater China region. You will drive scalable growth, influence client decision-making through data and insights, and shape solutions that help advertisers unlock long-term value from Moloco’s platform.
What You’ll Do
Client Success & Relationship Management
Own end‑to‑end strategy, execution, and commercial outcomes for a portfolio of key advertisers, including setting account‑level growth plans that ladder up to regional targets
Deeply understand advertiser marketing objectives and translate how Moloco’s programmatic solutions drive KPIs and measurable business outcomes.
Lead multiple senior-level client partnerships, business reviews, and strategy discussions with minimal oversight.
Build deep credibility with clients by acting as their go-to advisor and programmatic expert.
Growth & Revenue
Identify repeatable growth patterns across accounts and apply scalable strategies to drive portfolio-level impact.
Drive upsell and cross-sell initiatives aligned with client performance goals, collaborating closely with Sales and internal partners to expand account value.
Use data-driven storytelling to influence client decisions and unlock incremental revenue opportunities.
Forecast and monitor performance, proactively identifying optimization levers and growth risks.
Design and drive portfolio‑level upsell and cross‑sell strategies, prioritizing accounts with the highest upside and strategic value.
Lead data‑driven negotiations and trade‑off discussions with clients (e.g., budget, pricing, tests) to unlock incremental and durable revenue.
Strategy & Execution
Independently assess campaign performance, identify non-obvious insights, and recommend strategic tradeoffs aligned with long-term client growth.
Translate complex data into clear, compelling narratives for clients and internal stakeholders.
Design customized, data-driven strategies tailored to each client’s business objectives.
Solve ambiguous and complex client challenges by structuring problems, forming hypotheses, and driving aligned solutions across stakeholders.
Cross-Functional Collaboration
Influence Sales, Product, Data Science, and Engineering partners to prioritize and deliver solutions that unlock client and revenue growth.
Provide structured market and client feedback to inform product roadmap decisions and future innovations.
Proactively convene and lead
cross‑functional working sessions
(Sales, Product, DS, Eng) to diagnose complex performance issues and agree on a unified plan.
Translate recurring client and market patterns into
structured feedback
that informs Sales and Product roadmaps for your segment.
What You’ll Need to Succeed
Experience & Expertise
7+ years of experience in mobile advertising, account management, customer success, or a client-facing role within programmatic advertising.
Proven track record of owning and growing complex, high-impact advertiser relationships.
Strong experience in data-driven campaign optimization, performance analysis, and strategic planning.
Skills & Mindset
Exceptional communication, storytelling, and presentation skills, with comfort engaging senior and C-level client stakeholders.
Strong analytical and problem-solving skills, with the ability to translate data into strategic action.
Familiarity with MMPs, mobile ecosystems, ad tech fundamentals, and analytics tools.
High ownership mentality with the ability to operate independently in fast-moving, ambiguous environments.
Collaborative team player who can influence without authority and adapt within a scaling organization.
Act as a day‑to‑day mentor for Growth Managers and Associates, offering concrete feedback on campaign strategies, client narratives, and internal processes.
Additional Requirements
Fluency in English and native-level Chinese.
Experience working with cross-regional teams and global stakeholders.
Strong attention to detail, with high standards for client-facing materials and data storytelling.
How You Work:
Your ethos is ownership
You thrive in ambiguity and enjoy partnering with others to shape vague requirements into clear roadmaps with pragmatic tradeoffs.
You take shared accountability for the end-to-end journey; communicating progress, surfacing risks early, and following through to ensure your work creates measurable value.
You demonstrate strong judgment under uncertainty.
You prioritize based on long-term impact, over short-term noise, making deliberate decisions when information is incomplete.
You explicitly weigh tradeoffs like speed vs. quality and remain agile enough to adjust your approach thoughtfully as new information/data emerges.
You lead through clarity and active listening.
You reduce ambiguity for the team by asking the right questions upfront, tailor your communication to your audience, document your decisions, and bring helpful structure to complex discussions.
You provide thoughtful, evidence-based feedback when needed and align behind decisions once they are made.
You collaborate early, instead of solving in isolation.
You build trust across the organization by listening first and navigate conflicting needs with empathy, creating buy-in around priorities and scope.
You navigate technical tensions productively, disagreeing thoughtfully while maintaining momentum and strengthening professional relationships.
You fall in love with the problem, not the solution
You build for the long run, looking beyond immediate tasks to understand root causes, second-order effects, and the long-term health of our ML ecosystem.
When something breaks, you don’t just patch it; you seek structural improvements that prevent recurrence and elevate the technical bar for the entire organization.
You prioritize customer impact and take action to make it real.
You prioritize effective solutions that drive business impact over technical elegance, spotting opportunities that others might overlook.
You have the initiative to turn ideas into outcomes and the agency to identify and fix gaps, even when they aren’t yet on the formal roadmap.
Moloco Thrive: Benefits and Well-Being:
We take care of you and create the conditions for you to do the best work of your career. Through a lens of inclusion, we offer innovative benefits that empower our employees to take care of themselves and their families so they can do the best work of their lives.
Moloco Values:
Lead with Humility:
Everyone’s voice is respected, valued, and heard. With humility, we become more open and accessible to each other. We win, lose, and learn together. Accountability and feedback are essential to our success.
Uncapped Growth Mindset:
We see all situations as opportunities to learn, grow, and improve as individuals and as an organization. We seek diverse perspectives, encourage curiosity, and promote experimentation to push the boundaries of what’s possible.
Create Real Value:
We pursue the most impactful opportunities with rigor and integrity. We take intelligent risks and make disciplined trade-offs to maintain deep focus. We help our customers win by delivering durable value.
Go Further Together:
We’re one team working towards one mission and vision. We collaborate proactively and inclusively, involving the right people at the right time and in the right way. We strive to create a more equitable workplace. We won’t let each other fail.
Additional Resources:
Moloco Company Blog
Moloco Leadership
Moloco Newsroom
AI Use in Interviews
Our interview process is designed to get to know the real you. Unless a round specifically includes AI as part of what's being assessed, we ask that candidates engage without AI assistance. Please review our
AI Use in Interviews Policy
before your interview to understand what to expect. Failure to comply with this policy may impact your candidacy.
Candidate Privacy Notice:
Your privacy matters to us. By applying, you acknowledge that you’ve reviewed our
Candidate Privacy Notice
.",Moloco,Expression of Interest: Senior Growth Manager (Ad Sales),"Beijing, China",Business/Ops,Machine Learning,Not specified,Fluent/Professional,7.0,,0,,Machine Learning,JD 明确要求约 7+ 年经验
Moloco,moloco,New Business Account Manager (Implementation Manager),Beijing,"&lt;div class=&quot;content-intro&quot;&gt;&lt;p&gt;&lt;strong&gt;About Moloco:&lt;/strong&gt;&lt;/p&gt;
&lt;p&gt;Moloco builds some of the most powerful AI advertising solutions in the world. Our name—short for &quot;machine learning company&quot;—reflects our core mission: democratizing access to the advanced AI that has historically been reserved for tech giants. Led by machine learning pioneers who built some of the most successful ad systems at Google, including YouTube&#39;s monetization engine and key search advertising technologies, we&#39;re transforming how businesses grow and compete in the digital economy.&lt;/p&gt;
&lt;p&gt;Built with AI from day one, Moloco’s planet-scale machine learning platform powers a suite of solutions for advertising growth and monetization. &lt;a href=&quot;https://www.moloco.com/solutions/moloco-ads&quot;&gt;&lt;strong&gt;Moloco Ads&lt;/strong&gt;&lt;/a&gt; is an AI-powered platform that delivers real business outcomes for mobile app marketers through performance-based user acquisition. &lt;a href=&quot;https://www.moloco.com/solutions/moloco-commerce-media&quot;&gt;&lt;strong&gt;Moloco Commerce Media&lt;/strong&gt;&lt;/a&gt; enables retailers and marketplaces to build revenue-generating ad businesses that balance user experience and advertiser performance.&lt;/p&gt;
&lt;p&gt;Moloco is headquartered in Silicon Valley, with offices in Seattle, New York, San Francisco, Seoul, Beijing, Singapore, Gurgaon, Tokyo, Shanghai, London, Tel Aviv, and Berlin.&lt;/p&gt;
&lt;p&gt;Moloco is a truly rewarding place to work and in an exciting period of growth, which you could be a part of. Join us today and apply now!&lt;/p&gt;&lt;/div&gt;&lt;h3&gt;&lt;strong&gt;※ This is a New Business Onboarding &#39;Account Manager&#39; role, NOT a technical role.&lt;/strong&gt;&lt;/h3&gt;
&lt;h3&gt;&lt;strong&gt;What You’ll Do&lt;/strong&gt;&lt;/h3&gt;
&lt;p&gt;&lt;strong&gt;Client Success &amp;amp; Relationship Management&lt;/strong&gt;&lt;/p&gt;
&lt;ul&gt;
&lt;li&gt;Serve as the day‑to‑day execution owner for new advertisers during implementation, managing campaign setup, monitoring, and reporting while escalating complex issues to senior team members as needed.&lt;/li&gt;
&lt;li&gt;Understand advertiser marketing objectives and support the execution of programmatic strategies to drive KPIs and early‑stage performance.&lt;/li&gt;
&lt;li&gt;Support client meetings, business reviews, and strategy discussions with guidance from Senior Implementation Managers and Sales / Growth leaders.&lt;/li&gt;
&lt;li&gt;Build strong, trust‑based relationships with client stakeholders through clear communication, responsiveness, and attention to detail.&lt;/li&gt;
&lt;/ul&gt;
&lt;p&gt;&lt;strong&gt;Implementation, Performance &amp;amp; Handover&lt;/strong&gt;&lt;/p&gt;
&lt;ul&gt;
&lt;li&gt;Configure and QA campaigns, tracking, and reporting to ensure accurate setup and reliable measurement from the start.&lt;/li&gt;
&lt;li&gt;Analyze campaign performance data to identify issues, optimization opportunities, and early signals of product‑fit; share clear, actionable recommendations with clients and internal partners.&lt;/li&gt;
&lt;li&gt;Identify incremental growth opportunities within existing setups (e.g., budget increases, creative tests, new geo or placement trials) and surface them to senior team members or Sales/Growth partners.&lt;/li&gt;
&lt;li&gt;Support the transition from implementation to the Growth team by preparing concise documentation and performance debriefs that set long‑term owners up for success.&lt;/li&gt;
&lt;/ul&gt;
&lt;p&gt;&lt;strong&gt;Cross‑Functional Collaboration&lt;/strong&gt;&lt;/p&gt;
&lt;ul&gt;
&lt;li&gt;Partner with New Business Sales to understand what was sold, customer expectations, and key success criteria for the first 90 days.&lt;/li&gt;
&lt;li&gt;Collaborate with Growth, Product, and Data Science to address configuration, measurement, and performance questions, and share client feedback that can improve our tools and processes.&lt;/li&gt;
&lt;/ul&gt;
&lt;p&gt;&lt;strong&gt;AI-Powered Productivity &amp;amp; Tooling&lt;/strong&gt;&lt;/p&gt;
&lt;ul&gt;
&lt;li&gt;Use AI large language models (e.g., ChatGPT, Claude, Gemini, NotebookLM) in day-to-day work — pitch prep, app/competitor research, account categorization, performance summaries, meeting notes, and client-facing materials — to improve quality and turnaround time.&lt;/li&gt;
&lt;li&gt;Adopt and contribute to the team&#39;s internal AI workflows and tools, and help identify new opportunities to automate repetitive, low-value tasks.&lt;/li&gt;
&lt;li&gt;Apply sound judgment when using AI: verify outputs against source data, protect client and company confidentiality, and follow Moloco&#39;s responsible-AI and data-handling guidelines.&lt;/li&gt;
&lt;/ul&gt;
&lt;h3&gt;&lt;strong&gt;What You’ll Need to Succeed&lt;/strong&gt;&lt;/h3&gt;
&lt;p&gt;&lt;strong&gt;Experience &amp;amp; Expertise&lt;/strong&gt;&lt;/p&gt;
&lt;ul&gt;
&lt;li&gt;3–5 years of experience in mobile advertising, ad tech, martech, or a related client‑facing role (implementation, technical account management, account management, or customer success).&lt;/li&gt;
&lt;li&gt;Hands‑on experience with campaign setup and optimization, ideally on a DSP or similar performance platform.&lt;/li&gt;
&lt;li&gt;Exposure to data analysis, campaign optimization, or digital marketing strategy and comfort working with numbers and reports.&lt;/li&gt;
&lt;/ul&gt;
&lt;p&gt;&lt;strong&gt;Skills &amp;amp; Mindset&lt;/strong&gt;&lt;/p&gt;
&lt;ul&gt;
&lt;li&gt;Strong communication and presentation skills, with comfort interacting with client stakeholders and translating technical concepts into clear language.&lt;/li&gt;
&lt;li&gt;Solid analytical skills and the ability to interpret performance data to inform recommendations.&lt;/li&gt;
&lt;li&gt;Familiarity with the mobile ecosystem and ad tech fundamentals (MMPs, attribution, events, tracking) is a strong plus.&lt;/li&gt;
&lt;li&gt;Detail‑oriented with a strong sense of ownership over assigned tasks and deliverables; able to manage multiple accounts and timelines in a fast‑paced environment.&lt;/li&gt;
&lt;/ul&gt;
&lt;p&gt;&lt;strong&gt;Language &amp;amp; Regional Requirements&lt;/strong&gt;&lt;/p&gt;
&lt;ul&gt;
&lt;li&gt;Fluency in English and native level Chinese (Mandarin).&lt;/li&gt;
&lt;li&gt;Experience supporting customers in Greater China and collaborating with cross‑regional teams is a plus.&lt;/li&gt;
&lt;/ul&gt;
&lt;p&gt;&lt;strong id=&quot;docs-internal-guid-10b2a5c2-7fff-9123-b3ca-404b4268f3fb&quot;&gt;&lt;/strong&gt;&lt;/p&gt;&lt;div class=&quot;content-conclusion&quot;&gt;&lt;p&gt;&lt;strong&gt;Moloco Thrive: Benefits and Well-Being:&amp;nbsp;&lt;/strong&gt;&lt;/p&gt;
&lt;p&gt;We take care of you and create the conditions for you to do the best work of your career. Through a lens of inclusion, we offer innovative benefits that empower our employees to take care of themselves and their families so they can do the best work of their lives.&lt;/p&gt;
&lt;p&gt;&lt;strong&gt;Moloco Values:&amp;nbsp;&lt;/strong&gt;&lt;/p&gt;
&lt;ul&gt;
&lt;li&gt;&lt;strong&gt;Lead with Humility:&lt;/strong&gt; Everyone’s voice is respected, valued, and heard. With humility, we become more open and accessible to each other. We win, lose, and learn together. Accountability and feedback are essential to our success.&amp;nbsp;&lt;/li&gt;
&lt;li&gt;&lt;strong&gt;Uncapped Growth Mindset:&lt;/strong&gt; We see all situations as opportunities to learn, grow, and improve as individuals and as an organization. We seek diverse perspectives, encourage curiosity, and promote experimentation to push the boundaries of what’s possible.&amp;nbsp;&lt;/li&gt;
&lt;li&gt;&lt;strong&gt;Create Real Value: &lt;/strong&gt;We pursue the most impactful opportunities with rigor and integrity. We take intelligent risks and make disciplined trade-offs to maintain deep focus. We help our customers win by delivering durable value.&amp;nbsp;&lt;/li&gt;
&lt;li&gt;&lt;strong&gt;Go Further Together: &lt;/strong&gt;We’re one team working towards one mission and vision. We collaborate proactively and inclusively, involving the right people at the right time and in the right way. We strive to create a more equitable workplace. We won’t let each other fail.&amp;nbsp;&lt;/li&gt;
&lt;/ul&gt;
&lt;p&gt;&lt;strong&gt;Additional Resources:&amp;nbsp;&lt;/strong&gt;&lt;/p&gt;
&lt;ul&gt;
&lt;li&gt;&lt;a href=&quot;https://www.moloco.com/blogs&quot;&gt;Moloco Company Blog&lt;/a&gt;&amp;nbsp;&lt;/li&gt;
&lt;li&gt;&lt;a href=&quot;https://www.moloco.com/leadership&quot;&gt;Moloco Leadership&lt;/a&gt;&lt;/li&gt;
&lt;li&gt;&lt;a href=&quot;https://www.moloco.com/newsroom&quot;&gt;Moloco Newsroom&lt;/a&gt;&amp;nbsp;&lt;/li&gt;
&lt;/ul&gt;
&lt;p&gt;&lt;strong&gt;AI Use in Interviews&lt;/strong&gt;&lt;/p&gt;
&lt;p&gt;Our interview process is designed to get to know the real you. Unless a round specifically includes AI as part of what&#39;s being assessed, we ask that candidates engage without AI assistance. Please review our &lt;a href=&quot;https://www.moloco.cloud/hubfs/careers/AI%20Use%20in%20Interviews.pdf&quot;&gt;AI Use in Interviews Policy&lt;/a&gt; before your interview to understand what to expect. Failure to comply with this policy may impact your candidacy.&lt;/p&gt;
&lt;p&gt;&lt;strong&gt;Candidate Privacy Notice:&lt;/strong&gt;&lt;/p&gt;
&lt;p&gt;Your privacy matters to us. By applying, you acknowledge that you’ve reviewed our &lt;a href=&quot;https://www.moloco.cloud/hubfs/careers/Candidate%20Privacy%20Notice.pdf&quot;&gt;Candidate Privacy Notice&lt;/a&gt;.&lt;/p&gt;&lt;/div&gt;",https://job-boards.greenhouse.io/moloco/jobs/7788201003,2026-06-29T23:12:49-04:00,2026-08-10T12:40:55-04:00,False,greenhouse_api,2026-08-12,"About Moloco:
Moloco builds some of the most powerful AI advertising solutions in the world. Our name—short for ""machine learning company""—reflects our core mission: democratizing access to the advanced AI that has historically been reserved for tech giants. Led by machine learning pioneers who built some of the most successful ad systems at Google, including YouTube's monetization engine and key search advertising technologies, we're transforming how businesses grow and compete in the digital economy.
Built with AI from day one, Moloco’s planet-scale machine learning platform powers a suite of solutions for advertising growth and monetization.
Moloco Ads
is an AI-powered platform that delivers real business outcomes for mobile app marketers through performance-based user acquisition.
Moloco Commerce Media
enables retailers and marketplaces to build revenue-generating ad businesses that balance user experience and advertiser performance.
Moloco is headquartered in Silicon Valley, with offices in Seattle, New York, San Francisco, Seoul, Beijing, Singapore, Gurgaon, Tokyo, Shanghai, London, Tel Aviv, and Berlin.
Moloco is a truly rewarding place to work and in an exciting period of growth, which you could be a part of. Join us today and apply now!
※ This is a New Business Onboarding 'Account Manager' role, NOT a technical role.
What You’ll Do
Client Success & Relationship Management
Serve as the day‑to‑day execution owner for new advertisers during implementation, managing campaign setup, monitoring, and reporting while escalating complex issues to senior team members as needed.
Understand advertiser marketing objectives and support the execution of programmatic strategies to drive KPIs and early‑stage performance.
Support client meetings, business reviews, and strategy discussions with guidance from Senior Implementation Managers and Sales / Growth leaders.
Build strong, trust‑based relationships with client stakeholders through clear communication, responsiveness, and attention to detail.
Implementation, Performance & Handover
Configure and QA campaigns, tracking, and reporting to ensure accurate setup and reliable measurement from the start.
Analyze campaign performance data to identify issues, optimization opportunities, and early signals of product‑fit; share clear, actionable recommendations with clients and internal partners.
Identify incremental growth opportunities within existing setups (e.g., budget increases, creative tests, new geo or placement trials) and surface them to senior team members or Sales/Growth partners.
Support the transition from implementation to the Growth team by preparing concise documentation and performance debriefs that set long‑term owners up for success.
Cross‑Functional Collaboration
Partner with New Business Sales to understand what was sold, customer expectations, and key success criteria for the first 90 days.
Collaborate with Growth, Product, and Data Science to address configuration, measurement, and performance questions, and share client feedback that can improve our tools and processes.
AI-Powered Productivity & Tooling
Use AI large language models (e.g., ChatGPT, Claude, Gemini, NotebookLM) in day-to-day work — pitch prep, app/competitor research, account categorization, performance summaries, meeting notes, and client-facing materials — to improve quality and turnaround time.
Adopt and contribute to the team's internal AI workflows and tools, and help identify new opportunities to automate repetitive, low-value tasks.
Apply sound judgment when using AI: verify outputs against source data, protect client and company confidentiality, and follow Moloco's responsible-AI and data-handling guidelines.
What You’ll Need to Succeed
Experience & Expertise
3–5 years of experience in mobile advertising, ad tech, martech, or a related client‑facing role (implementation, technical account management, account management, or customer success).
Hands‑on experience with campaign setup and optimization, ideally on a DSP or similar performance platform.
Exposure to data analysis, campaign optimization, or digital marketing strategy and comfort working with numbers and reports.
Skills & Mindset
Strong communication and presentation skills, with comfort interacting with client stakeholders and translating technical concepts into clear language.
Solid analytical skills and the ability to interpret performance data to inform recommendations.
Familiarity with the mobile ecosystem and ad tech fundamentals (MMPs, attribution, events, tracking) is a strong plus.
Detail‑oriented with a strong sense of ownership over assigned tasks and deliverables; able to manage multiple accounts and timelines in a fast‑paced environment.
Language & Regional Requirements
Fluency in English and native level Chinese (Mandarin).
Experience supporting customers in Greater China and collaborating with cross‑regional teams is a plus.
Moloco Thrive: Benefits and Well-Being:
We take care of you and create the conditions for you to do the best work of your career. Through a lens of inclusion, we offer innovative benefits that empower our employees to take care of themselves and their families so they can do the best work of their lives.
Moloco Values:
Lead with Humility:
Everyone’s voice is respected, valued, and heard. With humility, we become more open and accessible to each other. We win, lose, and learn together. Accountability and feedback are essential to our success.
Uncapped Growth Mindset:
We see all situations as opportunities to learn, grow, and improve as individuals and as an organization. We seek diverse perspectives, encourage curiosity, and promote experimentation to push the boundaries of what’s possible.
Create Real Value:
We pursue the most impactful opportunities with rigor and integrity. We take intelligent risks and make disciplined trade-offs to maintain deep focus. We help our customers win by delivering durable value.
Go Further Together:
We’re one team working towards one mission and vision. We collaborate proactively and inclusively, involving the right people at the right time and in the right way. We strive to create a more equitable workplace. We won’t let each other fail.
Additional Resources:
Moloco Company Blog
Moloco Leadership
Moloco Newsroom
AI Use in Interviews
Our interview process is designed to get to know the real you. Unless a round specifically includes AI as part of what's being assessed, we ask that candidates engage without AI assistance. Please review our
AI Use in Interviews Policy
before your interview to understand what to expect. Failure to comply with this policy may impact your candidacy.
Candidate Privacy Notice:
Your privacy matters to us. By applying, you acknowledge that you’ve reviewed our
Candidate Privacy Notice
.",Moloco,New Business Account Manager (Implementation Manager),"Beijing, China",Business/Ops,Machine Learning; LLM; Data Analysis,Not specified,Fluent/Professional,5.0,,0,,Data Analysis; LLM; Machine Learning,JD 明确要求约 5+ 年经验
The Trade Desk,thetradedesk,Associate Account Director (DTC Outbound),Shenzhen,"&lt;div class=&quot;content-intro&quot;&gt;&lt;p&gt;The Trade Desk is a global technology company and the world’s leading independent platform for digital advertising, with nearly 4,000 employees across more than 30 offices. Our technology helps advertisers reach the right audiences across the open internet — from streaming TV and podcasts to mobile apps, news, and more.&amp;nbsp; &lt;br&gt;&lt;br&gt;Advertising powers the content people love. By making it more transparent, effective, and responsible, we help support trusted journalism, quality entertainment, and creators worldwide. The world’s brands and agencies rely on us to reach their customers and grow their businesses responsibly. &lt;br&gt;&lt;br&gt;The scale of our platform brings unique technical challenges — from processing massive datasets in real time to building systems that operate reliably on a global scale. When you work here, your impact is worldwide. We welcome diverse perspectives, encourage curiosity, and build teams that learn from one another. If you’re driven to solve meaningful challenges, we’d love to meet you.&lt;/p&gt;&lt;/div&gt;&lt;h2&gt;WHO WE ARE LOOKING FOR&lt;/h2&gt;
&lt;p class=&quot;isSelectedEnd&quot;&gt;We are seeking a highly strategic, commercially minded, and technically savvy Associate Account Director to oversee a premier portfolio of our most valuable brand-direct accounts. This role is designed for a senior client services professional who thrives on strategic partnership, executional excellence, and solving complex business challenges. The ideal candidate is a trusted advisor who can influence senior stakeholders, drive client success, and identify opportunities to grow long-term partnerships.&lt;/p&gt;
&lt;h2&gt;WHAT YOU WILL BE DOING&lt;/h2&gt;
&lt;h3&gt;1. Strategic Client Partnership &amp;amp; Executional Excellence&lt;/h3&gt;
&lt;ul data-spread=&quot;false&quot;&gt;
&lt;li&gt;Executive-Level Advisory: Serve as a trusted strategic advisor to senior client stakeholders and their partner ecosystem, translating business objectives and market insights into high-impact media strategies that drive measurable outcomes.&lt;/li&gt;
&lt;li&gt;Strategic Relationship Management: Build and deepen executive-level relationships, confidently navigating complex account dynamics, managing ambiguity, and resolving challenging situations with maturity, sound judgment, and strong negotiation skills.&lt;/li&gt;
&lt;li&gt;Executional Excellence: Lead flawless campaign execution in a fast-paced environment through exceptional project management, prioritization, and operational rigor, ensuring the highest level of client satisfaction.&lt;/li&gt;
&lt;li&gt;Platform &amp;amp; Industry Expertise: Maintain deep hands-on expertise across platform capabilities and industry best practices, proactively identifying optimization opportunities and providing strategic recommendations to clients.&lt;/li&gt;
&lt;/ul&gt;
&lt;h3&gt;2. Commercial Growth &amp;amp; Portfolio Leadership&lt;/h3&gt;
&lt;ul data-spread=&quot;false&quot;&gt;
&lt;li&gt;Drive Client Growth: Own and grow a portfolio of strategic accounts by identifying opportunities for retention, expansion, and increased platform adoption aligned with clients&#39; evolving business objectives.&lt;/li&gt;
&lt;li&gt;Cross-Functional Partnership: Partner closely with Business Development, Trading, Measurement, and Product teams to onboard strategic customers, unlock new opportunities, and deliver integrated client solutions.&lt;/li&gt;
&lt;li&gt;Strategic Account Planning: Develop long-term account strategies that strengthen client partnerships, increase business impact, and position The Trade Desk as a trusted strategic partner.&lt;/li&gt;
&lt;/ul&gt;
&lt;h2&gt;WHAT YOU BRING TO THE TABLE&lt;/h2&gt;
&lt;ul data-spread=&quot;false&quot;&gt;
&lt;li&gt;Bachelor&#39;s degree or above.&lt;/li&gt;
&lt;li&gt;At least 8 years of experience in digital advertising client facing role,&amp;nbsp;with a proven track record of growing strategic accounts and building long-term client partnerships.&lt;/li&gt;
&lt;li&gt;Strong commercial acumen with the ability to identify growth opportunities and influence business outcomes.&lt;/li&gt;
&lt;li&gt;Exceptional analytical, troubleshooting, and problem-solving skills, with the ability to collaborate effectively across cross-functional teams in a fast-paced environment.&lt;/li&gt;
&lt;li&gt;Excellent communication, presentation, and stakeholder management skills, with demonstrated ability to influence senior decision-makers.&lt;/li&gt;
&lt;li&gt;Hands-on expertise in programmatic advertising (DSP, SSP, DMP, MMP, Martech, etc.) or experience in brand/performance marketing within an agency or direct-to-consumer environment is highly preferred.&lt;/li&gt;
&lt;li&gt;Advanced proficiency in Excel and Microsoft Office, with a strong data-driven mindset and the ability to translate insights into actionable business recommendations.&lt;/li&gt;
&lt;/ul&gt;
&lt;p&gt;&amp;nbsp;&lt;/p&gt;
&lt;p&gt;&lt;em&gt;The Trade Desk does not accept unsolicited resumes from search firm recruiters. Fees will not be paid in the event a candidate submitted by a recruiter without an agreement in place is hired; such resumes will be deemed the sole property of The Trade Desk. The Trade Desk is an equal opportunity employer. All aspects of employment will be based on merit, competence, performance, and business needs. We do not discriminate on the basis of race, color, religion, marital status, age, national origin, ancestry, physical or mental disability, medical condition, pregnancy, genetic information, gender, sexual orientation, gender identity or expression, veteran status, or any other status protected under federal, state, or local law.&lt;/em&gt;&lt;/p&gt;
&lt;p&gt;&amp;nbsp;&lt;/p&gt;&lt;div class=&quot;content-conclusion&quot;&gt;&lt;p&gt;&lt;/p&gt;
&lt;p&gt;As an Equal Opportunity Employer, The Trade Desk is committed to creating an inclusive hiring experience where everyone has the opportunity to thrive.&lt;/p&gt;
&lt;p&gt;Please reach out to us at&amp;nbsp;&lt;a href=&quot;mailto:accommodations@thetradedesk.com&quot; target=&quot;_blank&quot;&gt;accommodations@​thetradedesk.​com&lt;/a&gt;&amp;nbsp;to request an accommodation or discuss any accessibility needs you may require to access our Company Website or navigate any part of the hiring process.&amp;nbsp;&lt;/p&gt;
&lt;p&gt;When you contact us, please include your preferred contact details and specify the nature of your accommodation request or questions. Any information you share will be handled confidentially and will not impact our hiring decisions.&lt;/p&gt;
&lt;p&gt;&lt;/p&gt;&lt;/div&gt;",https://job-boards.greenhouse.io/thetradedesk/jobs/5160619007,2026-07-02T01:39:39-04:00,2026-08-10T01:37:57-04:00,False,greenhouse_api,2026-08-12,"The Trade Desk is a global technology company and the world’s leading independent platform for digital advertising, with nearly 4,000 employees across more than 30 offices. Our technology helps advertisers reach the right audiences across the open internet — from streaming TV and podcasts to mobile apps, news, and more.
Advertising powers the content people love. By making it more transparent, effective, and responsible, we help support trusted journalism, quality entertainment, and creators worldwide. The world’s brands and agencies rely on us to reach their customers and grow their businesses responsibly.
The scale of our platform brings unique technical challenges — from processing massive datasets in real time to building systems that operate reliably on a global scale. When you work here, your impact is worldwide. We welcome diverse perspectives, encourage curiosity, and build teams that learn from one another. If you’re driven to solve meaningful challenges, we’d love to meet you.
WHO WE ARE LOOKING FOR
We are seeking a highly strategic, commercially minded, and technically savvy Associate Account Director to oversee a premier portfolio of our most valuable brand-direct accounts. This role is designed for a senior client services professional who thrives on strategic partnership, executional excellence, and solving complex business challenges. The ideal candidate is a trusted advisor who can influence senior stakeholders, drive client success, and identify opportunities to grow long-term partnerships.
WHAT YOU WILL BE DOING
1. Strategic Client Partnership & Executional Excellence
Executive-Level Advisory: Serve as a trusted strategic advisor to senior client stakeholders and their partner ecosystem, translating business objectives and market insights into high-impact media strategies that drive measurable outcomes.
Strategic Relationship Management: Build and deepen executive-level relationships, confidently navigating complex account dynamics, managing ambiguity, and resolving challenging situations with maturity, sound judgment, and strong negotiation skills.
Executional Excellence: Lead flawless campaign execution in a fast-paced environment through exceptional project management, prioritization, and operational rigor, ensuring the highest level of client satisfaction.
Platform & Industry Expertise: Maintain deep hands-on expertise across platform capabilities and industry best practices, proactively identifying optimization opportunities and providing strategic recommendations to clients.
2. Commercial Growth & Portfolio Leadership
Drive Client Growth: Own and grow a portfolio of strategic accounts by identifying opportunities for retention, expansion, and increased platform adoption aligned with clients' evolving business objectives.
Cross-Functional Partnership: Partner closely with Business Development, Trading, Measurement, and Product teams to onboard strategic customers, unlock new opportunities, and deliver integrated client solutions.
Strategic Account Planning: Develop long-term account strategies that strengthen client partnerships, increase business impact, and position The Trade Desk as a trusted strategic partner.
WHAT YOU BRING TO THE TABLE
Bachelor's degree or above.
At least 8 years of experience in digital advertising client facing role, with a proven track record of growing strategic accounts and building long-term client partnerships.
Strong commercial acumen with the ability to identify growth opportunities and influence business outcomes.
Exceptional analytical, troubleshooting, and problem-solving skills, with the ability to collaborate effectively across cross-functional teams in a fast-paced environment.
Excellent communication, presentation, and stakeholder management skills, with demonstrated ability to influence senior decision-makers.
Hands-on expertise in programmatic advertising (DSP, SSP, DMP, MMP, Martech, etc.) or experience in brand/performance marketing within an agency or direct-to-consumer environment is highly preferred.
Advanced proficiency in Excel and Microsoft Office, with a strong data-driven mindset and the ability to translate insights into actionable business recommendations.
The Trade Desk does not accept unsolicited resumes from search firm recruiters. Fees will not be paid in the event a candidate submitted by a recruiter without an agreement in place is hired; such resumes will be deemed the sole property of The Trade Desk. The Trade Desk is an equal opportunity employer. All aspects of employment will be based on merit, competence, performance, and business needs. We do not discriminate on the basis of race, color, religion, marital status, age, national origin, ancestry, physical or mental disability, medical condition, pregnancy, genetic information, gender, sexual orientation, gender identity or expression, veteran status, or any other status protected under federal, state, or local law.
As an Equal Opportunity Employer, The Trade Desk is committed to creating an inclusive hiring experience where everyone has the opportunity to thrive.
Please reach out to us at
accommodations@​thetradedesk.​com
to request an accommodation or discuss any accessibility needs you may require to access our Company Website or navigate any part of the hiring process.
When you contact us, please include your preferred contact details and specify the nature of your accommodation request or questions. Any information you share will be handled confidentially and will not impact our hiring decisions.",The Trade Desk,Associate Account Director (DTC Outbound),Shenzhen,Business/Ops,Excel,Bachelor,Not specified,8.0,,0,,Excel,JD 明确要求约 8+ 年经验
Speechify,speechify,"Senior Software Engineer, Core Experiences - Shanghai, China",Shanghai,"&lt;p&gt;&lt;strong&gt;Mission&lt;/strong&gt;&lt;/p&gt;
&lt;p&gt;&lt;strong&gt;Speechify is the easiest way to listen to the world’s information.&lt;/strong&gt; Articles on the web, documents in the cloud, books on your phone. We absorb it all and let you listen to it at your desk, on the go, at your own speed, and with tools that make learning easier, deeper, and faster.&lt;/p&gt;
&lt;p&gt;What streaming services have done for audio entertainment, we’re doing for audio information. And whatever we’re doing seems to be working. We’re #1 in our category, and experiencing exponential growth.&lt;/p&gt;
&lt;p&gt;&lt;strong&gt;Overview&lt;/strong&gt;&lt;/p&gt;
&lt;p data-speechify-sentence=&quot;&quot;&gt;We&#39;re looking for a Senior Software Engineer to join our Core Experiences Team. This team builds and maintains the foundational services and SDKs that power Speechify’s product experience across platforms. It&#39;s a critical role for someone who enjoys working at the intersection of product and infrastructure, thinks strategically, and is passionate about designing clear, reliable APIs and simple systems that directly enhance the user experience.&lt;/p&gt;
&lt;p&gt;&lt;strong&gt;What Yo&lt;/strong&gt;&lt;strong&gt;u’&lt;/strong&gt;&lt;strong&gt;ll Do&lt;/strong&gt;&lt;/p&gt;
&lt;ul&gt;
&lt;li data-stringify-indent=&quot;0&quot; data-stringify-border=&quot;0&quot;&gt;Collaborate with Speechify’s Product Teams to scope projects, find ways to reduce scope to get faster feedback from customers, navigate the integration/UX tradeoffs relevant to different product teams, and deliver solutions via our cross-platform SDK&lt;/li&gt;
&lt;li data-stringify-indent=&quot;0&quot; data-stringify-border=&quot;0&quot;&gt;Optimize existing functionality to ship things like faster loading and more intelligent parsing by designing more efficient abstractions and improving our algorithms&lt;/li&gt;
&lt;li data-stringify-indent=&quot;0&quot; data-stringify-border=&quot;0&quot;&gt;Ship cloud functions, lightweight backend services, and jobs using Kotlin&lt;/li&gt;
&lt;/ul&gt;
&lt;p&gt;&lt;strong&gt;An Ideal Candidate Should Have&lt;/strong&gt;&lt;/p&gt;
&lt;ul&gt;
&lt;li&gt;Systems thinking. You know that optimizing a system requires end-to-end design, and you believe simplicity is valuable.&lt;/li&gt;
&lt;li data-stringify-indent=&quot;0&quot; data-stringify-border=&quot;0&quot;&gt;Speed. You work quickly to generate ideas and options and know how to decide which things can ship now and what things need time&lt;/li&gt;
&lt;li data-stringify-indent=&quot;0&quot; data-stringify-border=&quot;0&quot;&gt;Focus. We’re a high-growth startup with a busy, remote team. You know how and when to engage or be heads down&lt;/li&gt;
&lt;li data-stringify-indent=&quot;0&quot; data-stringify-border=&quot;0&quot;&gt;Collaboration. You know how to inspire, play, and negotiate with opinionated designers, marketers, and PMs&lt;/li&gt;
&lt;li data-stringify-indent=&quot;0&quot; data-stringify-border=&quot;0&quot;&gt;Preferred Tech Stack:
&lt;ul&gt;
&lt;li data-stringify-indent=&quot;1&quot; data-stringify-border=&quot;0&quot;&gt;Kotlin Multiplatform (Java experience is OK but role is Kotlin Multiplatform)&amp;nbsp;&lt;/li&gt;
&lt;li data-stringify-indent=&quot;1&quot; data-stringify-border=&quot;0&quot;&gt;Prior experience with GCP is a plus&lt;/li&gt;
&lt;/ul&gt;
&lt;/li&gt;
&lt;/ul&gt;
&lt;p data-speechify-sentence=&quot;&quot;&gt;&lt;strong&gt;What We Offer &lt;/strong&gt;&lt;/p&gt;
&lt;ul&gt;
&lt;li&gt;A fast-growing environment where you can help shape the company and product.&lt;/li&gt;
&lt;li&gt;An entrepreneurial-minded team that supports risk, intuition, and hustle.&lt;/li&gt;
&lt;li&gt;A hands-off management approach so you can focus and do your best work.&lt;/li&gt;
&lt;li&gt;An opportunity to make a big impact in a transformative industry.&lt;/li&gt;
&lt;li&gt;Competitive salaries, a friendly and laid-back atmosphere, and a commitment to building a great asynchronous culture.&lt;/li&gt;
&lt;li&gt;Opportunity to work on a life-changing product that millions of people use.&lt;/li&gt;
&lt;li&gt;Build products that directly impact and support people with learning differences like dyslexia, ADD, low vision, concussions, autism, and more.&lt;/li&gt;
&lt;li&gt;Work in one of the fastest growing sectors of tech, the intersection of artificial intelligence and audio.&lt;/li&gt;
&lt;/ul&gt;
&lt;p&gt;&lt;strong&gt;Think you’re a good fit for this job?&amp;nbsp;&lt;/strong&gt;&lt;/p&gt;
&lt;p&gt;Tell us more about yourself and why you&#39;re interested in the role when you apply. &lt;br&gt;And don’t forget to include links to your portfolio and LinkedIn.&lt;/p&gt;
&lt;p&gt;&lt;strong&gt;Not looking but know someone who would make a great fit?&amp;nbsp;&lt;/strong&gt;&lt;/p&gt;
&lt;p&gt;Refer them!&amp;nbsp;&lt;/p&gt;
&lt;p&gt;&lt;strong&gt;Speechify is committed to a diverse and inclusive workplace.&amp;nbsp;&lt;/strong&gt;&lt;/p&gt;
&lt;p&gt;Speechify does not discriminate on the basis of race, national origin, gender, gender identity, sexual orientation, protected veteran status, disability, age, or other legally protected status.&lt;/p&gt;",https://job-boards.greenhouse.io/speechify/jobs/5974621004,2025-08-26T14:02:59-04:00,2026-07-24T10:33:51-04:00,False,greenhouse_api,2026-08-12,"Mission
Speechify is the easiest way to listen to the world’s information.
Articles on the web, documents in the cloud, books on your phone. We absorb it all and let you listen to it at your desk, on the go, at your own speed, and with tools that make learning easier, deeper, and faster.
What streaming services have done for audio entertainment, we’re doing for audio information. And whatever we’re doing seems to be working. We’re #1 in our category, and experiencing exponential growth.
Overview
We're looking for a Senior Software Engineer to join our Core Experiences Team. This team builds and maintains the foundational services and SDKs that power Speechify’s product experience across platforms. It's a critical role for someone who enjoys working at the intersection of product and infrastructure, thinks strategically, and is passionate about designing clear, reliable APIs and simple systems that directly enhance the user experience.
What Yo
u’
ll Do
Collaborate with Speechify’s Product Teams to scope projects, find ways to reduce scope to get faster feedback from customers, navigate the integration/UX tradeoffs relevant to different product teams, and deliver solutions via our cross-platform SDK
Optimize existing functionality to ship things like faster loading and more intelligent parsing by designing more efficient abstractions and improving our algorithms
Ship cloud functions, lightweight backend services, and jobs using Kotlin
An Ideal Candidate Should Have
Systems thinking. You know that optimizing a system requires end-to-end design, and you believe simplicity is valuable.
Speed. You work quickly to generate ideas and options and know how to decide which things can ship now and what things need time
Focus. We’re a high-growth startup with a busy, remote team. You know how and when to engage or be heads down
Collaboration. You know how to inspire, play, and negotiate with opinionated designers, marketers, and PMs
Preferred Tech Stack:
Kotlin Multiplatform (Java experience is OK but role is Kotlin Multiplatform)
Prior experience with GCP is a plus
What We Offer
A fast-growing environment where you can help shape the company and product.
An entrepreneurial-minded team that supports risk, intuition, and hustle.
A hands-off management approach so you can focus and do your best work.
An opportunity to make a big impact in a transformative industry.
Competitive salaries, a friendly and laid-back atmosphere, and a commitment to building a great asynchronous culture.
Opportunity to work on a life-changing product that millions of people use.
Build products that directly impact and support people with learning differences like dyslexia, ADD, low vision, concussions, autism, and more.
Work in one of the fastest growing sectors of tech, the intersection of artificial intelligence and audio.
Think you’re a good fit for this job?
Tell us more about yourself and why you're interested in the role when you apply.
And don’t forget to include links to your portfolio and LinkedIn.
Not looking but know someone who would make a great fit?
Refer them!
Speechify is committed to a diverse and inclusive workplace.
Speechify does not discriminate on the basis of race, national origin, gender, gender identity, sexual orientation, protected veteran status, disability, age, or other legally protected status.",Speechify,"Senior Software Engineer, Core Experiences - Shanghai, China","Shanghai, China",Software/Cloud,Java; GCP; REST API,Not specified,Not specified,,,0,,GCP; Java; REST API,
Flexport,flexport,Software Engineer I,Shanghai,"&lt;div class=&quot;content-intro&quot;&gt;&lt;h2&gt;&lt;strong&gt;About Flexport:&amp;nbsp;&lt;/strong&gt;&lt;/h2&gt;
&lt;p&gt;At Flexport, we believe global trade can move the human race forward. That’s why it’s our mission to make global commerce so easy there will be more of it. We’re shaping the future of a $10T industry with solutions powered by innovative technology and exceptional people. Today, companies of all sizes—from emerging brands to Fortune 500s—use Flexport technology to move more than $19B of merchandise across 112 countries a year.&amp;nbsp;&lt;/p&gt;
&lt;p&gt;The recent global supply chain crisis has put Flexport center stage as we continue to play a pivotal role in how goods move around the world. We are proud to have the support of the best investors in the game who believe in our mission, solutions and people. Ready to tackle global challenges that impact business, society, and the environment? Come join us.&lt;/p&gt;&lt;/div&gt;&lt;h2&gt;&lt;strong&gt;The opportunity:&lt;/strong&gt;&lt;/h2&gt;
&lt;p&gt;Flexport is a platform for global trade in an industry that comprises 12% of the global GDP.&amp;nbsp; We are the first licensed freight forwarder and customs brokerage built around a modern tech stack.&amp;nbsp; We help the world&#39;s fastest-growing brands manage their international supply chains, providing a fully-managed service for moving products between any two places on the planet.&lt;/p&gt;
&lt;p&gt;Exceptional software development is integral in allowing us to fulfill our mission of fixing the user experience in global trade. At Flexport you’ll develop products that are at the forefront of reshaping the entire logistics &amp;amp; supply chain industries. You’ll work alongside self-starters interested in solving real-world problems and streamlining the inefficiencies in the complex global trade industry. You’ll have the opportunity to reshape an industry by creating the new operating system for global trade.&lt;/p&gt;
&lt;p&gt;Our engineers are top-notch software developers who love listening to the users, working as a team, and proactively taking the lead whenever necessary. The role involves learning the business of freight forwarding, modeling the work that people do to move freight, designing solutions to make it more efficient, and thinking innovatively to automate much of it. In this role, you will have an opportunity to own the design and development of key parts of our forwarding systems. You will have influence on subsystem design and help contribute to a team culture around practices that are critical to a quality product.&amp;nbsp;&lt;/p&gt;
&lt;h2&gt;&lt;strong&gt;About the team:&lt;/strong&gt;&lt;/h2&gt;
&lt;p&gt;We have multiple teams in Shanghai and Shenzhen working on a suite of core products and services that enable Flexport operation to scale, including Forwarding Application, Client Application, Shipper Application, WMS, Consol Planning Tool, Document Platform (AI empowered), Email Platform, Compliance Platform, Work Assignment Engine, Exception Management, AI Copilot and so on. We are looking for engineers who love learning, are passionate about collaborating, and desire to build solutions with a global impact.&lt;/p&gt;
&lt;h2&gt;&lt;strong&gt;You will:&lt;/strong&gt;&lt;/h2&gt;
&lt;ul&gt;
&lt;li&gt;Build highly available, secure, distributed systems in a microservice architecture.&lt;/li&gt;
&lt;li&gt;Design, develop, test and maintain systems that represent the real-world intricacies of logistics entities, such as shipper, client, cargo, document, carrier, container, email etc.&lt;/li&gt;
&lt;li&gt;Collaborate with some of the best engineers in the industry to work on complex business and technical problems.&lt;/li&gt;
&lt;li&gt;Work closely with business partners and product managers to distill complex business problems into elegant technical solutions.&lt;/li&gt;
&lt;li&gt;Build and launch products rapidly and incrementally. We ship to production dozens of times per day.&lt;/li&gt;
&lt;li&gt;Ensure our products maintain a high-quality bar. We believe in anticipating issues by obsessing over metrics and applying key learnings from post-mortems to all our services.&lt;/li&gt;
&lt;li&gt;Geek out about shipping and logistics. (We do this often.)&lt;/li&gt;
&lt;/ul&gt;
&lt;h2&gt;&lt;strong&gt;You should have:&lt;/strong&gt;&lt;/h2&gt;
&lt;p&gt;&lt;strong&gt;Basic Qualifications&lt;/strong&gt;&lt;/p&gt;
&lt;ul&gt;
&lt;li&gt;3+ years of experience writing software, and a strong engineering background.&lt;/li&gt;
&lt;li&gt;2+ years of design and architecture knowledge as well as familiarity with object-oriented analysis and design patterns (OOA/OOD)&lt;/li&gt;
&lt;li&gt;Knowledge of at least one programming language such as Ruby, C, C++, Java, or Kotlin&lt;/li&gt;
&lt;li&gt;Bachelor&#39;s degree in Computer Science or related technical field, or equivalent experience&lt;/li&gt;
&lt;/ul&gt;
&lt;p&gt;&lt;strong&gt;Preferred Qualifications&lt;/strong&gt;&lt;/p&gt;
&lt;ul&gt;
&lt;li&gt;A love of simple, well-tested code that is easy to extend and hard to break.&lt;/li&gt;
&lt;li&gt;A bias for action. When you see a problem, you solve it.&lt;/li&gt;
&lt;li&gt;The ability to convey technical ideas in common terms to business partners, product managers, and engineers alike.&lt;/li&gt;
&lt;li&gt;Experience building large scale, high-performance systems in a complex, multi-tiered, distributed environment&lt;/li&gt;
&lt;li&gt;Understanding of performance tradeoffs, load balancing and operational issues&lt;/li&gt;
&lt;li&gt;Knowledge of professional software engineering practices &amp;amp; best practices for full software development life cycle, including coding standards, code reviews, source control management, continuous deployments, testing, and operations&lt;/li&gt;
&lt;li&gt;Non-optional: an aptitude for learning quickly.&lt;/li&gt;
&lt;/ul&gt;
&lt;h2&gt;&lt;strong&gt;Engineering Culture and Values:&lt;/strong&gt;&lt;/h2&gt;
&lt;ul&gt;
&lt;li&gt;Check out our&lt;a href=&quot;https://www.keyvalues.com/flexport&quot;&gt; Key Values&lt;/a&gt; profile.&lt;/li&gt;
&lt;/ul&gt;
&lt;h2&gt;&lt;strong&gt;About Flexport:&lt;/strong&gt;&lt;/h2&gt;
&lt;p&gt;At Flexport, we believe global trade can move the human race forward. We’re shaping the future of a $8.6T industry with solutions powered by innovative technology and exceptional people. Today, companies of all sizes—from emerging brands to Fortune 500s—use Flexport technology to move more than $19B of merchandise across 112 countries a year.&amp;nbsp;&lt;/p&gt;
&lt;p&gt;The recent global supply chain crisis has put Flexport center stage as we continue to play a pivotal role in how goods move around the world. At a valuation of $8 billion, we’re experiencing record growth and are proud to have the support of the best investors in the game who believe in our mission, solutions and people. Ready to tackle global challenges that impact business, society, and the environment? Come join us.&lt;/p&gt;
&lt;h2&gt;&lt;strong&gt;Worried about not having any freight forwarding experience?&lt;/strong&gt;&lt;/h2&gt;
&lt;ul&gt;
&lt;li&gt;Don’t be! We’re building the first Operating System for Global Trade. That’s why it’s incredibly important for us to bring people from&lt;a href=&quot;https://www.flexport.com/careers/diversity-and-inclusion&quot;&gt; diverse backgrounds and experiences&lt;/a&gt; together with our industry veterans to help move the freight forwarding industry forward.&lt;/li&gt;
&lt;li&gt;What’s freight forwarding and why does it matter? Freight forwarding is the coordination and shipment of goods from one place to another and it’s what makes global trade possible. Flexport is on a mission to make global trade easier for everyone because we believe it can&lt;a href=&quot;https://www.youtube.com/watch?v=3jvRNATITmQ&quot;&gt; help connect the world and break down economic barriers&lt;/a&gt;.&lt;/li&gt;
&lt;li&gt;We know this industry is complex. That’s why we invest in education starting day one with&lt;a href=&quot;https://www.youtube.com/watch?v=KQxp0Y8kSi8&amp;amp;t=2s&quot;&gt; Flexport Academy&lt;/a&gt;, a one week intensive onboarding program designed specifically to set every new Flexport employee up for success.&lt;/li&gt;
&lt;/ul&gt;
&lt;p&gt;At Flexport, our ability to fulfill our mission of making global trade easy for everyone relies on having a diverse, dedicated and engaged workforce. That is why Flexport is committed to creating and nurturing an environment where anyone can be their authentic self. All qualified applicants will receive consideration for employment regardless of race, color, religion, sex, national origin, age, physical and mental disability, health status, marital and family status, sexual orientation, gender identity and expression, military and veteran status, and any other characteristic protected by applicable law.&lt;/p&gt;&lt;div class=&quot;content-conclusion&quot;&gt;&lt;div id=&quot;1704749847.557549&quot; class=&quot;c-virtual_list__item&quot; data-qa=&quot;virtual-list-item&quot; data-item-key=&quot;1704749847.557549&quot;&gt;
&lt;div class=&quot;c-message_kit__background p-message_pane_message__message c-message_kit__message&quot; data-qa=&quot;message_container&quot; data-qa-unprocessed=&quot;false&quot; data-qa-placeholder=&quot;false&quot;&gt;
&lt;div class=&quot;c-message_kit__hover&quot; data-qa-hover=&quot;true&quot;&gt;
&lt;div class=&quot;c-message_kit__actions c-message_kit__actions--default&quot;&gt;
&lt;div class=&quot;c-message_kit__gutter&quot;&gt;
&lt;div class=&quot;c-message_kit__gutter__right&quot; data-qa=&quot;message_content&quot;&gt;
&lt;div class=&quot;c-message_kit__blocks c-message_kit__blocks--rich_text&quot;&gt;
&lt;div class=&quot;c-message__message_blocks c-message__message_blocks--rich_text&quot; data-qa=&quot;message-text&quot;&gt;
&lt;div class=&quot;p-block_kit_renderer&quot; data-qa=&quot;block-kit-renderer&quot;&gt;
&lt;div class=&quot;p-block_kit_renderer__block_wrapper p-block_kit_renderer__block_wrapper--first&quot;&gt;
&lt;div class=&quot;p-rich_text_block&quot;&gt;
&lt;h4&gt;Commitment to Equal Opportunity&lt;/h4&gt;
&lt;p&gt;At Flexport, our ability to fulfill our mission of making global commerce easy and accessible relies on having a diverse, dedicated and engaged workforce. All qualified applicants will receive consideration for employment regardless of race, color, religion, sex, national origin, age, physical and mental disability, health status, marital and family status, sexual orientation, gender identity and expression, military and veteran status, and any other characteristic protected by applicable law.&lt;/p&gt;
&lt;h4&gt;Global Data Privacy Notice for Job Candidates and Applicants&lt;/h4&gt;
&lt;p&gt;Depending on your location, the General Data Protection Regulation (GDPR) and California Consumer Privacy Act (CCPA) may regulate the way we manage the data of job applicants.&amp;nbsp;By submitting your application, you are agreeing to our use and processing of your data as required. Please see our Privacy Notice available at&amp;nbsp;&lt;a href=&quot;http://www.flexport.com/privacy&quot; target=&quot;_blank&quot; data-saferedirecturl=&quot;https://www.google.com/url?q=http://www.flexport.com/privacy&amp;amp;source=gmail&amp;amp;ust=1613840050053000&amp;amp;usg=AFQjCNHD63svlkD-hWHlGuGOM_bSYVrnpw&quot;&gt;www.flexport.com/privacy&lt;/a&gt;&amp;nbsp;for additional information.&lt;/p&gt;
&lt;/div&gt;
&lt;/div&gt;
&lt;/div&gt;
&lt;/div&gt;
&lt;/div&gt;
&lt;/div&gt;
&lt;/div&gt;
&lt;/div&gt;
&lt;/div&gt;
&lt;/div&gt;
&lt;/div&gt;&lt;/div&gt;",https://job-boards.greenhouse.io/flexport/jobs/7978127,2026-06-03T03:43:50-04:00,2026-08-03T05:05:07-04:00,False,greenhouse_api,2026-08-12,"About Flexport:
At Flexport, we believe global trade can move the human race forward. That’s why it’s our mission to make global commerce so easy there will be more of it. We’re shaping the future of a $10T industry with solutions powered by innovative technology and exceptional people. Today, companies of all sizes—from emerging brands to Fortune 500s—use Flexport technology to move more than $19B of merchandise across 112 countries a year.
The recent global supply chain crisis has put Flexport center stage as we continue to play a pivotal role in how goods move around the world. We are proud to have the support of the best investors in the game who believe in our mission, solutions and people. Ready to tackle global challenges that impact business, society, and the environment? Come join us.
The opportunity:
Flexport is a platform for global trade in an industry that comprises 12% of the global GDP. We are the first licensed freight forwarder and customs brokerage built around a modern tech stack. We help the world's fastest-growing brands manage their international supply chains, providing a fully-managed service for moving products between any two places on the planet.
Exceptional software development is integral in allowing us to fulfill our mission of fixing the user experience in global trade. At Flexport you’ll develop products that are at the forefront of reshaping the entire logistics & supply chain industries. You’ll work alongside self-starters interested in solving real-world problems and streamlining the inefficiencies in the complex global trade industry. You’ll have the opportunity to reshape an industry by creating the new operating system for global trade.
Our engineers are top-notch software developers who love listening to the users, working as a team, and proactively taking the lead whenever necessary. The role involves learning the business of freight forwarding, modeling the work that people do to move freight, designing solutions to make it more efficient, and thinking innovatively to automate much of it. In this role, you will have an opportunity to own the design and development of key parts of our forwarding systems. You will have influence on subsystem design and help contribute to a team culture around practices that are critical to a quality product.
About the team:
We have multiple teams in Shanghai and Shenzhen working on a suite of core products and services that enable Flexport operation to scale, including Forwarding Application, Client Application, Shipper Application, WMS, Consol Planning Tool, Document Platform (AI empowered), Email Platform, Compliance Platform, Work Assignment Engine, Exception Management, AI Copilot and so on. We are looking for engineers who love learning, are passionate about collaborating, and desire to build solutions with a global impact.
You will:
Build highly available, secure, distributed systems in a microservice architecture.
Design, develop, test and maintain systems that represent the real-world intricacies of logistics entities, such as shipper, client, cargo, document, carrier, container, email etc.
Collaborate with some of the best engineers in the industry to work on complex business and technical problems.
Work closely with business partners and product managers to distill complex business problems into elegant technical solutions.
Build and launch products rapidly and incrementally. We ship to production dozens of times per day.
Ensure our products maintain a high-quality bar. We believe in anticipating issues by obsessing over metrics and applying key learnings from post-mortems to all our services.
Geek out about shipping and logistics. (We do this often.)
You should have:
Basic Qualifications
3+ years of experience writing software, and a strong engineering background.
2+ years of design and architecture knowledge as well as familiarity with object-oriented analysis and design patterns (OOA/OOD)
Knowledge of at least one programming language such as Ruby, C, C++, Java, or Kotlin
Bachelor's degree in Computer Science or related technical field, or equivalent experience
Preferred Qualifications
A love of simple, well-tested code that is easy to extend and hard to break.
A bias for action. When you see a problem, you solve it.
The ability to convey technical ideas in common terms to business partners, product managers, and engineers alike.
Experience building large scale, high-performance systems in a complex, multi-tiered, distributed environment
Understanding of performance tradeoffs, load balancing and operational issues
Knowledge of professional software engineering practices & best practices for full software development life cycle, including coding standards, code reviews, source control management, continuous deployments, testing, and operations
Non-optional: an aptitude for learning quickly.
Engineering Culture and Values:
Check out our
Key Values
profile.
About Flexport:
At Flexport, we believe global trade can move the human race forward. We’re shaping the future of a $8.6T industry with solutions powered by innovative technology and exceptional people. Today, companies of all sizes—from emerging brands to Fortune 500s—use Flexport technology to move more than $19B of merchandise across 112 countries a year.
The recent global supply chain crisis has put Flexport center stage as we continue to play a pivotal role in how goods move around the world. At a valuation of $8 billion, we’re experiencing record growth and are proud to have the support of the best investors in the game who believe in our mission, solutions and people. Ready to tackle global challenges that impact business, society, and the environment? Come join us.
Worried about not having any freight forwarding experience?
Don’t be! We’re building the first Operating System for Global Trade. That’s why it’s incredibly important for us to bring people from
diverse backgrounds and experiences
together with our industry veterans to help move the freight forwarding industry forward.
What’s freight forwarding and why does it matter? Freight forwarding is the coordination and shipment of goods from one place to another and it’s what makes global trade possible. Flexport is on a mission to make global trade easier for everyone because we believe it can
help connect the world and break down economic barriers
.
We know this industry is complex. That’s why we invest in education starting day one with
Flexport Academy
, a one week intensive onboarding program designed specifically to set every new Flexport employee up for success.
At Flexport, our ability to fulfill our mission of making global trade easy for everyone relies on having a diverse, dedicated and engaged workforce. That is why Flexport is committed to creating and nurturing an environment where anyone can be their authentic self. All qualified applicants will receive consideration for employment regardless of race, color, religion, sex, national origin, age, physical and mental disability, health status, marital and family status, sexual orientation, gender identity and expression, military and veteran status, and any other characteristic protected by applicable law.
Commitment to Equal Opportunity
At Flexport, our ability to fulfill our mission of making global commerce easy and accessible relies on having a diverse, dedicated and engaged workforce. All qualified applicants will receive consideration for employment regardless of race, color, religion, sex, national origin, age, physical and mental disability, health status, marital and family status, sexual orientation, gender identity and expression, military and veteran status, and any other characteristic protected by applicable law.
Global Data Privacy Notice for Job Candidates and Applicants
Depending on your location, the General Data Protection Regulation (GDPR) and California Consumer Privacy Act (CCPA) may regulate the way we manage the data of job applicants. By submitting your application, you are agreeing to our use and processing of your data as required. Please see our Privacy Notice available at
www.flexport.com/privacy
for additional information.",Flexport,Software Engineer I,"Shanghai, China",Software/Cloud,Java,Bachelor,Not specified,3.0,,0,,Java,JD 明确要求约 3+ 年经验
Appier,appier,"Account Manager - Beijing, China",Beijing,"&lt;p&gt;&lt;strong&gt;About Appier&amp;nbsp;&lt;/strong&gt;&lt;/p&gt;
&lt;p&gt;&lt;span style=&quot;font-weight: 400;&quot;&gt;Appier is an s AI-native Agentic AI as a Service (AaaS) company that uses artificial intelligence (AI) to power business decision-making. Founded in 2012 with a vision of democratizing AI, Appier’s mission is turning AI into ROI by making software intelligent. Appier now has 17 offices across APAC, Europe and U.S., and is listed on the Tokyo Stock Exchange (Ticker number: 4180). Visit www.appier.com for more information.&lt;/span&gt;&lt;/p&gt;
&lt;p&gt;&amp;nbsp;&lt;/p&gt;
&lt;p&gt;&lt;strong&gt;About the role&lt;/strong&gt;&lt;/p&gt;
&lt;p&gt;&lt;span style=&quot;font-weight: 400;&quot;&gt;We are seeking for an &lt;strong&gt;Account Manager&lt;/strong&gt; for our Sales team in Beijing. He/She will cultivate strong relationships with our new and existing clients and assist them in strategizing and plan digital marketing campaigns to meet their goals.&amp;nbsp;&lt;br&gt;&lt;/span&gt;&lt;/p&gt;
&lt;p&gt;&amp;nbsp;&lt;/p&gt;
&lt;p&gt;&lt;strong&gt;Responsibilities&lt;/strong&gt;&lt;/p&gt;
&lt;ul&gt;
&lt;li style=&quot;font-weight: 400;&quot;&gt;&lt;span style=&quot;font-weight: 400;&quot;&gt;Identify key account growth opportunities with key stakeholders.&lt;/span&gt;&lt;/li&gt;
&lt;li style=&quot;font-weight: 400;&quot;&gt;&lt;span style=&quot;font-weight: 400;&quot;&gt;Strategize and plan digital marketing campaigns to meet clients goals.&lt;/span&gt;&lt;/li&gt;
&lt;li style=&quot;font-weight: 400;&quot;&gt;&lt;span style=&quot;font-weight: 400;&quot;&gt;Manage campaign launch and ongoing operations, including market research, troubleshooting, budget management and reporting.&lt;/span&gt;&lt;/li&gt;
&lt;li style=&quot;font-weight: 400;&quot;&gt;&lt;span style=&quot;font-weight: 400;&quot;&gt;Cultivate strong relationships with clients.&lt;/span&gt;&lt;/li&gt;
&lt;/ul&gt;
&lt;p&gt;&amp;nbsp;&lt;/p&gt;
&lt;p&gt;&lt;strong&gt;About you&lt;/strong&gt;&lt;/p&gt;
&lt;p&gt;&lt;span style=&quot;font-weight: 400;&quot;&gt;[Essential]&lt;/span&gt;&lt;/p&gt;
&lt;ul&gt;
&lt;li style=&quot;font-weight: 400;&quot;&gt;&lt;span style=&quot;font-weight: 400;&quot;&gt;At least 2 years of relevant working experience in digital marketing.&lt;/span&gt;&lt;/li&gt;
&lt;li style=&quot;font-weight: 400;&quot;&gt;&lt;span style=&quot;font-weight: 400;&quot;&gt;Performance marketing or App optimization experience is a plus&lt;/span&gt;&lt;/li&gt;
&lt;li style=&quot;font-weight: 400;&quot;&gt;&lt;span style=&quot;font-weight: 400;&quot;&gt;Good at problem solving and cross-functional collaboration&lt;/span&gt;&lt;/li&gt;
&lt;li style=&quot;font-weight: 400;&quot;&gt;&lt;span style=&quot;font-weight: 400;&quot;&gt;Logically thinking and possess good time management abilities.&lt;/span&gt;&lt;/li&gt;
&lt;li style=&quot;font-weight: 400;&quot;&gt;&lt;span style=&quot;font-weight: 400;&quot;&gt;Requires a combination of strong analytical and communication skills, with some technical understanding.&lt;/span&gt;&lt;/li&gt;
&lt;li style=&quot;font-weight: 400;&quot;&gt;&lt;span style=&quot;font-weight: 400;&quot;&gt;Detail-oriented with good organization.&lt;/span&gt;&lt;/li&gt;
&lt;li style=&quot;font-weight: 400;&quot;&gt;&lt;span style=&quot;font-weight: 400;&quot;&gt;Able to work independently in a fast-paced environment.&lt;/span&gt;&lt;/li&gt;
&lt;/ul&gt;
&lt;p&gt;&amp;nbsp;&lt;/p&gt;
&lt;p&gt;&amp;nbsp;&lt;/p&gt;
&lt;p&gt;#LI-EP1&lt;/p&gt;",https://job-boards.greenhouse.io/appier/jobs/6783397,2025-04-08T07:46:19-04:00,2026-08-05T04:35:53-04:00,False,greenhouse_api,2026-08-12,"About Appier
Appier is an s AI-native Agentic AI as a Service (AaaS) company that uses artificial intelligence (AI) to power business decision-making. Founded in 2012 with a vision of democratizing AI, Appier’s mission is turning AI into ROI by making software intelligent. Appier now has 17 offices across APAC, Europe and U.S., and is listed on the Tokyo Stock Exchange (Ticker number: 4180). Visit www.appier.com for more information.
About the role
We are seeking for an
Account Manager
for our Sales team in Beijing. He/She will cultivate strong relationships with our new and existing clients and assist them in strategizing and plan digital marketing campaigns to meet their goals.
Responsibilities
Identify key account growth opportunities with key stakeholders.
Strategize and plan digital marketing campaigns to meet clients goals.
Manage campaign launch and ongoing operations, including market research, troubleshooting, budget management and reporting.
Cultivate strong relationships with clients.
About you
[Essential]
At least 2 years of relevant working experience in digital marketing.
Performance marketing or App optimization experience is a plus
Good at problem solving and cross-functional collaboration
Logically thinking and possess good time management abilities.
Requires a combination of strong analytical and communication skills, with some technical understanding.
Detail-oriented with good organization.
Able to work independently in a fast-paced environment.
#LI-EP1",Appier,"Account Manager - Beijing, China","Beijing, China",Business/Ops,Agentic AI,Not specified,Not specified,2.0,,0,,Agentic AI,JD 明确要求约 2+ 年经验
Speechify,speechify,"Software Engineer, Data Infrastructure & Acquisition - Beijing, China",Beijing,"&lt;p&gt;The mission of Speechify is to make sure that reading is never a barrier to learning.&lt;/p&gt;
&lt;p&gt;Over 50 million people use Speechify’s text-to-speech products to turn whatever they’re reading – PDFs, books, Google Docs, news articles, websites – into audio, so they can read faster, read more, and remember more. Speechify’s text-to-speech reading products include its iOS app, Android App, Mac App, Chrome Extension, and Web App.&amp;nbsp;Google recently named Speechify the Chrome Extension of the Year and Apple named Speechify its 2025 Design Award winner for Inclusivity.&amp;nbsp;&amp;nbsp;&lt;/p&gt;
&lt;p&gt;Today, nearly 200 people around the globe work on Speechify in a 100% distributed setting – Speechify has no office. These include frontend and backend engineers, AI research scientists, and others from Amazon, Microsoft, and Google, leading PhD programs like Stanford, high growth startups like Stripe, Vercel, Bolt, and many founders of their own companies.&lt;/p&gt;
&lt;p&gt;&lt;strong&gt;Overview&lt;/strong&gt;&lt;/p&gt;
&lt;p&gt;We&#39;re looking to hire for our Data side of our AI team at Speechify. This role is responsible for all aspects of data collection to support our model training operations. We are able to build high-quality datasets at petabyte-scale and low cost through a tight integration of infrastructure, engineering, and research work. We are looking for a skilled Software Engineer to join us.&lt;/p&gt;
&lt;p&gt;&lt;strong&gt;What You’ll Do&lt;/strong&gt;&lt;/p&gt;
&lt;ul&gt;
&lt;li&gt;Be scrappy to find new sources of audio data and bring it into our ingestion pipeline&lt;/li&gt;
&lt;li&gt;Operate and extend the cloud infrastructure for our ingestion pipeline, currently running on GCP and managed with Terraform.&lt;/li&gt;
&lt;li&gt;Collaborate closely with our Scientists to shift the cost/throughput/quality frontier, delivering richer data at bigger scale and lower cost to power our next-generation models.&lt;/li&gt;
&lt;li&gt;Collaborate with others on the AI Team and Speechify Leadership to craft the AI Team’s dataset roadmap to power Speechify’s next-generation consumer and enterprise products.&lt;/li&gt;
&lt;/ul&gt;
&lt;p&gt;&lt;strong&gt;An Ideal Candidate Should Have&lt;/strong&gt;&lt;/p&gt;
&lt;ul&gt;
&lt;li&gt;BS/MS/PhD in Computer Science or a related field.&lt;/li&gt;
&lt;li&gt;5+ years of industry experience in software development.&lt;/li&gt;
&lt;li&gt;Proficiency with bash/Python scripting in Linux environments&lt;/li&gt;
&lt;li&gt;Proficiency in Docker and Infrastructure-as-Code concepts and professional experience with at least one major Cloud Provider (we use GCP)&lt;/li&gt;
&lt;li&gt;Experience with web crawlers, large-scale data processing workflows is a plus&lt;/li&gt;
&lt;li&gt;Ability to handle multiple tasks and adapt to changing priorities.&lt;/li&gt;
&lt;li&gt;Strong communication skills, both written and verbal.&lt;/li&gt;
&lt;/ul&gt;
&lt;p&gt;&lt;strong&gt;What we offer&lt;/strong&gt;&lt;/p&gt;
&lt;ul&gt;
&lt;li&gt;A fast-growing environment where you can help shape the company and product.&lt;/li&gt;
&lt;li&gt;An entrepreneurial-minded team that supports risk, intuition, and hustle.&lt;/li&gt;
&lt;li&gt;A hands-off management approach so you can focus and do your best work.&lt;/li&gt;
&lt;li&gt;An opportunity to make a big impact in a transformative industry.&lt;/li&gt;
&lt;li&gt;Competitive salaries, a friendly and laid-back atmosphere, and a commitment to building a great asynchronous culture.&lt;/li&gt;
&lt;li&gt;Opportunity to work on a life-changing product that millions of people use.&lt;/li&gt;
&lt;li&gt;Build products that directly impact and support people with learning differences like dyslexia, ADD, low vision, concussions, autism, and more.&lt;/li&gt;
&lt;li&gt;Work in one of the fastest-growing sectors of tech, the intersection of artificial intelligence and audio.&lt;/li&gt;
&lt;/ul&gt;
&lt;p&gt;&lt;strong&gt;Think you’re a good fit for this job?&amp;nbsp;&lt;/strong&gt;&lt;/p&gt;
&lt;p&gt;Tell us more about yourself and why you&#39;re interested in the role when you apply. &lt;br&gt;And don’t forget to include links to your portfolio and LinkedIn.&lt;/p&gt;
&lt;p&gt;&lt;strong&gt;Not looking but know someone who would make a great fit?&amp;nbsp;&lt;/strong&gt;&lt;/p&gt;
&lt;p&gt;Refer them!&amp;nbsp;&lt;/p&gt;
&lt;p&gt;&lt;strong&gt;Speechify is committed to a diverse and inclusive workplace.&amp;nbsp;&lt;/strong&gt;&lt;/p&gt;
&lt;p&gt;Speechify does not discriminate on the basis of race, national origin, gender, gender identity, sexual orientation, protected veteran status, disability, age, or other legally protected status.&lt;/p&gt;",https://job-boards.greenhouse.io/speechify/jobs/5975278004,2025-12-05T02:04:10-05:00,2026-07-29T01:07:29-04:00,False,greenhouse_api,2026-08-12,"The mission of Speechify is to make sure that reading is never a barrier to learning.
Over 50 million people use Speechify’s text-to-speech products to turn whatever they’re reading – PDFs, books, Google Docs, news articles, websites – into audio, so they can read faster, read more, and remember more. Speechify’s text-to-speech reading products include its iOS app, Android App, Mac App, Chrome Extension, and Web App. Google recently named Speechify the Chrome Extension of the Year and Apple named Speechify its 2025 Design Award winner for Inclusivity.
Today, nearly 200 people around the globe work on Speechify in a 100% distributed setting – Speechify has no office. These include frontend and backend engineers, AI research scientists, and others from Amazon, Microsoft, and Google, leading PhD programs like Stanford, high growth startups like Stripe, Vercel, Bolt, and many founders of their own companies.
Overview
We're looking to hire for our Data side of our AI team at Speechify. This role is responsible for all aspects of data collection to support our model training operations. We are able to build high-quality datasets at petabyte-scale and low cost through a tight integration of infrastructure, engineering, and research work. We are looking for a skilled Software Engineer to join us.
What You’ll Do
Be scrappy to find new sources of audio data and bring it into our ingestion pipeline
Operate and extend the cloud infrastructure for our ingestion pipeline, currently running on GCP and managed with Terraform.
Collaborate closely with our Scientists to shift the cost/throughput/quality frontier, delivering richer data at bigger scale and lower cost to power our next-generation models.
Collaborate with others on the AI Team and Speechify Leadership to craft the AI Team’s dataset roadmap to power Speechify’s next-generation consumer and enterprise products.
An Ideal Candidate Should Have
BS/MS/PhD in Computer Science or a related field.
5+ years of industry experience in software development.
Proficiency with bash/Python scripting in Linux environments
Proficiency in Docker and Infrastructure-as-Code concepts and professional experience with at least one major Cloud Provider (we use GCP)
Experience with web crawlers, large-scale data processing workflows is a plus
Ability to handle multiple tasks and adapt to changing priorities.
Strong communication skills, both written and verbal.
What we offer
A fast-growing environment where you can help shape the company and product.
An entrepreneurial-minded team that supports risk, intuition, and hustle.
A hands-off management approach so you can focus and do your best work.
An opportunity to make a big impact in a transformative industry.
Competitive salaries, a friendly and laid-back atmosphere, and a commitment to building a great asynchronous culture.
Opportunity to work on a life-changing product that millions of people use.
Build products that directly impact and support people with learning differences like dyslexia, ADD, low vision, concussions, autism, and more.
Work in one of the fastest-growing sectors of tech, the intersection of artificial intelligence and audio.
Think you’re a good fit for this job?
Tell us more about yourself and why you're interested in the role when you apply.
And don’t forget to include links to your portfolio and LinkedIn.
Not looking but know someone who would make a great fit?
Refer them!
Speechify is committed to a diverse and inclusive workplace.
Speechify does not discriminate on the basis of race, national origin, gender, gender identity, sexual orientation, protected veteran status, disability, age, or other legally protected status.",Speechify,"Software Engineer, Data Infrastructure & Acquisition - Beijing, China","Beijing, China",Software/Cloud,Python; Docker; GCP; Linux,Bachelor / Master / PhD,Not specified,5.0,,0,Python,Docker; GCP; Linux,JD 明确要求约 5+ 年经验；学历要求为 Bachelor / Master / PhD，当前学历层级为 Bachelor
SES AI,sesai,"Senior Scientist, Material Characterization",Shanghai,"&lt;p&gt;&lt;span style=&quot;text-decoration: underline;&quot;&gt;&lt;strong&gt;Senior Scientist, Material Characterization&lt;/strong&gt;&lt;/span&gt;&lt;/p&gt;
&lt;p&gt;&amp;nbsp;&lt;/p&gt;
&lt;p&gt;&lt;span style=&quot;text-decoration: underline;&quot;&gt;&lt;strong&gt;Responsibilities&lt;/strong&gt;&lt;/span&gt;&lt;/p&gt;
&lt;ul&gt;
&lt;li&gt;Lead materials characterization and validation activities.&lt;/li&gt;
&lt;li&gt;Procure analytical equipment as and when needed.&lt;/li&gt;
&lt;li&gt;Analysis of chemical, physical, and thermal properties of all battery materials and understand their interactions with each other.&lt;/li&gt;
&lt;li&gt;Performs critical interpretation of analytical data; analyzes information to drive mechanistic understanding.&lt;/li&gt;
&lt;li&gt;Develop a fundamental mechanistic understanding of Li-metal anode cell performance failure modes&lt;/li&gt;
&lt;/ul&gt;
&lt;p&gt;&amp;nbsp;&lt;/p&gt;
&lt;p&gt;&lt;span style=&quot;text-decoration: underline;&quot;&gt;&lt;strong&gt;Qualifications&lt;/strong&gt;&lt;/span&gt;&lt;/p&gt;
&lt;ul&gt;
&lt;li&gt;Doctorate in chemistry, chemical engineering, materials science, or related fields with 5+ years of industrial/academic experience.&lt;/li&gt;
&lt;li&gt;Expertise and experience in operating and maintaining analytical instruments including but not limited to GC, FTIR, UV-Vis, DSC, TGA, SEM, XPS, Raman, and NMR.&lt;/li&gt;
&lt;li&gt;Experience working with moisture sensitive materials in a glovebox or dry room.&lt;/li&gt;
&lt;li&gt;Experience in electrochemistry, specifically on lithium-ion batteries.&lt;/li&gt;
&lt;li&gt;Ability to analyze data and draw deeper conclusions from analytical data.&lt;/li&gt;
&lt;li&gt;Ability to communicate new concepts and draw insight from discussions with coworkers.&lt;/li&gt;
&lt;li&gt;Demonstrable track record of learning new technologies quickly and using your skillset to have a tangible impact in a short time frame.&lt;/li&gt;
&lt;li&gt;A technical leader with the ability to positively influence peers and bring the team together.&lt;/li&gt;
&lt;li&gt;Understanding terminologies in Materials Science field. Ability to read documents and have conversation in English.&lt;/li&gt;
&lt;/ul&gt;
&lt;p&gt;&amp;nbsp;&lt;/p&gt;",https://boards.greenhouse.io/sesai/jobs/4186796005?gh_jid=4186796005,2023-01-16T14:23:55-05:00,2026-06-22T13:14:30-04:00,False,greenhouse_api,2026-08-12,"Senior Scientist, Material Characterization
Responsibilities
Lead materials characterization and validation activities.
Procure analytical equipment as and when needed.
Analysis of chemical, physical, and thermal properties of all battery materials and understand their interactions with each other.
Performs critical interpretation of analytical data; analyzes information to drive mechanistic understanding.
Develop a fundamental mechanistic understanding of Li-metal anode cell performance failure modes
Qualifications
Doctorate in chemistry, chemical engineering, materials science, or related fields with 5+ years of industrial/academic experience.
Expertise and experience in operating and maintaining analytical instruments including but not limited to GC, FTIR, UV-Vis, DSC, TGA, SEM, XPS, Raman, and NMR.
Experience working with moisture sensitive materials in a glovebox or dry room.
Experience in electrochemistry, specifically on lithium-ion batteries.
Ability to analyze data and draw deeper conclusions from analytical data.
Ability to communicate new concepts and draw insight from discussions with coworkers.
Demonstrable track record of learning new technologies quickly and using your skillset to have a tangible impact in a short time frame.
A technical leader with the ability to positively influence peers and bring the team together.
Understanding terminologies in Materials Science field. Ability to read documents and have conversation in English.",SES AI,"Senior Scientist, Material Characterization","Shanghai, China",Other,,PhD,Mentioned,,,0,,,学历要求为 PhD，当前学历层级为 Bachelor
SES AI,sesai,Senior Material Engineer,Shanghai,"&lt;p&gt;&lt;span style=&quot;text-decoration: underline;&quot;&gt;&lt;strong&gt;Senior Material Engineer&lt;/strong&gt;&lt;/span&gt;&lt;/p&gt;
&lt;p&gt;&amp;nbsp;&lt;/p&gt;
&lt;p&gt;&lt;span style=&quot;text-decoration: underline;&quot;&gt;&lt;strong&gt;Responsibilities&lt;/strong&gt;&lt;/span&gt;&lt;/p&gt;
&lt;ul&gt;
&lt;li&gt;
&lt;p&gt;Responsible for the pilot production and expansion of the existing material pilot process.&lt;/p&gt;
&lt;/li&gt;
&lt;li&gt;
&lt;p&gt;Responsible for chemical process plan, equipment selection and engineering design.&lt;/p&gt;
&lt;/li&gt;
&lt;/ul&gt;
&lt;p&gt;&amp;nbsp;&lt;/p&gt;
&lt;p&gt;&lt;span style=&quot;text-decoration: underline;&quot;&gt;&lt;strong&gt;Qualifications:&lt;/strong&gt;&lt;/span&gt;&lt;/p&gt;
&lt;ul&gt;
&lt;li&gt;
&lt;p&gt;Gender: no limit.&lt;/p&gt;
&lt;/li&gt;
&lt;li&gt;
&lt;p&gt;Major: Chemistry related major, organic synthesis, chemical engineering, etc.&lt;/p&gt;
&lt;/li&gt;
&lt;li&gt;
&lt;p&gt;Education and work experience: Master or above, with more than 5 years of organic synthesis work experience, fluorine chemical work experience is preferred.&lt;/p&gt;
&lt;/li&gt;
&lt;li&gt;
&lt;p&gt;Professional skill requirements:&lt;/p&gt;
&lt;ul&gt;
&lt;li&gt;
&lt;p&gt;Familiar with the principles and methods of organic synthesis.&lt;/p&gt;
&lt;/li&gt;
&lt;li&gt;
&lt;p&gt;Familiar with chemical synthesis and distillation equipment and distillation operation.&lt;/p&gt;
&lt;/li&gt;
&lt;li&gt;
&lt;p&gt;Familiar with recrystallization process and equipment.&lt;/p&gt;
&lt;/li&gt;
&lt;li&gt;
&lt;p&gt;Familiar with solid-liquid separation process and equipment.&lt;/p&gt;
&lt;/li&gt;
&lt;/ul&gt;
&lt;/li&gt;
&lt;li&gt;
&lt;p&gt;Work attitude requirements:&lt;/p&gt;
&lt;ul&gt;
&lt;li&gt;
&lt;p&gt;Diligent, modest and progressive.&lt;/p&gt;
&lt;/li&gt;
&lt;li&gt;
&lt;p&gt;Obey the post transfer and job content transfer arrangement within the department.&lt;/p&gt;
&lt;/li&gt;
&lt;/ul&gt;
&lt;/li&gt;
&lt;/ul&gt;
&lt;p&gt;&amp;nbsp;&lt;/p&gt;",https://boards.greenhouse.io/sesai/jobs/4186794005?gh_jid=4186794005,2023-01-16T14:24:40-05:00,2026-06-22T13:14:30-04:00,False,greenhouse_api,2026-08-12,"Senior Material Engineer
Responsibilities
Responsible for the pilot production and expansion of the existing material pilot process.
Responsible for chemical process plan, equipment selection and engineering design.
Qualifications:
Gender: no limit.
Major: Chemistry related major, organic synthesis, chemical engineering, etc.
Education and work experience: Master or above, with more than 5 years of organic synthesis work experience, fluorine chemical work experience is preferred.
Professional skill requirements:
Familiar with the principles and methods of organic synthesis.
Familiar with chemical synthesis and distillation equipment and distillation operation.
Familiar with recrystallization process and equipment.
Familiar with solid-liquid separation process and equipment.
Work attitude requirements:
Diligent, modest and progressive.
Obey the post transfer and job content transfer arrangement within the department.",SES AI,Senior Material Engineer,"Shanghai, China",Software/Cloud,,Master,Not specified,,,0,,,学历要求为 Master，当前学历层级为 Bachelor
Flexport,flexport,Senior Ocean Operations Associate,Shanghai,"&lt;div class=&quot;content-intro&quot;&gt;&lt;h2&gt;&lt;strong&gt;About Flexport:&amp;nbsp;&lt;/strong&gt;&lt;/h2&gt;
&lt;p&gt;At Flexport, we believe global trade can move the human race forward. That’s why it’s our mission to make global commerce so easy there will be more of it. We’re shaping the future of a $10T industry with solutions powered by innovative technology and exceptional people. Today, companies of all sizes—from emerging brands to Fortune 500s—use Flexport technology to move more than $19B of merchandise across 112 countries a year.&amp;nbsp;&lt;/p&gt;
&lt;p&gt;The recent global supply chain crisis has put Flexport center stage as we continue to play a pivotal role in how goods move around the world. We are proud to have the support of the best investors in the game who believe in our mission, solutions and people. Ready to tackle global challenges that impact business, society, and the environment? Come join us.&lt;/p&gt;&lt;/div&gt;&lt;p&gt;At Flexport, we believe global trade can move the human race forward. That’s why it’s our mission to make global commerce so easy there will be more of it. We’re shaping the future of a $10T industry with solutions powered by innovative technology and exceptional people. Today, companies of all sizes—from emerging brands to Fortune 500s—use Flexport technology to move more than $19B of merchandise across 112 countries a year.&amp;nbsp;&lt;/p&gt;
&lt;p&gt;The recent global supply chain crisis has put Flexport center stage as we continue to play a pivotal role in how goods move around the world. We are proud to have the support of the best investors in the game who believe in our mission, solutions and people. Ready to tackle global challenges that impact business, society, and the environment? Come join us.&lt;/p&gt;
&lt;p&gt;&lt;strong&gt;The opportunity:&lt;/strong&gt;&lt;/p&gt;
&lt;p&gt;&amp;nbsp;&lt;/p&gt;
&lt;p&gt;The role of the Senior Operations Associate is a critical part of making Flexport’s mission to make global trade easy for everyone a reality. In this role, your direct customers are the partners within your region: our account management and customs teams, subcontractors, carriers, terminals and trucking providers. Your work directly supports Flexport’s end customers in achieving their logistics goals. Most importantly, you will play a pivotal role in building the next operational model at Flexport: allowing us to effectively scale to achieve our mission of making global trade easier for everyone.&lt;/p&gt;
&lt;p&gt;&amp;nbsp;&lt;/p&gt;
&lt;p&gt;This role is designed to build up Flexport’s operational footprint by both taking up ocean FCL shipments directly and exploring ways to enhance our local footprint and offers the chance to build. You will work cross-functionally to navigate ambiguous challenges and establish a world-class operating team. Being a Senior Operations Associate, you will be involved in both the daily operations as well as helping to expand the team.&lt;/p&gt;
&lt;p&gt;&amp;nbsp;&lt;/p&gt;
&lt;p&gt;&lt;strong&gt;Tactical Responsibilities:&lt;/strong&gt;&lt;/p&gt;
&lt;p&gt;As a supply chain talent, you are an expert in executing the end-to-end movement of ocean shipments within a regional network including FCL and LCL imports and exports.&lt;/p&gt;
&lt;ul&gt;
&lt;li&gt;You will be responsible for the export handling of ocean freight shipments within a regional network following local standard operating procedures (SOP) with clearly defined digital service level agreements (SLA).&lt;/li&gt;
&lt;li&gt;You will give recommendations on how to expand our footprint and contribute to the growth in Taiwan.&lt;/li&gt;
&lt;li&gt;You will personally represent Flexport’s value proposition by recommending supply chain solutions for new clients and opportunities to the account management team.&lt;/li&gt;
&lt;li&gt;You will guard the “front line” in ensuring the highest standard of Flexport quality: the right processes and metrics are in place for shipments to move “on-time” and exceptions resolved quickly and appropriately. You will be responsible for meeting internal KPIs and SLAs that demonstrate quality delivery.&lt;/li&gt;
&lt;li&gt;Serve as the primary focal point for shippers and clients which you are assigned to take care of. You will be the primary point of contact for first-level internal and external escalations.&lt;/li&gt;
&lt;/ul&gt;
&lt;p&gt;&amp;nbsp;&lt;/p&gt;
&lt;p&gt;&lt;strong&gt;Adaptive Responsibilities:&lt;/strong&gt;&lt;/p&gt;
&lt;ul&gt;
&lt;li&gt;You will work with gateway and regional management to ensure the right metrics and data are in place to deliver great performance.&lt;/li&gt;
&lt;li&gt;You will be responsible for monitoring and improving operational performance and support growth.&lt;/li&gt;
&lt;li&gt;You will act as subject matter expert (SME) to support key initiatives and experiment with the best ways to drive growth.&lt;/li&gt;
&lt;li&gt;You will be an active student, learning the skills of leadership which Flexport will strive to apprentice.&lt;/li&gt;
&lt;li&gt;You will work with Account Management to design and iterate on effective feedback loops to ensure client needs are met.&lt;/li&gt;
&lt;li&gt;You will act as a strategic consultant to your global counterparts, product &amp;amp; engineering and the operations excellence team on ocean supply chain operations and your regional gateway ocean or network operations strategy.&lt;/li&gt;
&lt;li&gt;You will help to take over and optimize operational infrastructure and procedures while identifying and executing on opportunities to increase efficiency and productivity over time.&lt;/li&gt;
&lt;/ul&gt;
&lt;p&gt;&lt;strong&gt;What you will need:&lt;/strong&gt;&lt;/p&gt;
&lt;p&gt;&amp;nbsp;&lt;/p&gt;
&lt;p&gt;Experience:&lt;br&gt;&lt;br&gt;&lt;/p&gt;
&lt;ul&gt;
&lt;li&gt;BA/BS degree&lt;/li&gt;
&lt;li&gt;Minimum 3+ years of experience in logistics, freight forwarding, supply chain, ocean carrier operations, or consulting (ocean freight knowledge is a plus)&lt;/li&gt;
&lt;/ul&gt;
&lt;p&gt;Mindset:&amp;nbsp;&lt;/p&gt;
&lt;p&gt;We’re looking for folks that have:&lt;/p&gt;
&lt;ul&gt;
&lt;li&gt;Excitement to manage relations and create a best-in-class operational structure&lt;/li&gt;
&lt;li&gt;Hands-on, process-oriented, structured thinker with strong problem-solving capabilities&amp;nbsp;&lt;/li&gt;
&lt;li&gt;Strategic vision and ground floor execution&lt;/li&gt;
&lt;li&gt;Excellent communication, interpersonal and organizational skills&lt;/li&gt;
&lt;li&gt;Client service mindset - obsessed with client satisfaction&lt;/li&gt;
&lt;li&gt;A mastery of internal and external communication&lt;/li&gt;
&lt;li&gt;Courage to challenge the status quo when logic and reason require it. See something broken? Fix it!&lt;/li&gt;
&lt;li&gt;The desire to lead, train and develop up and coming industry talent&lt;/li&gt;
&lt;/ul&gt;&lt;div class=&quot;content-conclusion&quot;&gt;&lt;div id=&quot;1704749847.557549&quot; class=&quot;c-virtual_list__item&quot; data-qa=&quot;virtual-list-item&quot; data-item-key=&quot;1704749847.557549&quot;&gt;
&lt;div class=&quot;c-message_kit__background p-message_pane_message__message c-message_kit__message&quot; data-qa=&quot;message_container&quot; data-qa-unprocessed=&quot;false&quot; data-qa-placeholder=&quot;false&quot;&gt;
&lt;div class=&quot;c-message_kit__hover&quot; data-qa-hover=&quot;true&quot;&gt;
&lt;div class=&quot;c-message_kit__actions c-message_kit__actions--default&quot;&gt;
&lt;div class=&quot;c-message_kit__gutter&quot;&gt;
&lt;div class=&quot;c-message_kit__gutter__right&quot; data-qa=&quot;message_content&quot;&gt;
&lt;div class=&quot;c-message_kit__blocks c-message_kit__blocks--rich_text&quot;&gt;
&lt;div class=&quot;c-message__message_blocks c-message__message_blocks--rich_text&quot; data-qa=&quot;message-text&quot;&gt;
&lt;div class=&quot;p-block_kit_renderer&quot; data-qa=&quot;block-kit-renderer&quot;&gt;
&lt;div class=&quot;p-block_kit_renderer__block_wrapper p-block_kit_renderer__block_wrapper--first&quot;&gt;
&lt;div class=&quot;p-rich_text_block&quot;&gt;
&lt;h4&gt;Commitment to Equal Opportunity&lt;/h4&gt;
&lt;p&gt;At Flexport, our ability to fulfill our mission of making global commerce easy and accessible relies on having a diverse, dedicated and engaged workforce. All qualified applicants will receive consideration for employment regardless of race, color, religion, sex, national origin, age, physical and mental disability, health status, marital and family status, sexual orientation, gender identity and expression, military and veteran status, and any other characteristic protected by applicable law.&lt;/p&gt;
&lt;h4&gt;Global Data Privacy Notice for Job Candidates and Applicants&lt;/h4&gt;
&lt;p&gt;Depending on your location, the General Data Protection Regulation (GDPR) and California Consumer Privacy Act (CCPA) may regulate the way we manage the data of job applicants.&amp;nbsp;By submitting your application, you are agreeing to our use and processing of your data as required. Please see our Privacy Notice available at&amp;nbsp;&lt;a href=&quot;http://www.flexport.com/privacy&quot; target=&quot;_blank&quot; data-saferedirecturl=&quot;https://www.google.com/url?q=http://www.flexport.com/privacy&amp;amp;source=gmail&amp;amp;ust=1613840050053000&amp;amp;usg=AFQjCNHD63svlkD-hWHlGuGOM_bSYVrnpw&quot;&gt;www.flexport.com/privacy&lt;/a&gt;&amp;nbsp;for additional information.&lt;/p&gt;
&lt;/div&gt;
&lt;/div&gt;
&lt;/div&gt;
&lt;/div&gt;
&lt;/div&gt;
&lt;/div&gt;
&lt;/div&gt;
&lt;/div&gt;
&lt;/div&gt;
&lt;/div&gt;
&lt;/div&gt;&lt;/div&gt;",https://job-boards.greenhouse.io/flexport/jobs/7981653,2026-06-22T23:00:31-04:00,2026-07-09T19:28:21-04:00,False,greenhouse_api,2026-08-12,"About Flexport:
At Flexport, we believe global trade can move the human race forward. That’s why it’s our mission to make global commerce so easy there will be more of it. We’re shaping the future of a $10T industry with solutions powered by innovative technology and exceptional people. Today, companies of all sizes—from emerging brands to Fortune 500s—use Flexport technology to move more than $19B of merchandise across 112 countries a year.
The recent global supply chain crisis has put Flexport center stage as we continue to play a pivotal role in how goods move around the world. We are proud to have the support of the best investors in the game who believe in our mission, solutions and people. Ready to tackle global challenges that impact business, society, and the environment? Come join us.
At Flexport, we believe global trade can move the human race forward. That’s why it’s our mission to make global commerce so easy there will be more of it. We’re shaping the future of a $10T industry with solutions powered by innovative technology and exceptional people. Today, companies of all sizes—from emerging brands to Fortune 500s—use Flexport technology to move more than $19B of merchandise across 112 countries a year.
The recent global supply chain crisis has put Flexport center stage as we continue to play a pivotal role in how goods move around the world. We are proud to have the support of the best investors in the game who believe in our mission, solutions and people. Ready to tackle global challenges that impact business, society, and the environment? Come join us.
The opportunity:
The role of the Senior Operations Associate is a critical part of making Flexport’s mission to make global trade easy for everyone a reality. In this role, your direct customers are the partners within your region: our account management and customs teams, subcontractors, carriers, terminals and trucking providers. Your work directly supports Flexport’s end customers in achieving their logistics goals. Most importantly, you will play a pivotal role in building the next operational model at Flexport: allowing us to effectively scale to achieve our mission of making global trade easier for everyone.
This role is designed to build up Flexport’s operational footprint by both taking up ocean FCL shipments directly and exploring ways to enhance our local footprint and offers the chance to build. You will work cross-functionally to navigate ambiguous challenges and establish a world-class operating team. Being a Senior Operations Associate, you will be involved in both the daily operations as well as helping to expand the team.
Tactical Responsibilities:
As a supply chain talent, you are an expert in executing the end-to-end movement of ocean shipments within a regional network including FCL and LCL imports and exports.
You will be responsible for the export handling of ocean freight shipments within a regional network following local standard operating procedures (SOP) with clearly defined digital service level agreements (SLA).
You will give recommendations on how to expand our footprint and contribute to the growth in Taiwan.
You will personally represent Flexport’s value proposition by recommending supply chain solutions for new clients and opportunities to the account management team.
You will guard the “front line” in ensuring the highest standard of Flexport quality: the right processes and metrics are in place for shipments to move “on-time” and exceptions resolved quickly and appropriately. You will be responsible for meeting internal KPIs and SLAs that demonstrate quality delivery.
Serve as the primary focal point for shippers and clients which you are assigned to take care of. You will be the primary point of contact for first-level internal and external escalations.
Adaptive Responsibilities:
You will work with gateway and regional management to ensure the right metrics and data are in place to deliver great performance.
You will be responsible for monitoring and improving operational performance and support growth.
You will act as subject matter expert (SME) to support key initiatives and experiment with the best ways to drive growth.
You will be an active student, learning the skills of leadership which Flexport will strive to apprentice.
You will work with Account Management to design and iterate on effective feedback loops to ensure client needs are met.
You will act as a strategic consultant to your global counterparts, product & engineering and the operations excellence team on ocean supply chain operations and your regional gateway ocean or network operations strategy.
You will help to take over and optimize operational infrastructure and procedures while identifying and executing on opportunities to increase efficiency and productivity over time.
What you will need:
Experience:
BA/BS degree
Minimum 3+ years of experience in logistics, freight forwarding, supply chain, ocean carrier operations, or consulting (ocean freight knowledge is a plus)
Mindset:
We’re looking for folks that have:
Excitement to manage relations and create a best-in-class operational structure
Hands-on, process-oriented, structured thinker with strong problem-solving capabilities
Strategic vision and ground floor execution
Excellent communication, interpersonal and organizational skills
Client service mindset - obsessed with client satisfaction
A mastery of internal and external communication
Courage to challenge the status quo when logic and reason require it. See something broken? Fix it!
The desire to lead, train and develop up and coming industry talent
Commitment to Equal Opportunity
At Flexport, our ability to fulfill our mission of making global commerce easy and accessible relies on having a diverse, dedicated and engaged workforce. All qualified applicants will receive consideration for employment regardless of race, color, religion, sex, national origin, age, physical and mental disability, health status, marital and family status, sexual orientation, gender identity and expression, military and veteran status, and any other characteristic protected by applicable law.
Global Data Privacy Notice for Job Candidates and Applicants
Depending on your location, the General Data Protection Regulation (GDPR) and California Consumer Privacy Act (CCPA) may regulate the way we manage the data of job applicants. By submitting your application, you are agreeing to our use and processing of your data as required. Please see our Privacy Notice available at
www.flexport.com/privacy
for additional information.",Flexport,Senior Ocean Operations Associate,"Shanghai, China",Business/Ops,,Master,Not specified,3.0,,0,,,JD 明确要求约 3+ 年经验；学历要求为 Master，当前学历层级为 Bachelor
Flexport,flexport,Senior Ocean Operations Associate,Qingdao,"&lt;div class=&quot;content-intro&quot;&gt;&lt;h2&gt;&lt;strong&gt;About Flexport:&amp;nbsp;&lt;/strong&gt;&lt;/h2&gt;
&lt;p&gt;At Flexport, we believe global trade can move the human race forward. That’s why it’s our mission to make global commerce so easy there will be more of it. We’re shaping the future of a $10T industry with solutions powered by innovative technology and exceptional people. Today, companies of all sizes—from emerging brands to Fortune 500s—use Flexport technology to move more than $19B of merchandise across 112 countries a year.&amp;nbsp;&lt;/p&gt;
&lt;p&gt;The recent global supply chain crisis has put Flexport center stage as we continue to play a pivotal role in how goods move around the world. We are proud to have the support of the best investors in the game who believe in our mission, solutions and people. Ready to tackle global challenges that impact business, society, and the environment? Come join us.&lt;/p&gt;&lt;/div&gt;&lt;p&gt;&amp;nbsp;&lt;/p&gt;
&lt;p&gt;&lt;strong&gt;The opportunity:&lt;/strong&gt;&lt;/p&gt;
&lt;p&gt;&amp;nbsp;&lt;/p&gt;
&lt;p&gt;The role of the Senior Operations Associate is a critical part of making Flexport’s mission to make global trade easy for everyone a reality. In this role, your direct customers are the partners within your region: our account management and customs teams, subcontractors, carriers, terminals and trucking providers. Your work directly supports Flexport’s end customers in achieving their logistics goals. Most importantly, you will play a pivotal role in building the next operational model at Flexport: allowing us to effectively scale to achieve our mission of making global trade easier for everyone.&lt;/p&gt;
&lt;p&gt;&amp;nbsp;&lt;/p&gt;
&lt;p&gt;This role is designed to build up Flexport’s operational footprint by both taking up ocean FCL shipments directly and exploring ways to enhance our local footprint and offers the chance to build. You will work cross-functionally to navigate ambiguous challenges and establish a world-class operating team. Being a Senior Operations Associate, you will be involved in both the daily operations as well as helping to expand the team.&lt;/p&gt;
&lt;p&gt;&amp;nbsp;&lt;/p&gt;
&lt;p&gt;&lt;strong&gt;Tactical Responsibilities:&lt;/strong&gt;&lt;/p&gt;
&lt;p&gt;As a supply chain talent, you are an expert in executing the end-to-end movement of ocean shipments within a regional network including FCL and LCL imports and exports.&lt;/p&gt;
&lt;ul&gt;
&lt;li&gt;You will be responsible for the export handling of ocean freight shipments within a regional network following local standard operating procedures (SOP) with clearly defined digital service level agreements (SLA).&lt;/li&gt;
&lt;li&gt;You will give recommendations on how to expand our footprint and contribute to the growth in Qingdao.&lt;/li&gt;
&lt;li&gt;You will personally represent Flexport’s value proposition by recommending supply chain solutions for new clients and opportunities to the account management team.&lt;/li&gt;
&lt;li&gt;You will guard the “front line” in ensuring the highest standard of Flexport quality: the right processes and metrics are in place for shipments to move “on-time” and exceptions resolved quickly and appropriately. You will be responsible for meeting internal KPIs and SLAs that demonstrate quality delivery.&lt;/li&gt;
&lt;li&gt;Serve as the primary focal point for shippers and clients which you are assigned to take care of. You will be the primary point of contact for first-level internal and external escalations.&lt;/li&gt;
&lt;/ul&gt;
&lt;p&gt;&amp;nbsp;&lt;/p&gt;
&lt;p&gt;&lt;strong&gt;Adaptive Responsibilities:&lt;/strong&gt;&lt;/p&gt;
&lt;ul&gt;
&lt;li&gt;You will work with gateway and regional management to ensure the right metrics and data are in place to deliver great performance.&lt;/li&gt;
&lt;li&gt;You will be responsible for monitoring and improving operational performance and support growth.&lt;/li&gt;
&lt;li&gt;You will act as subject matter expert (SME) to support key initiatives and experiment with the best ways to drive growth.&lt;/li&gt;
&lt;li&gt;You will be an active student, learning the skills of leadership which Flexport will strive to apprentice.&lt;/li&gt;
&lt;li&gt;You will work with Account Management to design and iterate on effective feedback loops to ensure client needs are met.&lt;/li&gt;
&lt;li&gt;You will act as a strategic consultant to your global counterparts, product &amp;amp; engineering and the operations excellence team on ocean supply chain operations and your regional gateway ocean or network operations strategy.&lt;/li&gt;
&lt;li&gt;You will help to take over and optimize operational infrastructure and procedures while identifying and executing on opportunities to increase efficiency and productivity over time.&lt;/li&gt;
&lt;/ul&gt;
&lt;p&gt;&lt;strong&gt;What you will need:&lt;/strong&gt;&lt;/p&gt;
&lt;p&gt;&amp;nbsp;&lt;/p&gt;
&lt;p&gt;Experience:&lt;br&gt;&lt;br&gt;&lt;/p&gt;
&lt;ul&gt;
&lt;li&gt;BA/BS degree&lt;/li&gt;
&lt;li&gt;Minimum 3+ years of experience in logistics, freight forwarding, supply chain, ocean carrier operations, or consulting (ocean freight knowledge is a plus)&lt;/li&gt;
&lt;/ul&gt;
&lt;p&gt;Mindset:&amp;nbsp;&lt;/p&gt;
&lt;p&gt;We’re looking for folks that have:&lt;/p&gt;
&lt;ul&gt;
&lt;li&gt;Excitement to manage relations and create a best-in-class operational structure&lt;/li&gt;
&lt;li&gt;Hands-on, process-oriented, structured thinker with strong problem-solving capabilities&amp;nbsp;&lt;/li&gt;
&lt;li&gt;Strategic vision and ground floor execution&lt;/li&gt;
&lt;li&gt;Excellent communication, interpersonal and organizational skills&lt;/li&gt;
&lt;li&gt;Client service mindset - obsessed with client satisfaction&lt;/li&gt;
&lt;li&gt;A mastery of internal and external communication&lt;/li&gt;
&lt;li&gt;Courage to challenge the status quo when logic and reason require it. See something broken? Fix it!&lt;/li&gt;
&lt;li&gt;The desire to lead, train and develop up and coming industry talent&lt;/li&gt;
&lt;/ul&gt;
&lt;p&gt;&lt;br&gt;&lt;br&gt;&lt;/p&gt;
&lt;p&gt;Skills:&lt;/p&gt;
&lt;ul&gt;
&lt;li&gt;Excitement to build things from the ground up&lt;/li&gt;
&lt;li&gt;Engaging a customer with empathy and without bias&lt;/li&gt;
&lt;li&gt;Pressure testing qualitative and quantitative work&lt;/li&gt;
&lt;li&gt;Designing processes&lt;/li&gt;
&lt;li&gt;Communicating with structure (“A mastery of (internal) communication”)&lt;/li&gt;
&lt;li&gt;Managing time and commitments (“Next-level attention to detail”)&lt;/li&gt;
&lt;li&gt;Investigating and troubleshooting the customer’s problem&lt;/li&gt;
&lt;li&gt;Execute complex processes without missing adaptive opportunities&lt;/li&gt;
&lt;li&gt;Applying policy, process, and best practices&lt;/li&gt;
&lt;li&gt;Organizing, leading, and participating in meetings&lt;/li&gt;
&lt;li&gt;Leading by example and inspiring others&lt;br&gt;&lt;br&gt;&lt;/li&gt;
&lt;/ul&gt;
&lt;p&gt;&lt;strong&gt;What you will learn:&lt;/strong&gt;&lt;br&gt;&lt;br&gt;&lt;/p&gt;
&lt;ul&gt;
&lt;li&gt;How to work cross-functionally to execute quickly and build a new organization, optimizing for scale and efficiency&lt;/li&gt;
&lt;li&gt;How to motivate teams and lead performance in an ambiguous environment, research and implement operational hypotheses and inform the strategy of a newly built team.&lt;/li&gt;
&lt;li&gt;You will gain the ability to continuously improve the client experience through a deep industry understanding. You are singularly positioned to realize how we can both work within and push the ocean industry forward to meet the standards of Flexport’s client-centric service.&lt;br&gt;&lt;br&gt;&lt;/li&gt;
&lt;/ul&gt;
&lt;p&gt;Future tracks this role could lead to:&lt;/p&gt;
&lt;ul&gt;
&lt;li&gt;Becoming a leader. You learn how to be a player-coach who apprentices team members on skill development.&lt;/li&gt;
&lt;li&gt;Deep expertise in a specific area of supply chain management. You are the leading advisor in this area, someone our clients, partners, and internal teams go to for advice and strategy. You build processes and tools or lead webinars to amplify your knowledge.&lt;/li&gt;
&lt;li&gt;Client advisor / account management. Your deep passion for the custom experience sets you on a path to lead a team of advisors as they help grow Flexport’s book of business.&lt;/li&gt;
&lt;/ul&gt;
&lt;p&gt;&amp;nbsp;&lt;/p&gt;&lt;div class=&quot;content-conclusion&quot;&gt;&lt;div id=&quot;1704749847.557549&quot; class=&quot;c-virtual_list__item&quot; data-qa=&quot;virtual-list-item&quot; data-item-key=&quot;1704749847.557549&quot;&gt;
&lt;div class=&quot;c-message_kit__background p-message_pane_message__message c-message_kit__message&quot; data-qa=&quot;message_container&quot; data-qa-unprocessed=&quot;false&quot; data-qa-placeholder=&quot;false&quot;&gt;
&lt;div class=&quot;c-message_kit__hover&quot; data-qa-hover=&quot;true&quot;&gt;
&lt;div class=&quot;c-message_kit__actions c-message_kit__actions--default&quot;&gt;
&lt;div class=&quot;c-message_kit__gutter&quot;&gt;
&lt;div class=&quot;c-message_kit__gutter__right&quot; data-qa=&quot;message_content&quot;&gt;
&lt;div class=&quot;c-message_kit__blocks c-message_kit__blocks--rich_text&quot;&gt;
&lt;div class=&quot;c-message__message_blocks c-message__message_blocks--rich_text&quot; data-qa=&quot;message-text&quot;&gt;
&lt;div class=&quot;p-block_kit_renderer&quot; data-qa=&quot;block-kit-renderer&quot;&gt;
&lt;div class=&quot;p-block_kit_renderer__block_wrapper p-block_kit_renderer__block_wrapper--first&quot;&gt;
&lt;div class=&quot;p-rich_text_block&quot;&gt;
&lt;h4&gt;Commitment to Equal Opportunity&lt;/h4&gt;
&lt;p&gt;At Flexport, our ability to fulfill our mission of making global commerce easy and accessible relies on having a diverse, dedicated and engaged workforce. All qualified applicants will receive consideration for employment regardless of race, color, religion, sex, national origin, age, physical and mental disability, health status, marital and family status, sexual orientation, gender identity and expression, military and veteran status, and any other characteristic protected by applicable law.&lt;/p&gt;
&lt;h4&gt;Global Data Privacy Notice for Job Candidates and Applicants&lt;/h4&gt;
&lt;p&gt;Depending on your location, the General Data Protection Regulation (GDPR) and California Consumer Privacy Act (CCPA) may regulate the way we manage the data of job applicants.&amp;nbsp;By submitting your application, you are agreeing to our use and processing of your data as required. Please see our Privacy Notice available at&amp;nbsp;&lt;a href=&quot;http://www.flexport.com/privacy&quot; target=&quot;_blank&quot; data-saferedirecturl=&quot;https://www.google.com/url?q=http://www.flexport.com/privacy&amp;amp;source=gmail&amp;amp;ust=1613840050053000&amp;amp;usg=AFQjCNHD63svlkD-hWHlGuGOM_bSYVrnpw&quot;&gt;www.flexport.com/privacy&lt;/a&gt;&amp;nbsp;for additional information.&lt;/p&gt;
&lt;/div&gt;
&lt;/div&gt;
&lt;/div&gt;
&lt;/div&gt;
&lt;/div&gt;
&lt;/div&gt;
&lt;/div&gt;
&lt;/div&gt;
&lt;/div&gt;
&lt;/div&gt;
&lt;/div&gt;&lt;/div&gt;",https://job-boards.greenhouse.io/flexport/jobs/8002095,2026-06-25T03:42:24-04:00,2026-07-09T19:28:21-04:00,False,greenhouse_api,2026-08-12,"About Flexport:
At Flexport, we believe global trade can move the human race forward. That’s why it’s our mission to make global commerce so easy there will be more of it. We’re shaping the future of a $10T industry with solutions powered by innovative technology and exceptional people. Today, companies of all sizes—from emerging brands to Fortune 500s—use Flexport technology to move more than $19B of merchandise across 112 countries a year.
The recent global supply chain crisis has put Flexport center stage as we continue to play a pivotal role in how goods move around the world. We are proud to have the support of the best investors in the game who believe in our mission, solutions and people. Ready to tackle global challenges that impact business, society, and the environment? Come join us.
The opportunity:
The role of the Senior Operations Associate is a critical part of making Flexport’s mission to make global trade easy for everyone a reality. In this role, your direct customers are the partners within your region: our account management and customs teams, subcontractors, carriers, terminals and trucking providers. Your work directly supports Flexport’s end customers in achieving their logistics goals. Most importantly, you will play a pivotal role in building the next operational model at Flexport: allowing us to effectively scale to achieve our mission of making global trade easier for everyone.
This role is designed to build up Flexport’s operational footprint by both taking up ocean FCL shipments directly and exploring ways to enhance our local footprint and offers the chance to build. You will work cross-functionally to navigate ambiguous challenges and establish a world-class operating team. Being a Senior Operations Associate, you will be involved in both the daily operations as well as helping to expand the team.
Tactical Responsibilities:
As a supply chain talent, you are an expert in executing the end-to-end movement of ocean shipments within a regional network including FCL and LCL imports and exports.
You will be responsible for the export handling of ocean freight shipments within a regional network following local standard operating procedures (SOP) with clearly defined digital service level agreements (SLA).
You will give recommendations on how to expand our footprint and contribute to the growth in Qingdao.
You will personally represent Flexport’s value proposition by recommending supply chain solutions for new clients and opportunities to the account management team.
You will guard the “front line” in ensuring the highest standard of Flexport quality: the right processes and metrics are in place for shipments to move “on-time” and exceptions resolved quickly and appropriately. You will be responsible for meeting internal KPIs and SLAs that demonstrate quality delivery.
Serve as the primary focal point for shippers and clients which you are assigned to take care of. You will be the primary point of contact for first-level internal and external escalations.
Adaptive Responsibilities:
You will work with gateway and regional management to ensure the right metrics and data are in place to deliver great performance.
You will be responsible for monitoring and improving operational performance and support growth.
You will act as subject matter expert (SME) to support key initiatives and experiment with the best ways to drive growth.
You will be an active student, learning the skills of leadership which Flexport will strive to apprentice.
You will work with Account Management to design and iterate on effective feedback loops to ensure client needs are met.
You will act as a strategic consultant to your global counterparts, product & engineering and the operations excellence team on ocean supply chain operations and your regional gateway ocean or network operations strategy.
You will help to take over and optimize operational infrastructure and procedures while identifying and executing on opportunities to increase efficiency and productivity over time.
What you will need:
Experience:
BA/BS degree
Minimum 3+ years of experience in logistics, freight forwarding, supply chain, ocean carrier operations, or consulting (ocean freight knowledge is a plus)
Mindset:
We’re looking for folks that have:
Excitement to manage relations and create a best-in-class operational structure
Hands-on, process-oriented, structured thinker with strong problem-solving capabilities
Strategic vision and ground floor execution
Excellent communication, interpersonal and organizational skills
Client service mindset - obsessed with client satisfaction
A mastery of internal and external communication
Courage to challenge the status quo when logic and reason require it. See something broken? Fix it!
The desire to lead, train and develop up and coming industry talent
Skills:
Excitement to build things from the ground up
Engaging a customer with empathy and without bias
Pressure testing qualitative and quantitative work
Designing processes
Communicating with structure (“A mastery of (internal) communication”)
Managing time and commitments (“Next-level attention to detail”)
Investigating and troubleshooting the customer’s problem
Execute complex processes without missing adaptive opportunities
Applying policy, process, and best practices
Organizing, leading, and participating in meetings
Leading by example and inspiring others
What you will learn:
How to work cross-functionally to execute quickly and build a new organization, optimizing for scale and efficiency
How to motivate teams and lead performance in an ambiguous environment, research and implement operational hypotheses and inform the strategy of a newly built team.
You will gain the ability to continuously improve the client experience through a deep industry understanding. You are singularly positioned to realize how we can both work within and push the ocean industry forward to meet the standards of Flexport’s client-centric service.
Future tracks this role could lead to:
Becoming a leader. You learn how to be a player-coach who apprentices team members on skill development.
Deep expertise in a specific area of supply chain management. You are the leading advisor in this area, someone our clients, partners, and internal teams go to for advice and strategy. You build processes and tools or lead webinars to amplify your knowledge.
Client advisor / account management. Your deep passion for the custom experience sets you on a path to lead a team of advisors as they help grow Flexport’s book of business.
Commitment to Equal Opportunity
At Flexport, our ability to fulfill our mission of making global commerce easy and accessible relies on having a diverse, dedicated and engaged workforce. All qualified applicants will receive consideration for employment regardless of race, color, religion, sex, national origin, age, physical and mental disability, health status, marital and family status, sexual orientation, gender identity and expression, military and veteran status, and any other characteristic protected by applicable law.
Global Data Privacy Notice for Job Candidates and Applicants
Depending on your location, the General Data Protection Regulation (GDPR) and California Consumer Privacy Act (CCPA) may regulate the way we manage the data of job applicants. By submitting your application, you are agreeing to our use and processing of your data as required. Please see our Privacy Notice available at
www.flexport.com/privacy
for additional information.",Flexport,Senior Ocean Operations Associate,"Qingdao, China",Business/Ops,,Master,Not specified,3.0,,0,,,JD 明确要求约 3+ 年经验；学历要求为 Master，当前学历层级为 Bachelor
Flexport,flexport,Software Engineer I,Beijing,"&lt;div class=&quot;content-intro&quot;&gt;&lt;h2&gt;&lt;strong&gt;About Flexport:&amp;nbsp;&lt;/strong&gt;&lt;/h2&gt;
&lt;p&gt;At Flexport, we believe global trade can move the human race forward. That’s why it’s our mission to make global commerce so easy there will be more of it. We’re shaping the future of a $10T industry with solutions powered by innovative technology and exceptional people. Today, companies of all sizes—from emerging brands to Fortune 500s—use Flexport technology to move more than $19B of merchandise across 112 countries a year.&amp;nbsp;&lt;/p&gt;
&lt;p&gt;The recent global supply chain crisis has put Flexport center stage as we continue to play a pivotal role in how goods move around the world. We are proud to have the support of the best investors in the game who believe in our mission, solutions and people. Ready to tackle global challenges that impact business, society, and the environment? Come join us.&lt;/p&gt;&lt;/div&gt;&lt;h2&gt;&lt;strong&gt;The opportunity:&lt;/strong&gt;&lt;/h2&gt;
&lt;p&gt;Flexport is a platform for global trade in an industry that comprises 12% of the global GDP.&amp;nbsp; We are the first licensed freight forwarder and customs brokerage built around a modern tech stack.&amp;nbsp; We help the world&#39;s fastest-growing brands manage their international supply chains, providing a fully-managed service for moving products between any two places on the planet.&lt;/p&gt;
&lt;p&gt;Exceptional software development is integral in allowing us to fulfill our mission of fixing the user experience in global trade. At Flexport you’ll develop products that are at the forefront of reshaping the entire logistics &amp;amp; supply chain industries. You’ll work alongside self-starters interested in solving real-world problems and streamlining the inefficiencies in the complex global trade industry. You’ll have the opportunity to reshape an industry by creating the new operating system for global trade.&lt;/p&gt;
&lt;p&gt;Our engineers are top-notch software developers who love listening to the users, working as a team, and proactively taking the lead whenever necessary. The role involves learning the business of freight forwarding, modeling the work that people do to move freight, designing solutions to make it more efficient, and thinking innovatively to automate much of it. In this role, you will have an opportunity to own the design and development of key parts of our forwarding systems. You will have influence on subsystem design and help contribute to a team culture around practices that are critical to a quality product.&amp;nbsp;&lt;/p&gt;
&lt;h2&gt;&lt;strong&gt;About the team:&lt;/strong&gt;&lt;/h2&gt;
&lt;p&gt;We have multiple teams in Shanghai and Shenzhen working on a suite of core products and services that enable Flexport operation to scale, including Forwarding Application, Client Application, Shipper Application, WMS, Consol Planning Tool, Document Platform (AI empowered), Email Platform, Compliance Platform, Work Assignment Engine, Exception Management, AI Copilot and so on. We are looking for engineers who love learning, are passionate about collaborating, and desire to build solutions with a global impact.&lt;/p&gt;
&lt;h2&gt;&lt;strong&gt;You will:&lt;/strong&gt;&lt;/h2&gt;
&lt;ul&gt;
&lt;li&gt;Build highly available, secure, distributed systems in a microservice architecture.&lt;/li&gt;
&lt;li&gt;Design, develop, test and maintain systems that represent the real-world intricacies of logistics entities, such as shipper, client, cargo, document, carrier, container, email etc.&lt;/li&gt;
&lt;li&gt;Collaborate with some of the best engineers in the industry to work on complex business and technical problems.&lt;/li&gt;
&lt;li&gt;Work closely with business partners and product managers to distill complex business problems into elegant technical solutions.&lt;/li&gt;
&lt;li&gt;Build and launch products rapidly and incrementally. We ship to production dozens of times per day.&lt;/li&gt;
&lt;li&gt;Ensure our products maintain a high-quality bar. We believe in anticipating issues by obsessing over metrics and applying key learnings from post-mortems to all our services.&lt;/li&gt;
&lt;li&gt;Geek out about shipping and logistics. (We do this often.)&lt;/li&gt;
&lt;/ul&gt;
&lt;h2&gt;&lt;strong&gt;You should have:&lt;/strong&gt;&lt;/h2&gt;
&lt;p&gt;&lt;strong&gt;Basic Qualifications&lt;/strong&gt;&lt;/p&gt;
&lt;ul&gt;
&lt;li&gt;3+ years of experience writing software, and a strong engineering background.&lt;/li&gt;
&lt;li&gt;2+ years of design and architecture knowledge as well as familiarity with object-oriented analysis and design patterns (OOA/OOD)&lt;/li&gt;
&lt;li&gt;Knowledge of at least one programming language such as Ruby, C, C++, Java, or Kotlin&lt;/li&gt;
&lt;li&gt;Bachelor&#39;s degree in Computer Science or related technical field, or equivalent experience&lt;/li&gt;
&lt;/ul&gt;
&lt;p&gt;&lt;strong&gt;Preferred Qualifications&lt;/strong&gt;&lt;/p&gt;
&lt;ul&gt;
&lt;li&gt;A love of simple, well-tested code that is easy to extend and hard to break.&lt;/li&gt;
&lt;li&gt;A bias for action. When you see a problem, you solve it.&lt;/li&gt;
&lt;li&gt;The ability to convey technical ideas in common terms to business partners, product managers, and engineers alike.&lt;/li&gt;
&lt;li&gt;Experience building large scale, high-performance systems in a complex, multi-tiered, distributed environment&lt;/li&gt;
&lt;li&gt;Understanding of performance tradeoffs, load balancing and operational issues&lt;/li&gt;
&lt;li&gt;Knowledge of professional software engineering practices &amp;amp; best practices for full software development life cycle, including coding standards, code reviews, source control management, continuous deployments, testing, and operations&lt;/li&gt;
&lt;li&gt;Non-optional: an aptitude for learning quickly.&lt;/li&gt;
&lt;/ul&gt;
&lt;h2&gt;&lt;strong&gt;Engineering Culture and Values:&lt;/strong&gt;&lt;/h2&gt;
&lt;ul&gt;
&lt;li&gt;Check out our&lt;a href=&quot;https://www.keyvalues.com/flexport&quot;&gt; Key Values&lt;/a&gt; profile.&lt;/li&gt;
&lt;/ul&gt;
&lt;h2&gt;&lt;strong&gt;About Flexport:&lt;/strong&gt;&lt;/h2&gt;
&lt;p&gt;At Flexport, we believe global trade can move the human race forward. We’re shaping the future of a $8.6T industry with solutions powered by innovative technology and exceptional people. Today, companies of all sizes—from emerging brands to Fortune 500s—use Flexport technology to move more than $19B of merchandise across 112 countries a year.&amp;nbsp;&lt;/p&gt;
&lt;p&gt;The recent global supply chain crisis has put Flexport center stage as we continue to play a pivotal role in how goods move around the world. At a valuation of $8 billion, we’re experiencing record growth and are proud to have the support of the best investors in the game who believe in our mission, solutions and people. Ready to tackle global challenges that impact business, society, and the environment? Come join us.&lt;/p&gt;
&lt;h2&gt;&lt;strong&gt;Worried about not having any freight forwarding experience?&lt;/strong&gt;&lt;/h2&gt;
&lt;ul&gt;
&lt;li&gt;Don’t be! We’re building the first Operating System for Global Trade. That’s why it’s incredibly important for us to bring people from&lt;a href=&quot;https://www.flexport.com/careers/diversity-and-inclusion&quot;&gt; diverse backgrounds and experiences&lt;/a&gt; together with our industry veterans to help move the freight forwarding industry forward.&lt;/li&gt;
&lt;li&gt;What’s freight forwarding and why does it matter? Freight forwarding is the coordination and shipment of goods from one place to another and it’s what makes global trade possible. Flexport is on a mission to make global trade easier for everyone because we believe it can&lt;a href=&quot;https://www.youtube.com/watch?v=3jvRNATITmQ&quot;&gt; help connect the world and break down economic barriers&lt;/a&gt;.&lt;/li&gt;
&lt;li&gt;We know this industry is complex. That’s why we invest in education starting day one with&lt;a href=&quot;https://www.youtube.com/watch?v=KQxp0Y8kSi8&amp;amp;t=2s&quot;&gt; Flexport Academy&lt;/a&gt;, a one week intensive onboarding program designed specifically to set every new Flexport employee up for success.&lt;/li&gt;
&lt;/ul&gt;
&lt;p&gt;At Flexport, our ability to fulfill our mission of making global trade easy for everyone relies on having a diverse, dedicated and engaged workforce. That is why Flexport is committed to creating and nurturing an environment where anyone can be their authentic self. All qualified applicants will receive consideration for employment regardless of race, color, religion, sex, national origin, age, physical and mental disability, health status, marital and family status, sexual orientation, gender identity and expression, military and veteran status, and any other characteristic protected by applicable law.&lt;/p&gt;&lt;div class=&quot;content-conclusion&quot;&gt;&lt;div id=&quot;1704749847.557549&quot; class=&quot;c-virtual_list__item&quot; data-qa=&quot;virtual-list-item&quot; data-item-key=&quot;1704749847.557549&quot;&gt;
&lt;div class=&quot;c-message_kit__background p-message_pane_message__message c-message_kit__message&quot; data-qa=&quot;message_container&quot; data-qa-unprocessed=&quot;false&quot; data-qa-placeholder=&quot;false&quot;&gt;
&lt;div class=&quot;c-message_kit__hover&quot; data-qa-hover=&quot;true&quot;&gt;
&lt;div class=&quot;c-message_kit__actions c-message_kit__actions--default&quot;&gt;
&lt;div class=&quot;c-message_kit__gutter&quot;&gt;
&lt;div class=&quot;c-message_kit__gutter__right&quot; data-qa=&quot;message_content&quot;&gt;
&lt;div class=&quot;c-message_kit__blocks c-message_kit__blocks--rich_text&quot;&gt;
&lt;div class=&quot;c-message__message_blocks c-message__message_blocks--rich_text&quot; data-qa=&quot;message-text&quot;&gt;
&lt;div class=&quot;p-block_kit_renderer&quot; data-qa=&quot;block-kit-renderer&quot;&gt;
&lt;div class=&quot;p-block_kit_renderer__block_wrapper p-block_kit_renderer__block_wrapper--first&quot;&gt;
&lt;div class=&quot;p-rich_text_block&quot;&gt;
&lt;h4&gt;Commitment to Equal Opportunity&lt;/h4&gt;
&lt;p&gt;At Flexport, our ability to fulfill our mission of making global commerce easy and accessible relies on having a diverse, dedicated and engaged workforce. All qualified applicants will receive consideration for employment regardless of race, color, religion, sex, national origin, age, physical and mental disability, health status, marital and family status, sexual orientation, gender identity and expression, military and veteran status, and any other characteristic protected by applicable law.&lt;/p&gt;
&lt;h4&gt;Global Data Privacy Notice for Job Candidates and Applicants&lt;/h4&gt;
&lt;p&gt;Depending on your location, the General Data Protection Regulation (GDPR) and California Consumer Privacy Act (CCPA) may regulate the way we manage the data of job applicants.&amp;nbsp;By submitting your application, you are agreeing to our use and processing of your data as required. Please see our Privacy Notice available at&amp;nbsp;&lt;a href=&quot;http://www.flexport.com/privacy&quot; target=&quot;_blank&quot; data-saferedirecturl=&quot;https://www.google.com/url?q=http://www.flexport.com/privacy&amp;amp;source=gmail&amp;amp;ust=1613840050053000&amp;amp;usg=AFQjCNHD63svlkD-hWHlGuGOM_bSYVrnpw&quot;&gt;www.flexport.com/privacy&lt;/a&gt;&amp;nbsp;for additional information.&lt;/p&gt;
&lt;/div&gt;
&lt;/div&gt;
&lt;/div&gt;
&lt;/div&gt;
&lt;/div&gt;
&lt;/div&gt;
&lt;/div&gt;
&lt;/div&gt;
&lt;/div&gt;
&lt;/div&gt;
&lt;/div&gt;&lt;/div&gt;",https://job-boards.greenhouse.io/flexport/jobs/7994960,2026-06-10T03:31:32-04:00,2026-07-09T19:28:21-04:00,False,greenhouse_api,2026-08-12,"About Flexport:
At Flexport, we believe global trade can move the human race forward. That’s why it’s our mission to make global commerce so easy there will be more of it. We’re shaping the future of a $10T industry with solutions powered by innovative technology and exceptional people. Today, companies of all sizes—from emerging brands to Fortune 500s—use Flexport technology to move more than $19B of merchandise across 112 countries a year.
The recent global supply chain crisis has put Flexport center stage as we continue to play a pivotal role in how goods move around the world. We are proud to have the support of the best investors in the game who believe in our mission, solutions and people. Ready to tackle global challenges that impact business, society, and the environment? Come join us.
The opportunity:
Flexport is a platform for global trade in an industry that comprises 12% of the global GDP. We are the first licensed freight forwarder and customs brokerage built around a modern tech stack. We help the world's fastest-growing brands manage their international supply chains, providing a fully-managed service for moving products between any two places on the planet.
Exceptional software development is integral in allowing us to fulfill our mission of fixing the user experience in global trade. At Flexport you’ll develop products that are at the forefront of reshaping the entire logistics & supply chain industries. You’ll work alongside self-starters interested in solving real-world problems and streamlining the inefficiencies in the complex global trade industry. You’ll have the opportunity to reshape an industry by creating the new operating system for global trade.
Our engineers are top-notch software developers who love listening to the users, working as a team, and proactively taking the lead whenever necessary. The role involves learning the business of freight forwarding, modeling the work that people do to move freight, designing solutions to make it more efficient, and thinking innovatively to automate much of it. In this role, you will have an opportunity to own the design and development of key parts of our forwarding systems. You will have influence on subsystem design and help contribute to a team culture around practices that are critical to a quality product.
About the team:
We have multiple teams in Shanghai and Shenzhen working on a suite of core products and services that enable Flexport operation to scale, including Forwarding Application, Client Application, Shipper Application, WMS, Consol Planning Tool, Document Platform (AI empowered), Email Platform, Compliance Platform, Work Assignment Engine, Exception Management, AI Copilot and so on. We are looking for engineers who love learning, are passionate about collaborating, and desire to build solutions with a global impact.
You will:
Build highly available, secure, distributed systems in a microservice architecture.
Design, develop, test and maintain systems that represent the real-world intricacies of logistics entities, such as shipper, client, cargo, document, carrier, container, email etc.
Collaborate with some of the best engineers in the industry to work on complex business and technical problems.
Work closely with business partners and product managers to distill complex business problems into elegant technical solutions.
Build and launch products rapidly and incrementally. We ship to production dozens of times per day.
Ensure our products maintain a high-quality bar. We believe in anticipating issues by obsessing over metrics and applying key learnings from post-mortems to all our services.
Geek out about shipping and logistics. (We do this often.)
You should have:
Basic Qualifications
3+ years of experience writing software, and a strong engineering background.
2+ years of design and architecture knowledge as well as familiarity with object-oriented analysis and design patterns (OOA/OOD)
Knowledge of at least one programming language such as Ruby, C, C++, Java, or Kotlin
Bachelor's degree in Computer Science or related technical field, or equivalent experience
Preferred Qualifications
A love of simple, well-tested code that is easy to extend and hard to break.
A bias for action. When you see a problem, you solve it.
The ability to convey technical ideas in common terms to business partners, product managers, and engineers alike.
Experience building large scale, high-performance systems in a complex, multi-tiered, distributed environment
Understanding of performance tradeoffs, load balancing and operational issues
Knowledge of professional software engineering practices & best practices for full software development life cycle, including coding standards, code reviews, source control management, continuous deployments, testing, and operations
Non-optional: an aptitude for learning quickly.
Engineering Culture and Values:
Check out our
Key Values
profile.
About Flexport:
At Flexport, we believe global trade can move the human race forward. We’re shaping the future of a $8.6T industry with solutions powered by innovative technology and exceptional people. Today, companies of all sizes—from emerging brands to Fortune 500s—use Flexport technology to move more than $19B of merchandise across 112 countries a year.
The recent global supply chain crisis has put Flexport center stage as we continue to play a pivotal role in how goods move around the world. At a valuation of $8 billion, we’re experiencing record growth and are proud to have the support of the best investors in the game who believe in our mission, solutions and people. Ready to tackle global challenges that impact business, society, and the environment? Come join us.
Worried about not having any freight forwarding experience?
Don’t be! We’re building the first Operating System for Global Trade. That’s why it’s incredibly important for us to bring people from
diverse backgrounds and experiences
together with our industry veterans to help move the freight forwarding industry forward.
What’s freight forwarding and why does it matter? Freight forwarding is the coordination and shipment of goods from one place to another and it’s what makes global trade possible. Flexport is on a mission to make global trade easier for everyone because we believe it can
help connect the world and break down economic barriers
.
We know this industry is complex. That’s why we invest in education starting day one with
Flexport Academy
, a one week intensive onboarding program designed specifically to set every new Flexport employee up for success.
At Flexport, our ability to fulfill our mission of making global trade easy for everyone relies on having a diverse, dedicated and engaged workforce. That is why Flexport is committed to creating and nurturing an environment where anyone can be their authentic self. All qualified applicants will receive consideration for employment regardless of race, color, religion, sex, national origin, age, physical and mental disability, health status, marital and family status, sexual orientation, gender identity and expression, military and veteran status, and any other characteristic protected by applicable law.
Commitment to Equal Opportunity
At Flexport, our ability to fulfill our mission of making global commerce easy and accessible relies on having a diverse, dedicated and engaged workforce. All qualified applicants will receive consideration for employment regardless of race, color, religion, sex, national origin, age, physical and mental disability, health status, marital and family status, sexual orientation, gender identity and expression, military and veteran status, and any other characteristic protected by applicable law.
Global Data Privacy Notice for Job Candidates and Applicants
Depending on your location, the General Data Protection Regulation (GDPR) and California Consumer Privacy Act (CCPA) may regulate the way we manage the data of job applicants. By submitting your application, you are agreeing to our use and processing of your data as required. Please see our Privacy Notice available at
www.flexport.com/privacy
for additional information.",Flexport,Software Engineer I,"Beijing, China",Software/Cloud,Java,Bachelor,Not specified,3.0,,0,,Java,JD 明确要求约 3+ 年经验
Flexport,flexport,Software Engineer II,Beijing,"&lt;div class=&quot;content-intro&quot;&gt;&lt;h2&gt;&lt;strong&gt;About Flexport:&amp;nbsp;&lt;/strong&gt;&lt;/h2&gt;
&lt;p&gt;At Flexport, we believe global trade can move the human race forward. That’s why it’s our mission to make global commerce so easy there will be more of it. We’re shaping the future of a $10T industry with solutions powered by innovative technology and exceptional people. Today, companies of all sizes—from emerging brands to Fortune 500s—use Flexport technology to move more than $19B of merchandise across 112 countries a year.&amp;nbsp;&lt;/p&gt;
&lt;p&gt;The recent global supply chain crisis has put Flexport center stage as we continue to play a pivotal role in how goods move around the world. We are proud to have the support of the best investors in the game who believe in our mission, solutions and people. Ready to tackle global challenges that impact business, society, and the environment? Come join us.&lt;/p&gt;&lt;/div&gt;&lt;h2&gt;&lt;strong&gt;The opportunity:&lt;/strong&gt;&lt;/h2&gt;
&lt;p&gt;Flexport is a platform for global trade in an industry that comprises 12% of the global GDP.&amp;nbsp; We are the first licensed freight forwarder and customs brokerage built around a modern tech stack.&amp;nbsp; We help the world&#39;s fastest-growing brands manage their international supply chains, providing a fully-managed service for moving products between any two places on the planet.&lt;/p&gt;
&lt;p&gt;Exceptional software development is integral in allowing us to fulfill our mission of fixing the user experience in global trade. At Flexport you’ll develop products that are at the forefront of reshaping the entire logistics &amp;amp; supply chain industries. You’ll work alongside self-starters interested in solving real-world problems and streamlining the inefficiencies in the complex global trade industry. You’ll have the opportunity to reshape an industry by creating the new operating system for global trade.&lt;/p&gt;
&lt;p&gt;Our engineers are top-notch software developers who love listening to the users, working as a team, and proactively taking the lead whenever necessary. The role involves learning the business of freight forwarding, modeling the work that people do to move freight, designing solutions to make it more efficient, and thinking innovatively to automate much of it. In this role, you will have an opportunity to own the design and development of key parts of our forwarding systems. You will have influence on subsystem design and help contribute to a team culture around practices that are critical to a quality product.&amp;nbsp;&lt;/p&gt;
&lt;h2&gt;&lt;strong&gt;About the team:&lt;/strong&gt;&lt;/h2&gt;
&lt;p&gt;We have multiple teams in Shanghai and Shenzhen working on a suite of core products and services that enable Flexport operation to scale, including Forwarding Application, Client Application, Shipper Application, WMS, Consol Planning Tool, Document Platform (AI empowered), Email Platform, Compliance Platform, Work Assignment Engine, Exception Management, AI Copilot, Insight Builder (AI Data Analytics) and so on.&amp;nbsp;&lt;/p&gt;
&lt;p&gt;In addition, we have a NAWS (Native AWS) team that develops infrastructure solutions for our products and services using the latest Infrastructure as Code (IaC) technology: CDKTF (Cloud Development Kit for Terraform). Our scope includes, but is not limited to, CI/CD, observability, DevX, data subsetting (TS3), IaC, template engines, and various open-source projects. Additionally, the team provides technical guidance to engineers across the organization.&lt;/p&gt;
&lt;p&gt;We are looking for engineers who love learning, are passionate about collaborating, and desire to build solutions with a global impact.&lt;/p&gt;
&lt;h2&gt;&lt;strong&gt;You will:&lt;/strong&gt;&lt;/h2&gt;
&lt;ul&gt;
&lt;li&gt;Build highly available, secure, distributed systems in a microservice architecture.&lt;/li&gt;
&lt;li&gt;Build cutting edge infrastructure solutions to help improve development experience across the company. And, work closely with other engineering teams to help them solve infrastructure related problems.&lt;/li&gt;
&lt;li&gt;Design, develop, test and maintain systems that represent the real-world intricacies of logistics entities, such as shipper, client, cargo, document, carrier, container, email etc.&lt;/li&gt;
&lt;li&gt;Collaborate with some of the best engineers in the industry to work on complex business and technical problems.&lt;/li&gt;
&lt;li&gt;Work closely with business partners and product managers to distill complex business problems into elegant technical solutions.&lt;/li&gt;
&lt;li&gt;Build and launch products rapidly and incrementally. We ship to production dozens of times per day.&lt;/li&gt;
&lt;li&gt;Ensure our products maintain a high-quality bar. We believe in anticipating issues by obsessing over metrics and applying key learnings from post-mortems to all our services.&lt;/li&gt;
&lt;li&gt;Geek out about shipping and logistics. (We do this often.)&lt;/li&gt;
&lt;/ul&gt;
&lt;h2&gt;&lt;strong&gt;You should have:&lt;/strong&gt;&lt;/h2&gt;
&lt;p&gt;&lt;strong&gt;Basic Qualifications&lt;/strong&gt;&lt;/p&gt;
&lt;ul&gt;
&lt;li&gt;3+ years of experience writing software, and a strong engineering background.&lt;/li&gt;
&lt;li&gt;2+ years of design and architecture knowledge as well as familiarity with object-oriented analysis and design patterns (OOA/OOD)&lt;/li&gt;
&lt;li&gt;Knowledge of at least one programming language such as TypeScript, Ruby, C, C++, Java, or Kotlin&lt;/li&gt;
&lt;li&gt;Bachelor&#39;s degree in Computer Science or related technical field, or equivalent experience&lt;/li&gt;
&lt;/ul&gt;
&lt;p&gt;&lt;strong&gt;Preferred Qualifications&lt;/strong&gt;&lt;/p&gt;
&lt;ul&gt;
&lt;li&gt;A love of simple, well-tested code that is easy to extend and hard to break.&lt;/li&gt;
&lt;li&gt;A bias for action. When you see a problem, you solve it.&lt;/li&gt;
&lt;li&gt;The ability to convey technical ideas in common terms to business partners, product managers, and engineers alike.&lt;/li&gt;
&lt;li&gt;Experience building large scale, high-performance systems in a complex, multi-tiered, distributed environment&lt;/li&gt;
&lt;li&gt;Understanding of performance tradeoffs, load balancing and operational issues&lt;/li&gt;
&lt;li&gt;Knowledge of professional software engineering practices &amp;amp; best practices for full software development life cycle, including coding standards, code reviews, source control management, continuous deployments, testing, and operations&lt;/li&gt;
&lt;li&gt;Experience with Infrastructure as Code (IaC) tools such as CDKTF, Terraform, AWS CloudFormation, or similar.&lt;/li&gt;
&lt;li&gt;Having basic concepts in AWS services, including IAM, EC2, ECS, S3, Lambda, Step Functions, EventBridge, and VPC, or equivalent services from other cloud providers.&lt;/li&gt;
&lt;li&gt;Familiarity with CI/CD pipelines, infrastructure automation, and monitoring/observability tools.&lt;/li&gt;
&lt;li&gt;Ability to troubleshoot and optimize distributed systems and cloud deployments.&lt;/li&gt;
&lt;li&gt;Non-optional: an aptitude for learning quickly.&lt;/li&gt;
&lt;/ul&gt;
&lt;h2&gt;&lt;strong&gt;Engineering Culture and Values:&lt;/strong&gt;&lt;/h2&gt;
&lt;ul&gt;
&lt;li&gt;Check out our&lt;a href=&quot;https://www.keyvalues.com/flexport&quot;&gt; Key Values&lt;/a&gt; profile.&lt;/li&gt;
&lt;/ul&gt;
&lt;p&gt;#LI-onsite&lt;/p&gt;&lt;div class=&quot;content-conclusion&quot;&gt;&lt;div id=&quot;1704749847.557549&quot; class=&quot;c-virtual_list__item&quot; data-qa=&quot;virtual-list-item&quot; data-item-key=&quot;1704749847.557549&quot;&gt;
&lt;div class=&quot;c-message_kit__background p-message_pane_message__message c-message_kit__message&quot; data-qa=&quot;message_container&quot; data-qa-unprocessed=&quot;false&quot; data-qa-placeholder=&quot;false&quot;&gt;
&lt;div class=&quot;c-message_kit__hover&quot; data-qa-hover=&quot;true&quot;&gt;
&lt;div class=&quot;c-message_kit__actions c-message_kit__actions--default&quot;&gt;
&lt;div class=&quot;c-message_kit__gutter&quot;&gt;
&lt;div class=&quot;c-message_kit__gutter__right&quot; data-qa=&quot;message_content&quot;&gt;
&lt;div class=&quot;c-message_kit__blocks c-message_kit__blocks--rich_text&quot;&gt;
&lt;div class=&quot;c-message__message_blocks c-message__message_blocks--rich_text&quot; data-qa=&quot;message-text&quot;&gt;
&lt;div class=&quot;p-block_kit_renderer&quot; data-qa=&quot;block-kit-renderer&quot;&gt;
&lt;div class=&quot;p-block_kit_renderer__block_wrapper p-block_kit_renderer__block_wrapper--first&quot;&gt;
&lt;div class=&quot;p-rich_text_block&quot;&gt;
&lt;h4&gt;Commitment to Equal Opportunity&lt;/h4&gt;
&lt;p&gt;At Flexport, our ability to fulfill our mission of making global commerce easy and accessible relies on having a diverse, dedicated and engaged workforce. All qualified applicants will receive consideration for employment regardless of race, color, religion, sex, national origin, age, physical and mental disability, health status, marital and family status, sexual orientation, gender identity and expression, military and veteran status, and any other characteristic protected by applicable law.&lt;/p&gt;
&lt;h4&gt;Global Data Privacy Notice for Job Candidates and Applicants&lt;/h4&gt;
&lt;p&gt;Depending on your location, the General Data Protection Regulation (GDPR) and California Consumer Privacy Act (CCPA) may regulate the way we manage the data of job applicants.&amp;nbsp;By submitting your application, you are agreeing to our use and processing of your data as required. Please see our Privacy Notice available at&amp;nbsp;&lt;a href=&quot;http://www.flexport.com/privacy&quot; target=&quot;_blank&quot; data-saferedirecturl=&quot;https://www.google.com/url?q=http://www.flexport.com/privacy&amp;amp;source=gmail&amp;amp;ust=1613840050053000&amp;amp;usg=AFQjCNHD63svlkD-hWHlGuGOM_bSYVrnpw&quot;&gt;www.flexport.com/privacy&lt;/a&gt;&amp;nbsp;for additional information.&lt;/p&gt;
&lt;/div&gt;
&lt;/div&gt;
&lt;/div&gt;
&lt;/div&gt;
&lt;/div&gt;
&lt;/div&gt;
&lt;/div&gt;
&lt;/div&gt;
&lt;/div&gt;
&lt;/div&gt;
&lt;/div&gt;&lt;/div&gt;",https://job-boards.greenhouse.io/flexport/jobs/7994947,2026-06-10T03:31:56-04:00,2026-07-09T19:28:21-04:00,False,greenhouse_api,2026-08-12,"About Flexport:
At Flexport, we believe global trade can move the human race forward. That’s why it’s our mission to make global commerce so easy there will be more of it. We’re shaping the future of a $10T industry with solutions powered by innovative technology and exceptional people. Today, companies of all sizes—from emerging brands to Fortune 500s—use Flexport technology to move more than $19B of merchandise across 112 countries a year.
The recent global supply chain crisis has put Flexport center stage as we continue to play a pivotal role in how goods move around the world. We are proud to have the support of the best investors in the game who believe in our mission, solutions and people. Ready to tackle global challenges that impact business, society, and the environment? Come join us.
The opportunity:
Flexport is a platform for global trade in an industry that comprises 12% of the global GDP. We are the first licensed freight forwarder and customs brokerage built around a modern tech stack. We help the world's fastest-growing brands manage their international supply chains, providing a fully-managed service for moving products between any two places on the planet.
Exceptional software development is integral in allowing us to fulfill our mission of fixing the user experience in global trade. At Flexport you’ll develop products that are at the forefront of reshaping the entire logistics & supply chain industries. You’ll work alongside self-starters interested in solving real-world problems and streamlining the inefficiencies in the complex global trade industry. You’ll have the opportunity to reshape an industry by creating the new operating system for global trade.
Our engineers are top-notch software developers who love listening to the users, working as a team, and proactively taking the lead whenever necessary. The role involves learning the business of freight forwarding, modeling the work that people do to move freight, designing solutions to make it more efficient, and thinking innovatively to automate much of it. In this role, you will have an opportunity to own the design and development of key parts of our forwarding systems. You will have influence on subsystem design and help contribute to a team culture around practices that are critical to a quality product.
About the team:
We have multiple teams in Shanghai and Shenzhen working on a suite of core products and services that enable Flexport operation to scale, including Forwarding Application, Client Application, Shipper Application, WMS, Consol Planning Tool, Document Platform (AI empowered), Email Platform, Compliance Platform, Work Assignment Engine, Exception Management, AI Copilot, Insight Builder (AI Data Analytics) and so on.
In addition, we have a NAWS (Native AWS) team that develops infrastructure solutions for our products and services using the latest Infrastructure as Code (IaC) technology: CDKTF (Cloud Development Kit for Terraform). Our scope includes, but is not limited to, CI/CD, observability, DevX, data subsetting (TS3), IaC, template engines, and various open-source projects. Additionally, the team provides technical guidance to engineers across the organization.
We are looking for engineers who love learning, are passionate about collaborating, and desire to build solutions with a global impact.
You will:
Build highly available, secure, distributed systems in a microservice architecture.
Build cutting edge infrastructure solutions to help improve development experience across the company. And, work closely with other engineering teams to help them solve infrastructure related problems.
Design, develop, test and maintain systems that represent the real-world intricacies of logistics entities, such as shipper, client, cargo, document, carrier, container, email etc.
Collaborate with some of the best engineers in the industry to work on complex business and technical problems.
Work closely with business partners and product managers to distill complex business problems into elegant technical solutions.
Build and launch products rapidly and incrementally. We ship to production dozens of times per day.
Ensure our products maintain a high-quality bar. We believe in anticipating issues by obsessing over metrics and applying key learnings from post-mortems to all our services.
Geek out about shipping and logistics. (We do this often.)
You should have:
Basic Qualifications
3+ years of experience writing software, and a strong engineering background.
2+ years of design and architecture knowledge as well as familiarity with object-oriented analysis and design patterns (OOA/OOD)
Knowledge of at least one programming language such as TypeScript, Ruby, C, C++, Java, or Kotlin
Bachelor's degree in Computer Science or related technical field, or equivalent experience
Preferred Qualifications
A love of simple, well-tested code that is easy to extend and hard to break.
A bias for action. When you see a problem, you solve it.
The ability to convey technical ideas in common terms to business partners, product managers, and engineers alike.
Experience building large scale, high-performance systems in a complex, multi-tiered, distributed environment
Understanding of performance tradeoffs, load balancing and operational issues
Knowledge of professional software engineering practices & best practices for full software development life cycle, including coding standards, code reviews, source control management, continuous deployments, testing, and operations
Experience with Infrastructure as Code (IaC) tools such as CDKTF, Terraform, AWS CloudFormation, or similar.
Having basic concepts in AWS services, including IAM, EC2, ECS, S3, Lambda, Step Functions, EventBridge, and VPC, or equivalent services from other cloud providers.
Familiarity with CI/CD pipelines, infrastructure automation, and monitoring/observability tools.
Ability to troubleshoot and optimize distributed systems and cloud deployments.
Non-optional: an aptitude for learning quickly.
Engineering Culture and Values:
Check out our
Key Values
profile.
#LI-onsite
Commitment to Equal Opportunity
At Flexport, our ability to fulfill our mission of making global commerce easy and accessible relies on having a diverse, dedicated and engaged workforce. All qualified applicants will receive consideration for employment regardless of race, color, religion, sex, national origin, age, physical and mental disability, health status, marital and family status, sexual orientation, gender identity and expression, military and veteran status, and any other characteristic protected by applicable law.
Global Data Privacy Notice for Job Candidates and Applicants
Depending on your location, the General Data Protection Regulation (GDPR) and California Consumer Privacy Act (CCPA) may regulate the way we manage the data of job applicants. By submitting your application, you are agreeing to our use and processing of your data as required. Please see our Privacy Notice available at
www.flexport.com/privacy
for additional information.",Flexport,Software Engineer II,"Beijing, China",Software/Cloud,Java; TypeScript; AWS; Data Analysis; CI/CD,Bachelor,Not specified,3.0,,0,,AWS; CI/CD; Data Analysis; Java; TypeScript,JD 明确要求约 3+ 年经验
Flexport,flexport,Software Engineer II,Shanghai,"&lt;div class=&quot;content-intro&quot;&gt;&lt;h2&gt;&lt;strong&gt;About Flexport:&amp;nbsp;&lt;/strong&gt;&lt;/h2&gt;
&lt;p&gt;At Flexport, we believe global trade can move the human race forward. That’s why it’s our mission to make global commerce so easy there will be more of it. We’re shaping the future of a $10T industry with solutions powered by innovative technology and exceptional people. Today, companies of all sizes—from emerging brands to Fortune 500s—use Flexport technology to move more than $19B of merchandise across 112 countries a year.&amp;nbsp;&lt;/p&gt;
&lt;p&gt;The recent global supply chain crisis has put Flexport center stage as we continue to play a pivotal role in how goods move around the world. We are proud to have the support of the best investors in the game who believe in our mission, solutions and people. Ready to tackle global challenges that impact business, society, and the environment? Come join us.&lt;/p&gt;&lt;/div&gt;&lt;h2&gt;&lt;strong&gt;The opportunity:&lt;/strong&gt;&lt;/h2&gt;
&lt;p&gt;Flexport is a platform for global trade in an industry that comprises 12% of the global GDP.&amp;nbsp; We are the first licensed freight forwarder and customs brokerage built around a modern tech stack.&amp;nbsp; We help the world&#39;s fastest-growing brands manage their international supply chains, providing a fully-managed service for moving products between any two places on the planet.&lt;/p&gt;
&lt;p&gt;Exceptional software development is integral in allowing us to fulfill our mission of fixing the user experience in global trade. At Flexport you’ll develop products that are at the forefront of reshaping the entire logistics &amp;amp; supply chain industries. You’ll work alongside self-starters interested in solving real-world problems and streamlining the inefficiencies in the complex global trade industry. You’ll have the opportunity to reshape an industry by creating the new operating system for global trade.&lt;/p&gt;
&lt;p&gt;Our engineers are top-notch software developers who love listening to the users, working as a team, and proactively taking the lead whenever necessary. The role involves learning the business of freight forwarding, modeling the work that people do to move freight, designing solutions to make it more efficient, and thinking innovatively to automate much of it. In this role, you will have an opportunity to own the design and development of key parts of our forwarding systems. You will have influence on subsystem design and help contribute to a team culture around practices that are critical to a quality product.&amp;nbsp;&lt;/p&gt;
&lt;h2&gt;&lt;strong&gt;About the team:&lt;/strong&gt;&lt;/h2&gt;
&lt;p&gt;We have multiple teams in Shanghai and Shenzhen working on a suite of core products and services that enable Flexport operation to scale, including Forwarding Application, Client Application, Shipper Application, WMS, Consol Planning Tool, Document Platform (AI empowered), Email Platform, Compliance Platform, Work Assignment Engine, Exception Management, AI Copilot and so on. We are looking for engineers who love learning, are passionate about collaborating, and desire to build solutions with a global impact.&lt;/p&gt;
&lt;h2&gt;&lt;strong&gt;You will:&lt;/strong&gt;&lt;/h2&gt;
&lt;ul&gt;
&lt;li&gt;Build highly available, secure, distributed systems in a microservice architecture.&lt;/li&gt;
&lt;li&gt;Design, develop, test and maintain systems that represent the real-world intricacies of logistics entities, such as shipper, client, cargo, document, carrier, container, email etc.&lt;/li&gt;
&lt;li&gt;Collaborate with some of the best engineers in the industry to work on complex business and technical problems.&lt;/li&gt;
&lt;li&gt;Work closely with business partners and product managers to distill complex business problems into elegant technical solutions.&lt;/li&gt;
&lt;li&gt;Build and launch products rapidly and incrementally. We ship to production dozens of times per day.&lt;/li&gt;
&lt;li&gt;Ensure our products maintain a high-quality bar. We believe in anticipating issues by obsessing over metrics and applying key learnings from post-mortems to all our services.&lt;/li&gt;
&lt;li&gt;Geek out about shipping and logistics. (We do this often.)&lt;/li&gt;
&lt;/ul&gt;
&lt;h2&gt;&lt;strong&gt;You should have:&lt;/strong&gt;&lt;/h2&gt;
&lt;p&gt;&lt;strong&gt;Basic Qualifications&lt;/strong&gt;&lt;/p&gt;
&lt;ul&gt;
&lt;li&gt;3+ years of experience writing software, and a strong engineering background.&lt;/li&gt;
&lt;li&gt;2+ years of design and architecture knowledge as well as familiarity with object-oriented analysis and design patterns (OOA/OOD)&lt;/li&gt;
&lt;li&gt;Knowledge of at least one programming language such as Ruby, C, C++, Java, or Kotlin&lt;/li&gt;
&lt;li&gt;Bachelor&#39;s degree in Computer Science or related technical field, or equivalent experience&lt;/li&gt;
&lt;/ul&gt;
&lt;p&gt;&lt;strong&gt;Preferred Qualifications&lt;/strong&gt;&lt;/p&gt;
&lt;ul&gt;
&lt;li&gt;A love of simple, well-tested code that is easy to extend and hard to break.&lt;/li&gt;
&lt;li&gt;A bias for action. When you see a problem, you solve it.&lt;/li&gt;
&lt;li&gt;The ability to convey technical ideas in common terms to business partners, product managers, and engineers alike.&lt;/li&gt;
&lt;li&gt;Experience building large scale, high-performance systems in a complex, multi-tiered, distributed environment&lt;/li&gt;
&lt;li&gt;Understanding of performance tradeoffs, load balancing and operational issues&lt;/li&gt;
&lt;li&gt;Knowledge of professional software engineering practices &amp;amp; best practices for full software development life cycle, including coding standards, code reviews, source control management, continuous deployments, testing, and operations&lt;/li&gt;
&lt;li&gt;Non-optional: an aptitude for learning quickly.&lt;/li&gt;
&lt;/ul&gt;
&lt;h2&gt;&lt;strong&gt;Engineering Culture and Values:&lt;/strong&gt;&lt;/h2&gt;
&lt;ul&gt;
&lt;li&gt;Check out our&lt;a href=&quot;https://www.keyvalues.com/flexport&quot;&gt; Key Values&lt;/a&gt; profile.&lt;/li&gt;
&lt;/ul&gt;
&lt;h2&gt;&lt;strong&gt;About Flexport:&lt;/strong&gt;&lt;/h2&gt;
&lt;p&gt;At Flexport, we believe global trade can move the human race forward. We’re shaping the future of a $8.6T industry with solutions powered by innovative technology and exceptional people. Today, companies of all sizes—from emerging brands to Fortune 500s—use Flexport technology to move more than $19B of merchandise across 112 countries a year.&amp;nbsp;&lt;/p&gt;
&lt;p&gt;The recent global supply chain crisis has put Flexport center stage as we continue to play a pivotal role in how goods move around the world. At a valuation of $8 billion, we’re experiencing record growth and are proud to have the support of the best investors in the game who believe in our mission, solutions and people. Ready to tackle global challenges that impact business, society, and the environment? Come join us.&lt;/p&gt;
&lt;h2&gt;&lt;strong&gt;Worried about not having any freight forwarding experience?&lt;/strong&gt;&lt;/h2&gt;
&lt;ul&gt;
&lt;li&gt;Don’t be! We’re building the first Operating System for Global Trade. That’s why it’s incredibly important for us to bring people from&lt;a href=&quot;https://www.flexport.com/careers/diversity-and-inclusion&quot;&gt; diverse backgrounds and experiences&lt;/a&gt; together with our industry veterans to help move the freight forwarding industry forward.&lt;/li&gt;
&lt;li&gt;What’s freight forwarding and why does it matter? Freight forwarding is the coordination and shipment of goods from one place to another and it’s what makes global trade possible. Flexport is on a mission to make global trade easier for everyone because we believe it can&lt;a href=&quot;https://www.youtube.com/watch?v=3jvRNATITmQ&quot;&gt; help connect the world and break down economic barriers&lt;/a&gt;.&lt;/li&gt;
&lt;li&gt;We know this industry is complex. That’s why we invest in education starting day one with&lt;a href=&quot;https://www.youtube.com/watch?v=KQxp0Y8kSi8&amp;amp;t=2s&quot;&gt; Flexport Academy&lt;/a&gt;, a one week intensive onboarding program designed specifically to set every new Flexport employee up for success.&lt;/li&gt;
&lt;/ul&gt;
&lt;p&gt;At Flexport, our ability to fulfill our mission of making global trade easy for everyone relies on having a diverse, dedicated and engaged workforce. That is why Flexport is committed to creating and nurturing an environment where anyone can be their authentic self. All qualified applicants will receive consideration for employment regardless of race, color, religion, sex, national origin, age, physical and mental disability, health status, marital and family status, sexual orientation, gender identity and expression, military and veteran status, and any other characteristic protected by applicable law.&lt;/p&gt;&lt;div class=&quot;content-conclusion&quot;&gt;&lt;div id=&quot;1704749847.557549&quot; class=&quot;c-virtual_list__item&quot; data-qa=&quot;virtual-list-item&quot; data-item-key=&quot;1704749847.557549&quot;&gt;
&lt;div class=&quot;c-message_kit__background p-message_pane_message__message c-message_kit__message&quot; data-qa=&quot;message_container&quot; data-qa-unprocessed=&quot;false&quot; data-qa-placeholder=&quot;false&quot;&gt;
&lt;div class=&quot;c-message_kit__hover&quot; data-qa-hover=&quot;true&quot;&gt;
&lt;div class=&quot;c-message_kit__actions c-message_kit__actions--default&quot;&gt;
&lt;div class=&quot;c-message_kit__gutter&quot;&gt;
&lt;div class=&quot;c-message_kit__gutter__right&quot; data-qa=&quot;message_content&quot;&gt;
&lt;div class=&quot;c-message_kit__blocks c-message_kit__blocks--rich_text&quot;&gt;
&lt;div class=&quot;c-message__message_blocks c-message__message_blocks--rich_text&quot; data-qa=&quot;message-text&quot;&gt;
&lt;div class=&quot;p-block_kit_renderer&quot; data-qa=&quot;block-kit-renderer&quot;&gt;
&lt;div class=&quot;p-block_kit_renderer__block_wrapper p-block_kit_renderer__block_wrapper--first&quot;&gt;
&lt;div class=&quot;p-rich_text_block&quot;&gt;
&lt;h4&gt;Commitment to Equal Opportunity&lt;/h4&gt;
&lt;p&gt;At Flexport, our ability to fulfill our mission of making global commerce easy and accessible relies on having a diverse, dedicated and engaged workforce. All qualified applicants will receive consideration for employment regardless of race, color, religion, sex, national origin, age, physical and mental disability, health status, marital and family status, sexual orientation, gender identity and expression, military and veteran status, and any other characteristic protected by applicable law.&lt;/p&gt;
&lt;h4&gt;Global Data Privacy Notice for Job Candidates and Applicants&lt;/h4&gt;
&lt;p&gt;Depending on your location, the General Data Protection Regulation (GDPR) and California Consumer Privacy Act (CCPA) may regulate the way we manage the data of job applicants.&amp;nbsp;By submitting your application, you are agreeing to our use and processing of your data as required. Please see our Privacy Notice available at&amp;nbsp;&lt;a href=&quot;http://www.flexport.com/privacy&quot; target=&quot;_blank&quot; data-saferedirecturl=&quot;https://www.google.com/url?q=http://www.flexport.com/privacy&amp;amp;source=gmail&amp;amp;ust=1613840050053000&amp;amp;usg=AFQjCNHD63svlkD-hWHlGuGOM_bSYVrnpw&quot;&gt;www.flexport.com/privacy&lt;/a&gt;&amp;nbsp;for additional information.&lt;/p&gt;
&lt;/div&gt;
&lt;/div&gt;
&lt;/div&gt;
&lt;/div&gt;
&lt;/div&gt;
&lt;/div&gt;
&lt;/div&gt;
&lt;/div&gt;
&lt;/div&gt;
&lt;/div&gt;
&lt;/div&gt;&lt;/div&gt;",https://job-boards.greenhouse.io/flexport/jobs/5745289,2024-02-23T03:02:13-05:00,2026-07-09T19:28:21-04:00,False,greenhouse_api,2026-08-12,"About Flexport:
At Flexport, we believe global trade can move the human race forward. That’s why it’s our mission to make global commerce so easy there will be more of it. We’re shaping the future of a $10T industry with solutions powered by innovative technology and exceptional people. Today, companies of all sizes—from emerging brands to Fortune 500s—use Flexport technology to move more than $19B of merchandise across 112 countries a year.
The recent global supply chain crisis has put Flexport center stage as we continue to play a pivotal role in how goods move around the world. We are proud to have the support of the best investors in the game who believe in our mission, solutions and people. Ready to tackle global challenges that impact business, society, and the environment? Come join us.
The opportunity:
Flexport is a platform for global trade in an industry that comprises 12% of the global GDP. We are the first licensed freight forwarder and customs brokerage built around a modern tech stack. We help the world's fastest-growing brands manage their international supply chains, providing a fully-managed service for moving products between any two places on the planet.
Exceptional software development is integral in allowing us to fulfill our mission of fixing the user experience in global trade. At Flexport you’ll develop products that are at the forefront of reshaping the entire logistics & supply chain industries. You’ll work alongside self-starters interested in solving real-world problems and streamlining the inefficiencies in the complex global trade industry. You’ll have the opportunity to reshape an industry by creating the new operating system for global trade.
Our engineers are top-notch software developers who love listening to the users, working as a team, and proactively taking the lead whenever necessary. The role involves learning the business of freight forwarding, modeling the work that people do to move freight, designing solutions to make it more efficient, and thinking innovatively to automate much of it. In this role, you will have an opportunity to own the design and development of key parts of our forwarding systems. You will have influence on subsystem design and help contribute to a team culture around practices that are critical to a quality product.
About the team:
We have multiple teams in Shanghai and Shenzhen working on a suite of core products and services that enable Flexport operation to scale, including Forwarding Application, Client Application, Shipper Application, WMS, Consol Planning Tool, Document Platform (AI empowered), Email Platform, Compliance Platform, Work Assignment Engine, Exception Management, AI Copilot and so on. We are looking for engineers who love learning, are passionate about collaborating, and desire to build solutions with a global impact.
You will:
Build highly available, secure, distributed systems in a microservice architecture.
Design, develop, test and maintain systems that represent the real-world intricacies of logistics entities, such as shipper, client, cargo, document, carrier, container, email etc.
Collaborate with some of the best engineers in the industry to work on complex business and technical problems.
Work closely with business partners and product managers to distill complex business problems into elegant technical solutions.
Build and launch products rapidly and incrementally. We ship to production dozens of times per day.
Ensure our products maintain a high-quality bar. We believe in anticipating issues by obsessing over metrics and applying key learnings from post-mortems to all our services.
Geek out about shipping and logistics. (We do this often.)
You should have:
Basic Qualifications
3+ years of experience writing software, and a strong engineering background.
2+ years of design and architecture knowledge as well as familiarity with object-oriented analysis and design patterns (OOA/OOD)
Knowledge of at least one programming language such as Ruby, C, C++, Java, or Kotlin
Bachelor's degree in Computer Science or related technical field, or equivalent experience
Preferred Qualifications
A love of simple, well-tested code that is easy to extend and hard to break.
A bias for action. When you see a problem, you solve it.
The ability to convey technical ideas in common terms to business partners, product managers, and engineers alike.
Experience building large scale, high-performance systems in a complex, multi-tiered, distributed environment
Understanding of performance tradeoffs, load balancing and operational issues
Knowledge of professional software engineering practices & best practices for full software development life cycle, including coding standards, code reviews, source control management, continuous deployments, testing, and operations
Non-optional: an aptitude for learning quickly.
Engineering Culture and Values:
Check out our
Key Values
profile.
About Flexport:
At Flexport, we believe global trade can move the human race forward. We’re shaping the future of a $8.6T industry with solutions powered by innovative technology and exceptional people. Today, companies of all sizes—from emerging brands to Fortune 500s—use Flexport technology to move more than $19B of merchandise across 112 countries a year.
The recent global supply chain crisis has put Flexport center stage as we continue to play a pivotal role in how goods move around the world. At a valuation of $8 billion, we’re experiencing record growth and are proud to have the support of the best investors in the game who believe in our mission, solutions and people. Ready to tackle global challenges that impact business, society, and the environment? Come join us.
Worried about not having any freight forwarding experience?
Don’t be! We’re building the first Operating System for Global Trade. That’s why it’s incredibly important for us to bring people from
diverse backgrounds and experiences
together with our industry veterans to help move the freight forwarding industry forward.
What’s freight forwarding and why does it matter? Freight forwarding is the coordination and shipment of goods from one place to another and it’s what makes global trade possible. Flexport is on a mission to make global trade easier for everyone because we believe it can
help connect the world and break down economic barriers
.
We know this industry is complex. That’s why we invest in education starting day one with
Flexport Academy
, a one week intensive onboarding program designed specifically to set every new Flexport employee up for success.
At Flexport, our ability to fulfill our mission of making global trade easy for everyone relies on having a diverse, dedicated and engaged workforce. That is why Flexport is committed to creating and nurturing an environment where anyone can be their authentic self. All qualified applicants will receive consideration for employment regardless of race, color, religion, sex, national origin, age, physical and mental disability, health status, marital and family status, sexual orientation, gender identity and expression, military and veteran status, and any other characteristic protected by applicable law.
Commitment to Equal Opportunity
At Flexport, our ability to fulfill our mission of making global commerce easy and accessible relies on having a diverse, dedicated and engaged workforce. All qualified applicants will receive consideration for employment regardless of race, color, religion, sex, national origin, age, physical and mental disability, health status, marital and family status, sexual orientation, gender identity and expression, military and veteran status, and any other characteristic protected by applicable law.
Global Data Privacy Notice for Job Candidates and Applicants
Depending on your location, the General Data Protection Regulation (GDPR) and California Consumer Privacy Act (CCPA) may regulate the way we manage the data of job applicants. By submitting your application, you are agreeing to our use and processing of your data as required. Please see our Privacy Notice available at
www.flexport.com/privacy
for additional information.",Flexport,Software Engineer II,"Shanghai, China",Software/Cloud,Java,Bachelor,Not specified,3.0,,0,,Java,JD 明确要求约 3+ 年经验
Flexport,flexport,Software Engineer II,Shenzhen,"&lt;div class=&quot;content-intro&quot;&gt;&lt;h2&gt;&lt;strong&gt;About Flexport:&amp;nbsp;&lt;/strong&gt;&lt;/h2&gt;
&lt;p&gt;At Flexport, we believe global trade can move the human race forward. That’s why it’s our mission to make global commerce so easy there will be more of it. We’re shaping the future of a $10T industry with solutions powered by innovative technology and exceptional people. Today, companies of all sizes—from emerging brands to Fortune 500s—use Flexport technology to move more than $19B of merchandise across 112 countries a year.&amp;nbsp;&lt;/p&gt;
&lt;p&gt;The recent global supply chain crisis has put Flexport center stage as we continue to play a pivotal role in how goods move around the world. We are proud to have the support of the best investors in the game who believe in our mission, solutions and people. Ready to tackle global challenges that impact business, society, and the environment? Come join us.&lt;/p&gt;&lt;/div&gt;&lt;h2&gt;&lt;strong&gt;The opportunity:&lt;/strong&gt;&lt;/h2&gt;
&lt;p&gt;Flexport is a platform for global trade in an industry that comprises 12% of the global GDP.&amp;nbsp; We are the first licensed freight forwarder and customs brokerage built around a modern tech stack.&amp;nbsp; We help the world&#39;s fastest-growing brands manage their international supply chains, providing a fully-managed service for moving products between any two places on the planet.&lt;/p&gt;
&lt;p&gt;Exceptional software development is integral in allowing us to fulfill our mission of fixing the user experience in global trade. At Flexport you’ll develop products that are at the forefront of reshaping the entire logistics &amp;amp; supply chain industries. You’ll work alongside self-starters interested in solving real-world problems and streamlining the inefficiencies in the complex global trade industry. You’ll have the opportunity to reshape an industry by creating the new operating system for global trade.&lt;/p&gt;
&lt;p&gt;Our engineers are top-notch software developers who love listening to the users, working as a team, and proactively taking the lead whenever necessary. The role involves learning the business of freight forwarding, modeling the work that people do to move freight, designing solutions to make it more efficient, and thinking innovatively to automate much of it. In this role, you will have an opportunity to own the design and development of key parts of our forwarding systems. You will have influence on subsystem design and help contribute to a team culture around practices that are critical to a quality product.&amp;nbsp;&lt;/p&gt;
&lt;h2&gt;&lt;strong&gt;About the team:&lt;/strong&gt;&lt;/h2&gt;
&lt;p&gt;We have multiple teams in Shanghai and Shenzhen working on a suite of core products and services that enable Flexport operation to scale, including Forwarding Application, Client Application, Shipper Application, WMS, Consol Planning Tool, Document Platform (AI empowered), Email Platform, Compliance Platform, Work Assignment Engine, Exception Management, AI Copilot, Insight Builder (AI Data Analytics) and so on.&amp;nbsp;&lt;/p&gt;
&lt;p&gt;In addition, we have a NAWS (Native AWS) team that develops infrastructure solutions for our products and services using the latest Infrastructure as Code (IaC) technology: CDKTF (Cloud Development Kit for Terraform). Our scope includes, but is not limited to, CI/CD, observability, DevX, data subsetting (TS3), IaC, template engines, and various open-source projects. Additionally, the team provides technical guidance to engineers across the organization.&lt;/p&gt;
&lt;p&gt;We are looking for engineers who love learning, are passionate about collaborating, and desire to build solutions with a global impact.&lt;/p&gt;
&lt;h2&gt;&lt;strong&gt;You will:&lt;/strong&gt;&lt;/h2&gt;
&lt;ul&gt;
&lt;li&gt;Build highly available, secure, distributed systems in a microservice architecture.&lt;/li&gt;
&lt;li&gt;Build cutting edge infrastructure solutions to help improve development experience across the company. And, work closely with other engineering teams to help them solve infrastructure related problems.&lt;/li&gt;
&lt;li&gt;Design, develop, test and maintain systems that represent the real-world intricacies of logistics entities, such as shipper, client, cargo, document, carrier, container, email etc.&lt;/li&gt;
&lt;li&gt;Collaborate with some of the best engineers in the industry to work on complex business and technical problems.&lt;/li&gt;
&lt;li&gt;Work closely with business partners and product managers to distill complex business problems into elegant technical solutions.&lt;/li&gt;
&lt;li&gt;Build and launch products rapidly and incrementally. We ship to production dozens of times per day.&lt;/li&gt;
&lt;li&gt;Ensure our products maintain a high-quality bar. We believe in anticipating issues by obsessing over metrics and applying key learnings from post-mortems to all our services.&lt;/li&gt;
&lt;li&gt;Geek out about shipping and logistics. (We do this often.)&lt;/li&gt;
&lt;/ul&gt;
&lt;h2&gt;&lt;strong&gt;You should have:&lt;/strong&gt;&lt;/h2&gt;
&lt;p&gt;&lt;strong&gt;Basic Qualifications&lt;/strong&gt;&lt;/p&gt;
&lt;ul&gt;
&lt;li&gt;3+ years of experience writing software, and a strong engineering background.&lt;/li&gt;
&lt;li&gt;2+ years of design and architecture knowledge as well as familiarity with object-oriented analysis and design patterns (OOA/OOD)&lt;/li&gt;
&lt;li&gt;Knowledge of at least one programming language such as TypeScript, Ruby, C, C++, Java, or Kotlin&lt;/li&gt;
&lt;li&gt;Bachelor&#39;s degree in Computer Science or related technical field, or equivalent experience&lt;/li&gt;
&lt;/ul&gt;
&lt;p&gt;&lt;strong&gt;Preferred Qualifications&lt;/strong&gt;&lt;/p&gt;
&lt;ul&gt;
&lt;li&gt;A love of simple, well-tested code that is easy to extend and hard to break.&lt;/li&gt;
&lt;li&gt;A bias for action. When you see a problem, you solve it.&lt;/li&gt;
&lt;li&gt;The ability to convey technical ideas in common terms to business partners, product managers, and engineers alike.&lt;/li&gt;
&lt;li&gt;Experience building large scale, high-performance systems in a complex, multi-tiered, distributed environment&lt;/li&gt;
&lt;li&gt;Understanding of performance tradeoffs, load balancing and operational issues&lt;/li&gt;
&lt;li&gt;Knowledge of professional software engineering practices &amp;amp; best practices for full software development life cycle, including coding standards, code reviews, source control management, continuous deployments, testing, and operations&lt;/li&gt;
&lt;li&gt;Experience with Infrastructure as Code (IaC) tools such as CDKTF, Terraform, AWS CloudFormation, or similar.&lt;/li&gt;
&lt;li&gt;Having basic concepts in AWS services, including IAM, EC2, ECS, S3, Lambda, Step Functions, EventBridge, and VPC, or equivalent services from other cloud providers.&lt;/li&gt;
&lt;li&gt;Familiarity with CI/CD pipelines, infrastructure automation, and monitoring/observability tools.&lt;/li&gt;
&lt;li&gt;Ability to troubleshoot and optimize distributed systems and cloud deployments.&lt;/li&gt;
&lt;li&gt;Non-optional: an aptitude for learning quickly.&lt;/li&gt;
&lt;/ul&gt;
&lt;h2&gt;&lt;strong&gt;Engineering Culture and Values:&lt;/strong&gt;&lt;/h2&gt;
&lt;ul&gt;
&lt;li&gt;Check out our&lt;a href=&quot;https://www.keyvalues.com/flexport&quot;&gt; Key Values&lt;/a&gt; profile.&lt;/li&gt;
&lt;/ul&gt;
&lt;p&gt;#LI-onsite&lt;/p&gt;&lt;div class=&quot;content-conclusion&quot;&gt;&lt;div id=&quot;1704749847.557549&quot; class=&quot;c-virtual_list__item&quot; data-qa=&quot;virtual-list-item&quot; data-item-key=&quot;1704749847.557549&quot;&gt;
&lt;div class=&quot;c-message_kit__background p-message_pane_message__message c-message_kit__message&quot; data-qa=&quot;message_container&quot; data-qa-unprocessed=&quot;false&quot; data-qa-placeholder=&quot;false&quot;&gt;
&lt;div class=&quot;c-message_kit__hover&quot; data-qa-hover=&quot;true&quot;&gt;
&lt;div class=&quot;c-message_kit__actions c-message_kit__actions--default&quot;&gt;
&lt;div class=&quot;c-message_kit__gutter&quot;&gt;
&lt;div class=&quot;c-message_kit__gutter__right&quot; data-qa=&quot;message_content&quot;&gt;
&lt;div class=&quot;c-message_kit__blocks c-message_kit__blocks--rich_text&quot;&gt;
&lt;div class=&quot;c-message__message_blocks c-message__message_blocks--rich_text&quot; data-qa=&quot;message-text&quot;&gt;
&lt;div class=&quot;p-block_kit_renderer&quot; data-qa=&quot;block-kit-renderer&quot;&gt;
&lt;div class=&quot;p-block_kit_renderer__block_wrapper p-block_kit_renderer__block_wrapper--first&quot;&gt;
&lt;div class=&quot;p-rich_text_block&quot;&gt;
&lt;h4&gt;Commitment to Equal Opportunity&lt;/h4&gt;
&lt;p&gt;At Flexport, our ability to fulfill our mission of making global commerce easy and accessible relies on having a diverse, dedicated and engaged workforce. All qualified applicants will receive consideration for employment regardless of race, color, religion, sex, national origin, age, physical and mental disability, health status, marital and family status, sexual orientation, gender identity and expression, military and veteran status, and any other characteristic protected by applicable law.&lt;/p&gt;
&lt;h4&gt;Global Data Privacy Notice for Job Candidates and Applicants&lt;/h4&gt;
&lt;p&gt;Depending on your location, the General Data Protection Regulation (GDPR) and California Consumer Privacy Act (CCPA) may regulate the way we manage the data of job applicants.&amp;nbsp;By submitting your application, you are agreeing to our use and processing of your data as required. Please see our Privacy Notice available at&amp;nbsp;&lt;a href=&quot;http://www.flexport.com/privacy&quot; target=&quot;_blank&quot; data-saferedirecturl=&quot;https://www.google.com/url?q=http://www.flexport.com/privacy&amp;amp;source=gmail&amp;amp;ust=1613840050053000&amp;amp;usg=AFQjCNHD63svlkD-hWHlGuGOM_bSYVrnpw&quot;&gt;www.flexport.com/privacy&lt;/a&gt;&amp;nbsp;for additional information.&lt;/p&gt;
&lt;/div&gt;
&lt;/div&gt;
&lt;/div&gt;
&lt;/div&gt;
&lt;/div&gt;
&lt;/div&gt;
&lt;/div&gt;
&lt;/div&gt;
&lt;/div&gt;
&lt;/div&gt;
&lt;/div&gt;&lt;/div&gt;",https://job-boards.greenhouse.io/flexport/jobs/7906161,2026-05-07T22:54:35-04:00,2026-07-09T19:28:21-04:00,False,greenhouse_api,2026-08-12,"About Flexport:
At Flexport, we believe global trade can move the human race forward. That’s why it’s our mission to make global commerce so easy there will be more of it. We’re shaping the future of a $10T industry with solutions powered by innovative technology and exceptional people. Today, companies of all sizes—from emerging brands to Fortune 500s—use Flexport technology to move more than $19B of merchandise across 112 countries a year.
The recent global supply chain crisis has put Flexport center stage as we continue to play a pivotal role in how goods move around the world. We are proud to have the support of the best investors in the game who believe in our mission, solutions and people. Ready to tackle global challenges that impact business, society, and the environment? Come join us.
The opportunity:
Flexport is a platform for global trade in an industry that comprises 12% of the global GDP. We are the first licensed freight forwarder and customs brokerage built around a modern tech stack. We help the world's fastest-growing brands manage their international supply chains, providing a fully-managed service for moving products between any two places on the planet.
Exceptional software development is integral in allowing us to fulfill our mission of fixing the user experience in global trade. At Flexport you’ll develop products that are at the forefront of reshaping the entire logistics & supply chain industries. You’ll work alongside self-starters interested in solving real-world problems and streamlining the inefficiencies in the complex global trade industry. You’ll have the opportunity to reshape an industry by creating the new operating system for global trade.
Our engineers are top-notch software developers who love listening to the users, working as a team, and proactively taking the lead whenever necessary. The role involves learning the business of freight forwarding, modeling the work that people do to move freight, designing solutions to make it more efficient, and thinking innovatively to automate much of it. In this role, you will have an opportunity to own the design and development of key parts of our forwarding systems. You will have influence on subsystem design and help contribute to a team culture around practices that are critical to a quality product.
About the team:
We have multiple teams in Shanghai and Shenzhen working on a suite of core products and services that enable Flexport operation to scale, including Forwarding Application, Client Application, Shipper Application, WMS, Consol Planning Tool, Document Platform (AI empowered), Email Platform, Compliance Platform, Work Assignment Engine, Exception Management, AI Copilot, Insight Builder (AI Data Analytics) and so on.
In addition, we have a NAWS (Native AWS) team that develops infrastructure solutions for our products and services using the latest Infrastructure as Code (IaC) technology: CDKTF (Cloud Development Kit for Terraform). Our scope includes, but is not limited to, CI/CD, observability, DevX, data subsetting (TS3), IaC, template engines, and various open-source projects. Additionally, the team provides technical guidance to engineers across the organization.
We are looking for engineers who love learning, are passionate about collaborating, and desire to build solutions with a global impact.
You will:
Build highly available, secure, distributed systems in a microservice architecture.
Build cutting edge infrastructure solutions to help improve development experience across the company. And, work closely with other engineering teams to help them solve infrastructure related problems.
Design, develop, test and maintain systems that represent the real-world intricacies of logistics entities, such as shipper, client, cargo, document, carrier, container, email etc.
Collaborate with some of the best engineers in the industry to work on complex business and technical problems.
Work closely with business partners and product managers to distill complex business problems into elegant technical solutions.
Build and launch products rapidly and incrementally. We ship to production dozens of times per day.
Ensure our products maintain a high-quality bar. We believe in anticipating issues by obsessing over metrics and applying key learnings from post-mortems to all our services.
Geek out about shipping and logistics. (We do this often.)
You should have:
Basic Qualifications
3+ years of experience writing software, and a strong engineering background.
2+ years of design and architecture knowledge as well as familiarity with object-oriented analysis and design patterns (OOA/OOD)
Knowledge of at least one programming language such as TypeScript, Ruby, C, C++, Java, or Kotlin
Bachelor's degree in Computer Science or related technical field, or equivalent experience
Preferred Qualifications
A love of simple, well-tested code that is easy to extend and hard to break.
A bias for action. When you see a problem, you solve it.
The ability to convey technical ideas in common terms to business partners, product managers, and engineers alike.
Experience building large scale, high-performance systems in a complex, multi-tiered, distributed environment
Understanding of performance tradeoffs, load balancing and operational issues
Knowledge of professional software engineering practices & best practices for full software development life cycle, including coding standards, code reviews, source control management, continuous deployments, testing, and operations
Experience with Infrastructure as Code (IaC) tools such as CDKTF, Terraform, AWS CloudFormation, or similar.
Having basic concepts in AWS services, including IAM, EC2, ECS, S3, Lambda, Step Functions, EventBridge, and VPC, or equivalent services from other cloud providers.
Familiarity with CI/CD pipelines, infrastructure automation, and monitoring/observability tools.
Ability to troubleshoot and optimize distributed systems and cloud deployments.
Non-optional: an aptitude for learning quickly.
Engineering Culture and Values:
Check out our
Key Values
profile.
#LI-onsite
Commitment to Equal Opportunity
At Flexport, our ability to fulfill our mission of making global commerce easy and accessible relies on having a diverse, dedicated and engaged workforce. All qualified applicants will receive consideration for employment regardless of race, color, religion, sex, national origin, age, physical and mental disability, health status, marital and family status, sexual orientation, gender identity and expression, military and veteran status, and any other characteristic protected by applicable law.
Global Data Privacy Notice for Job Candidates and Applicants
Depending on your location, the General Data Protection Regulation (GDPR) and California Consumer Privacy Act (CCPA) may regulate the way we manage the data of job applicants. By submitting your application, you are agreeing to our use and processing of your data as required. Please see our Privacy Notice available at
www.flexport.com/privacy
for additional information.",Flexport,Software Engineer II,"Shenzhen, China",Software/Cloud,Java; TypeScript; AWS; Data Analysis; CI/CD,Bachelor,Not specified,3.0,,0,,AWS; CI/CD; Data Analysis; Java; TypeScript,JD 明确要求约 3+ 年经验
Flexport,flexport,"Senior Manager, Account Management",Shanghai,"&lt;div class=&quot;content-intro&quot;&gt;&lt;h2&gt;&lt;strong&gt;About Flexport:&amp;nbsp;&lt;/strong&gt;&lt;/h2&gt;
&lt;p&gt;At Flexport, we believe global trade can move the human race forward. That’s why it’s our mission to make global commerce so easy there will be more of it. We’re shaping the future of a $10T industry with solutions powered by innovative technology and exceptional people. Today, companies of all sizes—from emerging brands to Fortune 500s—use Flexport technology to move more than $19B of merchandise across 112 countries a year.&amp;nbsp;&lt;/p&gt;
&lt;p&gt;The recent global supply chain crisis has put Flexport center stage as we continue to play a pivotal role in how goods move around the world. We are proud to have the support of the best investors in the game who believe in our mission, solutions and people. Ready to tackle global challenges that impact business, society, and the environment? Come join us.&lt;/p&gt;&lt;/div&gt;&lt;p&gt;The Opportunity&lt;/p&gt;
&lt;ul&gt;
&lt;li&gt;Own the long-term strategy and performance of a portfolio of strategic accounts, with accountability for revenue growth, client health, and retention.&lt;/li&gt;
&lt;li&gt;Build and mentor a team of Account Managers, elevating their impact through coaching, performance management, and career development plans.&lt;/li&gt;
&lt;li&gt;Partner with Sales, Solutions, Implementation, Operations, and Product teams to design and deliver scalable, differentiated supply chain solutions that address clients’ evolving needs.&lt;/li&gt;
&lt;li&gt;Influence Flexport’s strategic priorities by identifying market opportunities, competitive insights, and client feedback that shape product and services.&lt;/li&gt;
&lt;/ul&gt;
&lt;p&gt;What You&#39;ll Do&lt;br&gt;Strategic Leadership and Growth&lt;/p&gt;
&lt;ul&gt;
&lt;li&gt;Develop and execute a scalable account strategy for a portfolio of strategic clients, including multi-year revenue plans, growth initiatives, and client value narratives.&lt;/li&gt;
&lt;li&gt;Drive top-line growth by uncovering and closing large, complex opportunities, while ensuring alignment with client goals and Flexport capabilities.&lt;/li&gt;
&lt;li&gt;Lead quarterly business reviews with senior client stakeholders and internal executives to demonstrate value, refresh priorities, and expand footprint.&lt;/li&gt;
&lt;li&gt;Forecast accurately, set ambitious but achievable targets, and monitor performance against plan with data-driven reviews.&lt;/li&gt;
&lt;/ul&gt;
&lt;p&gt;People Leadership and Coaching&lt;/p&gt;
&lt;ul&gt;
&lt;li&gt;Manage, coach, and develop a team of Account Managers; set clear expectations, provide ongoing feedback, and manage performance cycles.&lt;/li&gt;
&lt;li&gt;Create a development framework to upskill the team in strategic account management, negotiation, deal shaping, and cross-functional collaboration.&lt;/li&gt;
&lt;li&gt;Foster a high-performance culture emphasizing accountability, collaboration, ethical conduct, and client-centric service.&lt;/li&gt;
&lt;/ul&gt;
&lt;p&gt;Cross-Functional Collaboration and Execution&lt;/p&gt;
&lt;ul&gt;
&lt;li&gt;Collaborate with Sales, Solutions Architecture, Implementation, Operations, Trade Finance, and Industry SMEs to design end-to-end solutions that maximize client outcomes.&lt;/li&gt;
&lt;li&gt;Ensure client programs are delivered on time, within scope, and within budget; escalate and resolve obstacles quickly.&lt;/li&gt;
&lt;li&gt;Build and maintain a robust governance cadence with clients and internal stakeholders, ensuring alignment on priorities, risks, and ROI.&lt;/li&gt;
&lt;/ul&gt;
&lt;p&gt;Client Success and Value Realization&lt;/p&gt;
&lt;ul&gt;
&lt;li&gt;Own the client health across your portfolio, using health metrics to identify risks and opportunities; implement remediation plans when needed.&lt;/li&gt;
&lt;li&gt;Champion value realization by quantifying benefits, ROI, and efficiency gains realized through Flexport solutions; communicate outcomes through executive-level reporting.&lt;/li&gt;
&lt;li&gt;Lead client education initiatives to ensure maximum product adoption, stakeholder engagement, and risk management.&lt;/li&gt;
&lt;/ul&gt;
&lt;p&gt;Industry and Market Insight&lt;/p&gt;
&lt;ul&gt;
&lt;li&gt;Stay informed on global trade trends, supply chain disruptions, regulatory changes, and technology innovations; translate insights into actionable client guidance and internal product feedback.&lt;/li&gt;
&lt;li&gt;Represent Flexport in strategic client forums, industry events, and cross-market collaborations to broaden influence and identify opportunities.&lt;/li&gt;
&lt;/ul&gt;
&lt;p&gt;Operational Excellence&lt;/p&gt;
&lt;ul&gt;
&lt;li&gt;Define and monitor key account metrics, service levels, and process improvements to optimize client experience and operational efficiency.&lt;/li&gt;
&lt;li&gt;Standardize processes for onboarding, risk management, renewal and expansion cycles, and cross-border implementations.&lt;/li&gt;
&lt;li&gt;Ensure governance around pricing, profitability, and contract renegotiations in collaboration with Legal, Finance, and Compliance.&lt;/li&gt;
&lt;/ul&gt;
&lt;p&gt;Qualifications&lt;/p&gt;
&lt;ul&gt;
&lt;li&gt;Bachelor’s degree required; Master’s degree or MBA preferred.&lt;/li&gt;
&lt;li&gt;10+ years of experience in sales, account management, or supply chain operations, with a track record of leading teams and managing large, global accounts.&lt;/li&gt;
&lt;li&gt;Deep domain expertise in logistics, freight forwarding, global supply chain, and related technologies; prior experience with multinational clients is highly desirable.&lt;/li&gt;
&lt;li&gt;Demonstrated ability to lead through influence in matrixed organizations; strong cross-functional collaboration and stakeholder management skills.&lt;/li&gt;
&lt;li&gt;Proven track record of driving revenue growth in complex, enterprise-level deals; experience shaping strategy and delivering scalable solutions.&lt;/li&gt;
&lt;li&gt;Excellent communication and presentation skills; ability to convey complex concepts to executive audiences across written, verbal, and virtual channels.&lt;/li&gt;
&lt;li&gt;Exceptional negotiation, problem-solving, and decision-making abilities.&lt;/li&gt;
&lt;li&gt;Cultural agility and sensitivity; adept at operating across diverse regions and business cultures.&lt;/li&gt;
&lt;li&gt;High integrity, ethics, and alignment with Flexport’s values.&lt;/li&gt;
&lt;/ul&gt;
&lt;p&gt;Key Competencies&lt;/p&gt;
&lt;ul&gt;
&lt;li&gt;Strategic Thinking and Business Acumen&lt;/li&gt;
&lt;li&gt;Leadership and People Development&lt;/li&gt;
&lt;li&gt;Client Partnership and Trusted Advisor Skills&lt;/li&gt;
&lt;li&gt;Cross-Functional Collaboration and Influence&lt;/li&gt;
&lt;li&gt;Value Realization and ROI Demonstration&lt;/li&gt;
&lt;li&gt;Change Management and Adaptability&lt;/li&gt;
&lt;li&gt;Data-Driven Decision Making&lt;/li&gt;
&lt;/ul&gt;
&lt;p&gt;What We Offer&lt;/p&gt;
&lt;ul&gt;
&lt;li&gt;Competitive compensation with performance-based incentives.&lt;/li&gt;
&lt;li&gt;Comprehensive benefits package.&lt;/li&gt;
&lt;li&gt;Career growth opportunities within a rapidly expanding global organization.&lt;/li&gt;
&lt;li&gt;A collaborative, transparent, and inclusive culture that values innovation and integrity.&lt;/li&gt;
&lt;/ul&gt;
&lt;p&gt;&amp;nbsp;&lt;/p&gt;&lt;div class=&quot;content-conclusion&quot;&gt;&lt;div id=&quot;1704749847.557549&quot; class=&quot;c-virtual_list__item&quot; data-qa=&quot;virtual-list-item&quot; data-item-key=&quot;1704749847.557549&quot;&gt;
&lt;div class=&quot;c-message_kit__background p-message_pane_message__message c-message_kit__message&quot; data-qa=&quot;message_container&quot; data-qa-unprocessed=&quot;false&quot; data-qa-placeholder=&quot;false&quot;&gt;
&lt;div class=&quot;c-message_kit__hover&quot; data-qa-hover=&quot;true&quot;&gt;
&lt;div class=&quot;c-message_kit__actions c-message_kit__actions--default&quot;&gt;
&lt;div class=&quot;c-message_kit__gutter&quot;&gt;
&lt;div class=&quot;c-message_kit__gutter__right&quot; data-qa=&quot;message_content&quot;&gt;
&lt;div class=&quot;c-message_kit__blocks c-message_kit__blocks--rich_text&quot;&gt;
&lt;div class=&quot;c-message__message_blocks c-message__message_blocks--rich_text&quot; data-qa=&quot;message-text&quot;&gt;
&lt;div class=&quot;p-block_kit_renderer&quot; data-qa=&quot;block-kit-renderer&quot;&gt;
&lt;div class=&quot;p-block_kit_renderer__block_wrapper p-block_kit_renderer__block_wrapper--first&quot;&gt;
&lt;div class=&quot;p-rich_text_block&quot;&gt;
&lt;h4&gt;Commitment to Equal Opportunity&lt;/h4&gt;
&lt;p&gt;At Flexport, our ability to fulfill our mission of making global commerce easy and accessible relies on having a diverse, dedicated and engaged workforce. All qualified applicants will receive consideration for employment regardless of race, color, religion, sex, national origin, age, physical and mental disability, health status, marital and family status, sexual orientation, gender identity and expression, military and veteran status, and any other characteristic protected by applicable law.&lt;/p&gt;
&lt;h4&gt;Global Data Privacy Notice for Job Candidates and Applicants&lt;/h4&gt;
&lt;p&gt;Depending on your location, the General Data Protection Regulation (GDPR) and California Consumer Privacy Act (CCPA) may regulate the way we manage the data of job applicants.&amp;nbsp;By submitting your application, you are agreeing to our use and processing of your data as required. Please see our Privacy Notice available at&amp;nbsp;&lt;a href=&quot;http://www.flexport.com/privacy&quot; target=&quot;_blank&quot; data-saferedirecturl=&quot;https://www.google.com/url?q=http://www.flexport.com/privacy&amp;amp;source=gmail&amp;amp;ust=1613840050053000&amp;amp;usg=AFQjCNHD63svlkD-hWHlGuGOM_bSYVrnpw&quot;&gt;www.flexport.com/privacy&lt;/a&gt;&amp;nbsp;for additional information.&lt;/p&gt;
&lt;/div&gt;
&lt;/div&gt;
&lt;/div&gt;
&lt;/div&gt;
&lt;/div&gt;
&lt;/div&gt;
&lt;/div&gt;
&lt;/div&gt;
&lt;/div&gt;
&lt;/div&gt;
&lt;/div&gt;&lt;/div&gt;",https://job-boards.greenhouse.io/flexport/jobs/8020266,2026-06-22T03:47:31-04:00,2026-07-09T19:28:21-04:00,False,greenhouse_api,2026-08-12,"About Flexport:
At Flexport, we believe global trade can move the human race forward. That’s why it’s our mission to make global commerce so easy there will be more of it. We’re shaping the future of a $10T industry with solutions powered by innovative technology and exceptional people. Today, companies of all sizes—from emerging brands to Fortune 500s—use Flexport technology to move more than $19B of merchandise across 112 countries a year.
The recent global supply chain crisis has put Flexport center stage as we continue to play a pivotal role in how goods move around the world. We are proud to have the support of the best investors in the game who believe in our mission, solutions and people. Ready to tackle global challenges that impact business, society, and the environment? Come join us.
The Opportunity
Own the long-term strategy and performance of a portfolio of strategic accounts, with accountability for revenue growth, client health, and retention.
Build and mentor a team of Account Managers, elevating their impact through coaching, performance management, and career development plans.
Partner with Sales, Solutions, Implementation, Operations, and Product teams to design and deliver scalable, differentiated supply chain solutions that address clients’ evolving needs.
Influence Flexport’s strategic priorities by identifying market opportunities, competitive insights, and client feedback that shape product and services.
What You'll Do
Strategic Leadership and Growth
Develop and execute a scalable account strategy for a portfolio of strategic clients, including multi-year revenue plans, growth initiatives, and client value narratives.
Drive top-line growth by uncovering and closing large, complex opportunities, while ensuring alignment with client goals and Flexport capabilities.
Lead quarterly business reviews with senior client stakeholders and internal executives to demonstrate value, refresh priorities, and expand footprint.
Forecast accurately, set ambitious but achievable targets, and monitor performance against plan with data-driven reviews.
People Leadership and Coaching
Manage, coach, and develop a team of Account Managers; set clear expectations, provide ongoing feedback, and manage performance cycles.
Create a development framework to upskill the team in strategic account management, negotiation, deal shaping, and cross-functional collaboration.
Foster a high-performance culture emphasizing accountability, collaboration, ethical conduct, and client-centric service.
Cross-Functional Collaboration and Execution
Collaborate with Sales, Solutions Architecture, Implementation, Operations, Trade Finance, and Industry SMEs to design end-to-end solutions that maximize client outcomes.
Ensure client programs are delivered on time, within scope, and within budget; escalate and resolve obstacles quickly.
Build and maintain a robust governance cadence with clients and internal stakeholders, ensuring alignment on priorities, risks, and ROI.
Client Success and Value Realization
Own the client health across your portfolio, using health metrics to identify risks and opportunities; implement remediation plans when needed.
Champion value realization by quantifying benefits, ROI, and efficiency gains realized through Flexport solutions; communicate outcomes through executive-level reporting.
Lead client education initiatives to ensure maximum product adoption, stakeholder engagement, and risk management.
Industry and Market Insight
Stay informed on global trade trends, supply chain disruptions, regulatory changes, and technology innovations; translate insights into actionable client guidance and internal product feedback.
Represent Flexport in strategic client forums, industry events, and cross-market collaborations to broaden influence and identify opportunities.
Operational Excellence
Define and monitor key account metrics, service levels, and process improvements to optimize client experience and operational efficiency.
Standardize processes for onboarding, risk management, renewal and expansion cycles, and cross-border implementations.
Ensure governance around pricing, profitability, and contract renegotiations in collaboration with Legal, Finance, and Compliance.
Qualifications
Bachelor’s degree required; Master’s degree or MBA preferred.
10+ years of experience in sales, account management, or supply chain operations, with a track record of leading teams and managing large, global accounts.
Deep domain expertise in logistics, freight forwarding, global supply chain, and related technologies; prior experience with multinational clients is highly desirable.
Demonstrated ability to lead through influence in matrixed organizations; strong cross-functional collaboration and stakeholder management skills.
Proven track record of driving revenue growth in complex, enterprise-level deals; experience shaping strategy and delivering scalable solutions.
Excellent communication and presentation skills; ability to convey complex concepts to executive audiences across written, verbal, and virtual channels.
Exceptional negotiation, problem-solving, and decision-making abilities.
Cultural agility and sensitivity; adept at operating across diverse regions and business cultures.
High integrity, ethics, and alignment with Flexport’s values.
Key Competencies
Strategic Thinking and Business Acumen
Leadership and People Development
Client Partnership and Trusted Advisor Skills
Cross-Functional Collaboration and Influence
Value Realization and ROI Demonstration
Change Management and Adaptability
Data-Driven Decision Making
What We Offer
Competitive compensation with performance-based incentives.
Comprehensive benefits package.
Career growth opportunities within a rapidly expanding global organization.
A collaborative, transparent, and inclusive culture that values innovation and integrity.
Commitment to Equal Opportunity
At Flexport, our ability to fulfill our mission of making global commerce easy and accessible relies on having a diverse, dedicated and engaged workforce. All qualified applicants will receive consideration for employment regardless of race, color, religion, sex, national origin, age, physical and mental disability, health status, marital and family status, sexual orientation, gender identity and expression, military and veteran status, and any other characteristic protected by applicable law.
Global Data Privacy Notice for Job Candidates and Applicants
Depending on your location, the General Data Protection Regulation (GDPR) and California Consumer Privacy Act (CCPA) may regulate the way we manage the data of job applicants. By submitting your application, you are agreeing to our use and processing of your data as required. Please see our Privacy Notice available at
www.flexport.com/privacy
for additional information.",Flexport,"Senior Manager, Account Management","Shanghai, China",Business/Ops,,Master,Not specified,10.0,,0,,,JD 明确要求约 10+ 年经验；学历要求为 Master，当前学历层级为 Bachelor
Flexport,flexport,"Senior Business Development Manager, Omnichannel",Shanghai,"&lt;div class=&quot;content-intro&quot;&gt;&lt;h2&gt;&lt;strong&gt;About Flexport:&amp;nbsp;&lt;/strong&gt;&lt;/h2&gt;
&lt;p&gt;At Flexport, we believe global trade can move the human race forward. That’s why it’s our mission to make global commerce so easy there will be more of it. We’re shaping the future of a $10T industry with solutions powered by innovative technology and exceptional people. Today, companies of all sizes—from emerging brands to Fortune 500s—use Flexport technology to move more than $19B of merchandise across 112 countries a year.&amp;nbsp;&lt;/p&gt;
&lt;p&gt;The recent global supply chain crisis has put Flexport center stage as we continue to play a pivotal role in how goods move around the world. We are proud to have the support of the best investors in the game who believe in our mission, solutions and people. Ready to tackle global challenges that impact business, society, and the environment? Come join us.&lt;/p&gt;&lt;/div&gt;&lt;h2&gt;The Opportunity&lt;/h2&gt;
&lt;p&gt;We are seeking a &lt;strong&gt;Senior Business Development Manager — Omnichannel&lt;/strong&gt; to lead the sell-in of Flexport&#39;s Omnichannel capability in Greater China, paired with our China-export freight forwarding business. You will operate as a &lt;strong&gt;player-coach&lt;/strong&gt; — carry your own quota on strategic BtC e-commerce accounts, AND lead enablement, deal coaching, and joint-selling motion across our Greater China sales team (potential extend to support APAC sales team) so every AE can confidently pitch the end-to-end Flexport solution.&lt;/p&gt;
&lt;p&gt;&amp;nbsp;&lt;/p&gt;
&lt;p&gt;You will report to the Greater China General Manager and partner closely with the US-based Omnichannel BD organization, the GC freight sales team, Pricing, Solution Design, and Product.&lt;/p&gt;
&lt;h2&gt;You Will Be&lt;/h2&gt;
&lt;ul&gt;
&lt;li&gt;&lt;strong&gt;Owning Omnichannel revenue in Greater China&lt;/strong&gt; — carry quota on strategic Chinese BtC e-commerce sellers (TikTok Shop, Amazon, Shopify, Walmart, DTC brands) shipping into the US, with goals tied to net-new ACV and bundled freight-plus-fulfillment win rate.&lt;/li&gt;
&lt;li&gt;&lt;strong&gt;Coaching the GC sales team&lt;/strong&gt; — train, shadow, and joint-call every AE on Omnichannel positioning, discovery, technical fit, and pricing; build the cross-sell playbook from forwarding into fulfillment.&lt;/li&gt;
&lt;li&gt;&lt;strong&gt;Designing the end-to-end pitch&lt;/strong&gt; — partner with Solution Design to build proposals that combine ocean/air freight ex-China + customs + US Omnichannel fulfillment (One Node, Multi Node, Single Pool Inventory, Fast Tags, branded packaging, B2B EDI), so customers see one Flexport, not two.&lt;/li&gt;
&lt;li&gt;&lt;strong&gt;Running Omni RFPs and contracts&lt;/strong&gt; — lead pricing strategy with Omni Pricing (ZBP/UBP rate cards), navigate Ironclad for Omnichannel Customer Agreements, and drive deal velocity on multi-million USD contracts.&lt;/li&gt;
&lt;li&gt;&lt;strong&gt;Building the GC Omni demand engine&lt;/strong&gt; — partner with Demand team on ICP definition, outbound campaigns, and channel partnerships (TikTok Shop merchant programs, Amazon aggregators, cross-border e-commerce associations, Shenzhen and Greater Bay Area seller communities).&lt;/li&gt;
&lt;li&gt;&lt;strong&gt;Being the GC voice to global Omni leadership&lt;/strong&gt; — surface China-specific gaps (Mandarin support, RMB billing, China customs nuance, Single Pool inventory for cross-border sellers, Section 321/T86 dynamics) to US Omni Product and BD leadership.&lt;/li&gt;
&lt;li&gt;&lt;strong&gt;Closing first, then scaling&lt;/strong&gt; — in the first 6 months, prioritize 3–5 lighthouse accounts where we win bundled (freight + Omni), and convert those wins into case studies the broader team can sell.&lt;/li&gt;
&lt;/ul&gt;
&lt;h2&gt;You Should Have&lt;/h2&gt;
&lt;ul&gt;
&lt;li&gt;&lt;strong&gt;8+ years&lt;/strong&gt; of full-cycle, quota-carrying sales experience, with at least 3 years selling US fulfillment, 3PL, or e-commerce logistics services into Chinese cross-border merchants.&lt;/li&gt;
&lt;li&gt;&lt;strong&gt;Deep Omnichannel/3PL fluency&lt;/strong&gt; — understands DTC vs. B2B fulfillment, multi-node vs. single-node strategy, parcel zone pricing, FBA vs. FBM economics, returns, and platform integrations (Shopify, Amazon, Walmart, TikTok Shop).&lt;/li&gt;
&lt;li&gt;&lt;strong&gt;Forwarding-adjacent credibility&lt;/strong&gt; — you don&#39;t need to be a forwarder, but you must hold a credible conversation with a customer&#39;s COO on the FOB-to-doorstep cost stack, customs clearance, and ISF/T86/Section 321 implications.&lt;/li&gt;
&lt;li&gt;&lt;strong&gt;Proven player-coach track record&lt;/strong&gt; — you have enabled and coached AEs, run deal reviews, and built sales playbooks — not just hit personal quota.&lt;/li&gt;
&lt;li&gt;&lt;strong&gt;Strong network&lt;/strong&gt; in Chinese BtC e-commerce — TikTok Shop sellers, Amazon top sellers, DTC brands, e-commerce aggregators, Shenzhen/Shanghai cross-border seller communities.&lt;/li&gt;
&lt;li&gt;&lt;strong&gt;Fluency in English and Mandarin&lt;/strong&gt; — able to write external proposals in English and pitch directly in Mandarin to founder/CEO audiences.&lt;/li&gt;
&lt;li&gt;&lt;strong&gt;Comfort with ambiguity&lt;/strong&gt; — this is a new role; you will define the playbook, the cross-sell motion, and the comp model alongside leadership.&lt;/li&gt;
&lt;li&gt;&lt;strong&gt;Bachelor&#39;s degree&lt;/strong&gt;; MBA or equivalent operating experience welcome.&lt;/li&gt;
&lt;li&gt;&lt;strong&gt;Travel:&lt;/strong&gt; 30–40% — across Greater Bay Area and Shanghai, plus 1–2 US trips per year for global Omni alignment.&lt;/li&gt;
&lt;/ul&gt;
&lt;h2&gt;Why This Role&lt;/h2&gt;
&lt;p&gt;This is the highest-leverage commercial role we are hiring in Greater China in 2026. The Chinese cross-border BtC e-commerce sector is USD 200B+ and growing 20%+ year-on-year — and nearly every seller in that segment is forced to stitch together a forwarder, a US 3PL, parcel, and returns from four different vendors. Flexport is the only player who can deliver all four under one roof. Whoever takes this role will define how the world&#39;s largest export market reaches the world&#39;s largest consumer market — on Flexport.&lt;/p&gt;&lt;div class=&quot;content-conclusion&quot;&gt;&lt;div id=&quot;1704749847.557549&quot; class=&quot;c-virtual_list__item&quot; data-qa=&quot;virtual-list-item&quot; data-item-key=&quot;1704749847.557549&quot;&gt;
&lt;div class=&quot;c-message_kit__background p-message_pane_message__message c-message_kit__message&quot; data-qa=&quot;message_container&quot; data-qa-unprocessed=&quot;false&quot; data-qa-placeholder=&quot;false&quot;&gt;
&lt;div class=&quot;c-message_kit__hover&quot; data-qa-hover=&quot;true&quot;&gt;
&lt;div class=&quot;c-message_kit__actions c-message_kit__actions--default&quot;&gt;
&lt;div class=&quot;c-message_kit__gutter&quot;&gt;
&lt;div class=&quot;c-message_kit__gutter__right&quot; data-qa=&quot;message_content&quot;&gt;
&lt;div class=&quot;c-message_kit__blocks c-message_kit__blocks--rich_text&quot;&gt;
&lt;div class=&quot;c-message__message_blocks c-message__message_blocks--rich_text&quot; data-qa=&quot;message-text&quot;&gt;
&lt;div class=&quot;p-block_kit_renderer&quot; data-qa=&quot;block-kit-renderer&quot;&gt;
&lt;div class=&quot;p-block_kit_renderer__block_wrapper p-block_kit_renderer__block_wrapper--first&quot;&gt;
&lt;div class=&quot;p-rich_text_block&quot;&gt;
&lt;h4&gt;Commitment to Equal Opportunity&lt;/h4&gt;
&lt;p&gt;At Flexport, our ability to fulfill our mission of making global commerce easy and accessible relies on having a diverse, dedicated and engaged workforce. All qualified applicants will receive consideration for employment regardless of race, color, religion, sex, national origin, age, physical and mental disability, health status, marital and family status, sexual orientation, gender identity and expression, military and veteran status, and any other characteristic protected by applicable law.&lt;/p&gt;
&lt;h4&gt;Global Data Privacy Notice for Job Candidates and Applicants&lt;/h4&gt;
&lt;p&gt;Depending on your location, the General Data Protection Regulation (GDPR) and California Consumer Privacy Act (CCPA) may regulate the way we manage the data of job applicants.&amp;nbsp;By submitting your application, you are agreeing to our use and processing of your data as required. Please see our Privacy Notice available at&amp;nbsp;&lt;a href=&quot;http://www.flexport.com/privacy&quot; target=&quot;_blank&quot; data-saferedirecturl=&quot;https://www.google.com/url?q=http://www.flexport.com/privacy&amp;amp;source=gmail&amp;amp;ust=1613840050053000&amp;amp;usg=AFQjCNHD63svlkD-hWHlGuGOM_bSYVrnpw&quot;&gt;www.flexport.com/privacy&lt;/a&gt;&amp;nbsp;for additional information.&lt;/p&gt;
&lt;/div&gt;
&lt;/div&gt;
&lt;/div&gt;
&lt;/div&gt;
&lt;/div&gt;
&lt;/div&gt;
&lt;/div&gt;
&lt;/div&gt;
&lt;/div&gt;
&lt;/div&gt;
&lt;/div&gt;&lt;/div&gt;",https://job-boards.greenhouse.io/flexport/jobs/7981626,2026-06-04T03:13:05-04:00,2026-07-09T19:28:21-04:00,False,greenhouse_api,2026-08-12,"About Flexport:
At Flexport, we believe global trade can move the human race forward. That’s why it’s our mission to make global commerce so easy there will be more of it. We’re shaping the future of a $10T industry with solutions powered by innovative technology and exceptional people. Today, companies of all sizes—from emerging brands to Fortune 500s—use Flexport technology to move more than $19B of merchandise across 112 countries a year.
The recent global supply chain crisis has put Flexport center stage as we continue to play a pivotal role in how goods move around the world. We are proud to have the support of the best investors in the game who believe in our mission, solutions and people. Ready to tackle global challenges that impact business, society, and the environment? Come join us.
The Opportunity
We are seeking a
Senior Business Development Manager — Omnichannel
to lead the sell-in of Flexport's Omnichannel capability in Greater China, paired with our China-export freight forwarding business. You will operate as a
player-coach
— carry your own quota on strategic BtC e-commerce accounts, AND lead enablement, deal coaching, and joint-selling motion across our Greater China sales team (potential extend to support APAC sales team) so every AE can confidently pitch the end-to-end Flexport solution.
You will report to the Greater China General Manager and partner closely with the US-based Omnichannel BD organization, the GC freight sales team, Pricing, Solution Design, and Product.
You Will Be
Owning Omnichannel revenue in Greater China
— carry quota on strategic Chinese BtC e-commerce sellers (TikTok Shop, Amazon, Shopify, Walmart, DTC brands) shipping into the US, with goals tied to net-new ACV and bundled freight-plus-fulfillment win rate.
Coaching the GC sales team
— train, shadow, and joint-call every AE on Omnichannel positioning, discovery, technical fit, and pricing; build the cross-sell playbook from forwarding into fulfillment.
Designing the end-to-end pitch
— partner with Solution Design to build proposals that combine ocean/air freight ex-China + customs + US Omnichannel fulfillment (One Node, Multi Node, Single Pool Inventory, Fast Tags, branded packaging, B2B EDI), so customers see one Flexport, not two.
Running Omni RFPs and contracts
— lead pricing strategy with Omni Pricing (ZBP/UBP rate cards), navigate Ironclad for Omnichannel Customer Agreements, and drive deal velocity on multi-million USD contracts.
Building the GC Omni demand engine
— partner with Demand team on ICP definition, outbound campaigns, and channel partnerships (TikTok Shop merchant programs, Amazon aggregators, cross-border e-commerce associations, Shenzhen and Greater Bay Area seller communities).
Being the GC voice to global Omni leadership
— surface China-specific gaps (Mandarin support, RMB billing, China customs nuance, Single Pool inventory for cross-border sellers, Section 321/T86 dynamics) to US Omni Product and BD leadership.
Closing first, then scaling
— in the first 6 months, prioritize 3–5 lighthouse accounts where we win bundled (freight + Omni), and convert those wins into case studies the broader team can sell.
You Should Have
8+ years
of full-cycle, quota-carrying sales experience, with at least 3 years selling US fulfillment, 3PL, or e-commerce logistics services into Chinese cross-border merchants.
Deep Omnichannel/3PL fluency
— understands DTC vs. B2B fulfillment, multi-node vs. single-node strategy, parcel zone pricing, FBA vs. FBM economics, returns, and platform integrations (Shopify, Amazon, Walmart, TikTok Shop).
Forwarding-adjacent credibility
— you don't need to be a forwarder, but you must hold a credible conversation with a customer's COO on the FOB-to-doorstep cost stack, customs clearance, and ISF/T86/Section 321 implications.
Proven player-coach track record
— you have enabled and coached AEs, run deal reviews, and built sales playbooks — not just hit personal quota.
Strong network
in Chinese BtC e-commerce — TikTok Shop sellers, Amazon top sellers, DTC brands, e-commerce aggregators, Shenzhen/Shanghai cross-border seller communities.
Fluency in English and Mandarin
— able to write external proposals in English and pitch directly in Mandarin to founder/CEO audiences.
Comfort with ambiguity
— this is a new role; you will define the playbook, the cross-sell motion, and the comp model alongside leadership.
Bachelor's degree
; MBA or equivalent operating experience welcome.
Travel:
30–40% — across Greater Bay Area and Shanghai, plus 1–2 US trips per year for global Omni alignment.
Why This Role
This is the highest-leverage commercial role we are hiring in Greater China in 2026. The Chinese cross-border BtC e-commerce sector is USD 200B+ and growing 20%+ year-on-year — and nearly every seller in that segment is forced to stitch together a forwarder, a US 3PL, parcel, and returns from four different vendors. Flexport is the only player who can deliver all four under one roof. Whoever takes this role will define how the world's largest export market reaches the world's largest consumer market — on Flexport.
Commitment to Equal Opportunity
At Flexport, our ability to fulfill our mission of making global commerce easy and accessible relies on having a diverse, dedicated and engaged workforce. All qualified applicants will receive consideration for employment regardless of race, color, religion, sex, national origin, age, physical and mental disability, health status, marital and family status, sexual orientation, gender identity and expression, military and veteran status, and any other characteristic protected by applicable law.
Global Data Privacy Notice for Job Candidates and Applicants
Depending on your location, the General Data Protection Regulation (GDPR) and California Consumer Privacy Act (CCPA) may regulate the way we manage the data of job applicants. By submitting your application, you are agreeing to our use and processing of your data as required. Please see our Privacy Notice available at
www.flexport.com/privacy
for additional information.",Flexport,"Senior Business Development Manager, Omnichannel","Shanghai, China",Business/Ops,Node.js,Bachelor,Fluent/Professional,3.0,,0,,Node.js,JD 明确要求约 3+ 年经验
Flexport,flexport,Staff Product Manager,Shenzhen,"&lt;div class=&quot;content-intro&quot;&gt;&lt;h2&gt;&lt;strong&gt;About Flexport:&amp;nbsp;&lt;/strong&gt;&lt;/h2&gt;
&lt;p&gt;At Flexport, we believe global trade can move the human race forward. That’s why it’s our mission to make global commerce so easy there will be more of it. We’re shaping the future of a $10T industry with solutions powered by innovative technology and exceptional people. Today, companies of all sizes—from emerging brands to Fortune 500s—use Flexport technology to move more than $19B of merchandise across 112 countries a year.&amp;nbsp;&lt;/p&gt;
&lt;p&gt;The recent global supply chain crisis has put Flexport center stage as we continue to play a pivotal role in how goods move around the world. We are proud to have the support of the best investors in the game who believe in our mission, solutions and people. Ready to tackle global challenges that impact business, society, and the environment? Come join us.&lt;/p&gt;&lt;/div&gt;&lt;p&gt;The Opportunity&lt;/p&gt;
&lt;p&gt;&amp;nbsp;&lt;/p&gt;
&lt;p&gt;We&#39;re seeking a Staff Product Manager to own Flexport&#39;s Catalog, Search, and Booking roadmap within Commerce Tech. You&#39;ll work with two engineering teams and data science to improve the quality of our product catalog (~300k service offerings), ensure clients and operators can discover offerings effectively, and deliver a friction-free booking experience.&lt;/p&gt;
&lt;p&gt;&amp;nbsp;&lt;/p&gt;
&lt;p&gt;This role&#39;s importance grows as Flexport exposes these functions directly to clients through our Instant Price &amp;amp; Book initiative. Gaps absorbed internally today must be hardened for external users who expect seamless experiences.&lt;/p&gt;
&lt;p&gt;&amp;nbsp;&lt;/p&gt;
&lt;p&gt;Key Responsibilities&lt;/p&gt;
&lt;p&gt;&amp;nbsp;&lt;/p&gt;
&lt;p&gt;- Own and drive the product roadmap for Catalog, Search, and Booking over a multi-year horizon, aligned to strategic company initiatives.&lt;/p&gt;
&lt;p&gt;- Lead cross-functional teams of engineers, data scientists, designers, and operations specialists across two engineering teams and partner dependencies.&lt;/p&gt;
&lt;p&gt;- Work directly with executive leadership and senior business stakeholders across all modes and geographies to secure buy-in for client-facing experiences.&lt;/p&gt;
&lt;p&gt;- Define end-to-end customer experience requirements, translating complex business needs into clear technical requirements with a bias towards simplicity.&lt;/p&gt;
&lt;p&gt;- Establish and maintain catalog quality metrics, ensuring offerings are comprehensive, differentiated, and discoverable.&lt;/p&gt;
&lt;p&gt;- Lead change management for cross-domain projects, standardising system boundaries and processes across modes and regions.&lt;/p&gt;
&lt;p&gt;- Own deployment best practices, process monitoring, and operational metrics for services and interfaces within scope.&lt;/p&gt;
&lt;p&gt;- Make data-driven decisions using self-serve analytics to manage the team&#39;s progress and impact.&lt;/p&gt;
&lt;p&gt;&amp;nbsp;&lt;/p&gt;
&lt;p&gt;Job Requirements&lt;/p&gt;
&lt;p&gt;&amp;nbsp;&lt;/p&gt;
&lt;p&gt;- 8+ years of experience as a Product Manager; experience with enterprise software and/or supply chain is a plus.&lt;/p&gt;
&lt;p&gt;- A track record of creating scalable, closed-loop workflows in complex, multi-input environments.&lt;/p&gt;
&lt;p&gt;- Technical competence — may not be an expert, but can talk shop with the best of them.&lt;/p&gt;
&lt;p&gt;- Experience collaborating with and inspiring engineering teams with a focus on accelerating development velocity.&lt;/p&gt;
&lt;p&gt;- Strong communication and presentation skills, with the ability to articulate prioritisation decisions clearly to senior leadership.&lt;/p&gt;
&lt;p&gt;- Ability to manage multiple projects simultaneously and meet deadlines in a fast-paced environment.&lt;/p&gt;
&lt;p&gt;- Experience leading change management for cross-domain projects in a global organisation spanning multiple time zones.&lt;/p&gt;
&lt;p&gt;- Demonstrated ability to take imperfect data and ambiguous situations and determine a path forward.&lt;/p&gt;
&lt;p&gt;&amp;nbsp;&lt;/p&gt;&lt;div class=&quot;content-conclusion&quot;&gt;&lt;div id=&quot;1704749847.557549&quot; class=&quot;c-virtual_list__item&quot; data-qa=&quot;virtual-list-item&quot; data-item-key=&quot;1704749847.557549&quot;&gt;
&lt;div class=&quot;c-message_kit__background p-message_pane_message__message c-message_kit__message&quot; data-qa=&quot;message_container&quot; data-qa-unprocessed=&quot;false&quot; data-qa-placeholder=&quot;false&quot;&gt;
&lt;div class=&quot;c-message_kit__hover&quot; data-qa-hover=&quot;true&quot;&gt;
&lt;div class=&quot;c-message_kit__actions c-message_kit__actions--default&quot;&gt;
&lt;div class=&quot;c-message_kit__gutter&quot;&gt;
&lt;div class=&quot;c-message_kit__gutter__right&quot; data-qa=&quot;message_content&quot;&gt;
&lt;div class=&quot;c-message_kit__blocks c-message_kit__blocks--rich_text&quot;&gt;
&lt;div class=&quot;c-message__message_blocks c-message__message_blocks--rich_text&quot; data-qa=&quot;message-text&quot;&gt;
&lt;div class=&quot;p-block_kit_renderer&quot; data-qa=&quot;block-kit-renderer&quot;&gt;
&lt;div class=&quot;p-block_kit_renderer__block_wrapper p-block_kit_renderer__block_wrapper--first&quot;&gt;
&lt;div class=&quot;p-rich_text_block&quot;&gt;
&lt;h4&gt;Commitment to Equal Opportunity&lt;/h4&gt;
&lt;p&gt;At Flexport, our ability to fulfill our mission of making global commerce easy and accessible relies on having a diverse, dedicated and engaged workforce. All qualified applicants will receive consideration for employment regardless of race, color, religion, sex, national origin, age, physical and mental disability, health status, marital and family status, sexual orientation, gender identity and expression, military and veteran status, and any other characteristic protected by applicable law.&lt;/p&gt;
&lt;h4&gt;Global Data Privacy Notice for Job Candidates and Applicants&lt;/h4&gt;
&lt;p&gt;Depending on your location, the General Data Protection Regulation (GDPR) and California Consumer Privacy Act (CCPA) may regulate the way we manage the data of job applicants.&amp;nbsp;By submitting your application, you are agreeing to our use and processing of your data as required. Please see our Privacy Notice available at&amp;nbsp;&lt;a href=&quot;http://www.flexport.com/privacy&quot; target=&quot;_blank&quot; data-saferedirecturl=&quot;https://www.google.com/url?q=http://www.flexport.com/privacy&amp;amp;source=gmail&amp;amp;ust=1613840050053000&amp;amp;usg=AFQjCNHD63svlkD-hWHlGuGOM_bSYVrnpw&quot;&gt;www.flexport.com/privacy&lt;/a&gt;&amp;nbsp;for additional information.&lt;/p&gt;
&lt;/div&gt;
&lt;/div&gt;
&lt;/div&gt;
&lt;/div&gt;
&lt;/div&gt;
&lt;/div&gt;
&lt;/div&gt;
&lt;/div&gt;
&lt;/div&gt;
&lt;/div&gt;
&lt;/div&gt;&lt;/div&gt;",https://job-boards.greenhouse.io/flexport/jobs/8011493,2026-06-18T04:02:43-04:00,2026-07-09T19:28:21-04:00,False,greenhouse_api,2026-08-12,"About Flexport:
At Flexport, we believe global trade can move the human race forward. That’s why it’s our mission to make global commerce so easy there will be more of it. We’re shaping the future of a $10T industry with solutions powered by innovative technology and exceptional people. Today, companies of all sizes—from emerging brands to Fortune 500s—use Flexport technology to move more than $19B of merchandise across 112 countries a year.
The recent global supply chain crisis has put Flexport center stage as we continue to play a pivotal role in how goods move around the world. We are proud to have the support of the best investors in the game who believe in our mission, solutions and people. Ready to tackle global challenges that impact business, society, and the environment? Come join us.
The Opportunity
We're seeking a Staff Product Manager to own Flexport's Catalog, Search, and Booking roadmap within Commerce Tech. You'll work with two engineering teams and data science to improve the quality of our product catalog (~300k service offerings), ensure clients and operators can discover offerings effectively, and deliver a friction-free booking experience.
This role's importance grows as Flexport exposes these functions directly to clients through our Instant Price & Book initiative. Gaps absorbed internally today must be hardened for external users who expect seamless experiences.
Key Responsibilities
- Own and drive the product roadmap for Catalog, Search, and Booking over a multi-year horizon, aligned to strategic company initiatives.
- Lead cross-functional teams of engineers, data scientists, designers, and operations specialists across two engineering teams and partner dependencies.
- Work directly with executive leadership and senior business stakeholders across all modes and geographies to secure buy-in for client-facing experiences.
- Define end-to-end customer experience requirements, translating complex business needs into clear technical requirements with a bias towards simplicity.
- Establish and maintain catalog quality metrics, ensuring offerings are comprehensive, differentiated, and discoverable.
- Lead change management for cross-domain projects, standardising system boundaries and processes across modes and regions.
- Own deployment best practices, process monitoring, and operational metrics for services and interfaces within scope.
- Make data-driven decisions using self-serve analytics to manage the team's progress and impact.
Job Requirements
- 8+ years of experience as a Product Manager; experience with enterprise software and/or supply chain is a plus.
- A track record of creating scalable, closed-loop workflows in complex, multi-input environments.
- Technical competence — may not be an expert, but can talk shop with the best of them.
- Experience collaborating with and inspiring engineering teams with a focus on accelerating development velocity.
- Strong communication and presentation skills, with the ability to articulate prioritisation decisions clearly to senior leadership.
- Ability to manage multiple projects simultaneously and meet deadlines in a fast-paced environment.
- Experience leading change management for cross-domain projects in a global organisation spanning multiple time zones.
- Demonstrated ability to take imperfect data and ambiguous situations and determine a path forward.
Commitment to Equal Opportunity
At Flexport, our ability to fulfill our mission of making global commerce easy and accessible relies on having a diverse, dedicated and engaged workforce. All qualified applicants will receive consideration for employment regardless of race, color, religion, sex, national origin, age, physical and mental disability, health status, marital and family status, sexual orientation, gender identity and expression, military and veteran status, and any other characteristic protected by applicable law.
Global Data Privacy Notice for Job Candidates and Applicants
Depending on your location, the General Data Protection Regulation (GDPR) and California Consumer Privacy Act (CCPA) may regulate the way we manage the data of job applicants. By submitting your application, you are agreeing to our use and processing of your data as required. Please see our Privacy Notice available at
www.flexport.com/privacy
for additional information.",Flexport,Staff Product Manager ,"Shenzhen, China",Product/UX,,Not specified,Not specified,8.0,,0,,,JD 明确要求约 8+ 年经验
Speechify,speechify,"Senior Software Engineer, Windows/Desktop Applications - Shanghai, China",Shanghai,"&lt;div class=&quot;p-rich_text_section&quot;&gt;&lt;strong data-stringify-type=&quot;bold&quot;&gt;Mission&lt;/strong&gt;&lt;/div&gt;
&lt;div class=&quot;p-rich_text_section&quot;&gt;
&lt;p&gt;The mission of Speechify is to make sure that reading is never a barrier to learning.&lt;/p&gt;
&lt;p&gt;Over 50 million people use Speechify’s text-to-speech products to turn whatever they’re reading – PDFs, books, Google Docs, news articles, websites – into audio, so they can read faster, read more, and remember more. Speechify’s text-to-speech reading products include its iOS app, Android App, Mac App, Chrome Extension, and Web App. Google recently named Speechify the Chrome Extension of the Year and Apple named Speechify its 2025 Design Award winner for Inclusivity.&amp;nbsp;&amp;nbsp;&lt;/p&gt;
&lt;p&gt;Today, nearly 200 people around the globe work on Speechify in a 100% distributed setting – Speechify has no office. These include frontend and backend engineers, AI research scientists, and others from Amazon, Microsoft, and Google, leading PhD programs like Stanford, high growth startups like Stripe, Vercel, Bolt, and many founders of their own companies&lt;/p&gt;
&lt;/div&gt;
&lt;div class=&quot;p-rich_text_section&quot;&gt;&lt;strong data-stringify-type=&quot;bold&quot;&gt;What You’ll Do&lt;/strong&gt;&lt;/div&gt;
&lt;div class=&quot;p-rich_text_section&quot;&gt;
&lt;ul&gt;
&lt;li&gt;Lead the design, architecture, and development of native Windows desktop applications using Windows App SDK, WinUI (or related UI frameworks), C#, XAML, and — when needed — C++.&lt;/li&gt;
&lt;li&gt;Define and enforce best-practices for Windows desktop development across the codebase: code architecture, performance, memory usage, responsive UI, cross-version compatibility (Windows 10/11+), and maintainability.&lt;/li&gt;
&lt;li&gt;Drive accessibility efforts: integrate and validate support for accessibility APIs (e.g. Microsoft UI Automation or other relevant Windows accessibility frameworks), ensure UI controls, focus management, keyboard navigation, screen-reader support, and usability for users with disabilities.&lt;/li&gt;
&lt;li&gt;Collaborate closely with product designers, UX researchers, QA, and other stakeholders to shape feature planning, UI/UX architecture, and long-term roadmap for the Windows platform.&lt;/li&gt;
&lt;li&gt;Take ownership of full lifecycle of features: conception → design → implementation → testing → release → maintenance. Ensure quality, reliability, and consistency across releases.&lt;/li&gt;
&lt;li&gt;Identify, diagnose, and resolve complex bugs, performance bottlenecks, memory leaks, rendering issues, or compatibility problems — and propose robust architectural or design solutions.&lt;/li&gt;
&lt;/ul&gt;
&lt;/div&gt;
&lt;div class=&quot;p-rich_text_section&quot;&gt;&amp;nbsp;&lt;/div&gt;
&lt;div class=&quot;p-rich_text_section&quot;&gt;&lt;strong data-stringify-type=&quot;bold&quot;&gt;An ideal candidate should have&lt;/strong&gt;&lt;/div&gt;
&lt;p&gt;&lt;strong&gt;Required:&lt;/strong&gt;&lt;/p&gt;
&lt;ul&gt;
&lt;li&gt;3+ in Windows desktop application development using Windows App SDK, WinUI (or similar), C#, XAML — and ideally additional experience with native Windows code (C++, Win32/WinRT/COM).&lt;/li&gt;
&lt;li&gt;Deep understanding of Windows application architecture, including interop between managed code (.NET) and native code.&lt;/li&gt;
&lt;li&gt;Proven track record of designing, building, and shipping production-quality desktop applications, with an emphasis on reliability, performance, scalability, and maintainability.&lt;/li&gt;
&lt;li&gt;Strong experience with accessibility APIs on Windows (e.g. Microsoft UI Automation or similar), and a dedication to building accessible and inclusive software.&lt;/li&gt;
&lt;li&gt;Excellent software engineering fundamentals: OOP, design patterns, data structures, algorithms, memory management, multi-threading or asynchronous programming (where relevant).&lt;/li&gt;
&lt;li&gt;Experience leading technical design, mentoring other engineers, conducting code reviews, and making architecture-level decisions.&lt;/li&gt;
&lt;li&gt;Strong communication skills; ability to articulate tradeoffs, collaborate with cross-functional teams, and drive consensus.&lt;/li&gt;
&lt;li&gt;A user-centric mindset: focus on building polished, intuitive, and accessible experiences for end users.&lt;/li&gt;
&lt;/ul&gt;
&lt;p&gt;&lt;strong&gt;Preferred / Bonus:&lt;/strong&gt;&lt;/p&gt;
&lt;ul&gt;
&lt;li&gt;Experience with writing automated tests for UI — unit tests, integration tests, UI automation tests; familiarity with relevant testing frameworks.&lt;/li&gt;
&lt;li&gt;Experience with performance optimization for desktop apps (memory usage, startup time, rendering performance, high-DPI support, responsiveness under load).&lt;/li&gt;
&lt;li&gt;Experience with localization/globalization, right-to-left UI support, internationalization, accessibility for multiple regions.&lt;/li&gt;
&lt;li&gt;Familiarity with telemetry, analytics, crash reporting, logging, and error monitoring in desktop applications.&lt;/li&gt;
&lt;li&gt;Previous experience in shaping CI/CD workflows, release pipelines, and deployment strategies for desktop applications.&lt;/li&gt;
&lt;li&gt;Demonstrated ability to take ownership of feature areas or modules and drive them long-term, including maintenance, refactoring, and technical debt management.&lt;/li&gt;
&lt;/ul&gt;
&lt;p&gt;&lt;strong data-stringify-type=&quot;bold&quot;&gt;What we offer&lt;/strong&gt;&lt;/p&gt;
&lt;ul&gt;
&lt;li&gt;A high-impact role: you will define architecture, shape the future of our Windows product, and directly influence what millions of users see and experience.&lt;/li&gt;
&lt;li&gt;A collaborative, flat-structure engineering culture — you are not just a coder, but a builder and a decision-maker.&lt;/li&gt;
&lt;li&gt;Opportunities to lead — mentor others, steer technical direction, and grow into broader technical leadership (e.g. Tech Lead, Architect).&lt;/li&gt;
&lt;li&gt;Flexibility, autonomy, and responsibility: you define how to solve problems, own features end-to-end, and contribute to long-term product vision.&lt;/li&gt;
&lt;li&gt;A purpose-driven mission: building software that’s reliable, accessible, and user-centered — making a real difference for people.&amp;nbsp; &amp;nbsp; &amp;nbsp; &amp;nbsp; &amp;nbsp; &amp;nbsp; &amp;nbsp; &amp;nbsp; &amp;nbsp;&amp;nbsp;&lt;/li&gt;
&lt;/ul&gt;
&lt;p&gt;&lt;strong data-stringify-type=&quot;bold&quot;&gt;Think you’re a good fit for this job?&amp;nbsp;&lt;/strong&gt;&lt;/p&gt;
&lt;p&gt;Tell us more about yourself and why you&#39;re interested in the role when you apply.&lt;br&gt;And don’t forget to include links to your portfolio and LinkedIn.&lt;/p&gt;
&lt;p&gt;&lt;strong data-stringify-type=&quot;bold&quot;&gt;Not looking but know someone who would make a great fit?&amp;nbsp;&lt;/strong&gt;&lt;br&gt;Refer them!&amp;nbsp;&lt;/p&gt;
&lt;p&gt;&lt;strong data-stringify-type=&quot;bold&quot;&gt;Speechify is committed to a diverse and inclusive workplace.&amp;nbsp;&lt;/strong&gt;&lt;br&gt;Speechify does not discriminate on the basis of race, national origin, gender, gender identity, sexual orientation, protected veteran status, disability, age, or other legally protected status.&lt;/p&gt;",https://job-boards.greenhouse.io/speechify/jobs/5974949004,2025-12-02T16:26:45-05:00,2026-07-24T10:19:17-04:00,False,greenhouse_api,2026-08-12,"Mission
The mission of Speechify is to make sure that reading is never a barrier to learning.
Over 50 million people use Speechify’s text-to-speech products to turn whatever they’re reading – PDFs, books, Google Docs, news articles, websites – into audio, so they can read faster, read more, and remember more. Speechify’s text-to-speech reading products include its iOS app, Android App, Mac App, Chrome Extension, and Web App. Google recently named Speechify the Chrome Extension of the Year and Apple named Speechify its 2025 Design Award winner for Inclusivity.
Today, nearly 200 people around the globe work on Speechify in a 100% distributed setting – Speechify has no office. These include frontend and backend engineers, AI research scientists, and others from Amazon, Microsoft, and Google, leading PhD programs like Stanford, high growth startups like Stripe, Vercel, Bolt, and many founders of their own companies
What You’ll Do
Lead the design, architecture, and development of native Windows desktop applications using Windows App SDK, WinUI (or related UI frameworks), C#, XAML, and — when needed — C++.
Define and enforce best-practices for Windows desktop development across the codebase: code architecture, performance, memory usage, responsive UI, cross-version compatibility (Windows 10/11+), and maintainability.
Drive accessibility efforts: integrate and validate support for accessibility APIs (e.g. Microsoft UI Automation or other relevant Windows accessibility frameworks), ensure UI controls, focus management, keyboard navigation, screen-reader support, and usability for users with disabilities.
Collaborate closely with product designers, UX researchers, QA, and other stakeholders to shape feature planning, UI/UX architecture, and long-term roadmap for the Windows platform.
Take ownership of full lifecycle of features: conception → design → implementation → testing → release → maintenance. Ensure quality, reliability, and consistency across releases.
Identify, diagnose, and resolve complex bugs, performance bottlenecks, memory leaks, rendering issues, or compatibility problems — and propose robust architectural or design solutions.
An ideal candidate should have
Required:
3+ in Windows desktop application development using Windows App SDK, WinUI (or similar), C#, XAML — and ideally additional experience with native Windows code (C++, Win32/WinRT/COM).
Deep understanding of Windows application architecture, including interop between managed code (.NET) and native code.
Proven track record of designing, building, and shipping production-quality desktop applications, with an emphasis on reliability, performance, scalability, and maintainability.
Strong experience with accessibility APIs on Windows (e.g. Microsoft UI Automation or similar), and a dedication to building accessible and inclusive software.
Excellent software engineering fundamentals: OOP, design patterns, data structures, algorithms, memory management, multi-threading or asynchronous programming (where relevant).
Experience leading technical design, mentoring other engineers, conducting code reviews, and making architecture-level decisions.
Strong communication skills; ability to articulate tradeoffs, collaborate with cross-functional teams, and drive consensus.
A user-centric mindset: focus on building polished, intuitive, and accessible experiences for end users.
Preferred / Bonus:
Experience with writing automated tests for UI — unit tests, integration tests, UI automation tests; familiarity with relevant testing frameworks.
Experience with performance optimization for desktop apps (memory usage, startup time, rendering performance, high-DPI support, responsiveness under load).
Experience with localization/globalization, right-to-left UI support, internationalization, accessibility for multiple regions.
Familiarity with telemetry, analytics, crash reporting, logging, and error monitoring in desktop applications.
Previous experience in shaping CI/CD workflows, release pipelines, and deployment strategies for desktop applications.
Demonstrated ability to take ownership of feature areas or modules and drive them long-term, including maintenance, refactoring, and technical debt management.
What we offer
A high-impact role: you will define architecture, shape the future of our Windows product, and directly influence what millions of users see and experience.
A collaborative, flat-structure engineering culture — you are not just a coder, but a builder and a decision-maker.
Opportunities to lead — mentor others, steer technical direction, and grow into broader technical leadership (e.g. Tech Lead, Architect).
Flexibility, autonomy, and responsibility: you define how to solve problems, own features end-to-end, and contribute to long-term product vision.
A purpose-driven mission: building software that’s reliable, accessible, and user-centered — making a real difference for people.
Think you’re a good fit for this job?
Tell us more about yourself and why you're interested in the role when you apply.
And don’t forget to include links to your portfolio and LinkedIn.
Not looking but know someone who would make a great fit?
Refer them!
Speechify is committed to a diverse and inclusive workplace.
Speechify does not discriminate on the basis of race, national origin, gender, gender identity, sexual orientation, protected veteran status, disability, age, or other legally protected status.",Speechify,"Senior Software Engineer, Windows/Desktop Applications - Shanghai, China","Shanghai, China",Software/Cloud,REST API; CI/CD,PhD,Not specified,,,0,,CI/CD; REST API,学历要求为 PhD，当前学历层级为 Bachelor
The Trade Desk,thetradedesk,Sr Accountant,Shanghai,"&lt;div class=&quot;content-intro&quot;&gt;&lt;p&gt;The Trade Desk is a global technology company and the world’s leading independent platform for digital advertising, with nearly 4,000 employees across more than 30 offices. Our technology helps advertisers reach the right audiences across the open internet — from streaming TV and podcasts to mobile apps, news, and more.&amp;nbsp; &lt;br&gt;&lt;br&gt;Advertising powers the content people love. By making it more transparent, effective, and responsible, we help support trusted journalism, quality entertainment, and creators worldwide. The world’s brands and agencies rely on us to reach their customers and grow their businesses responsibly. &lt;br&gt;&lt;br&gt;The scale of our platform brings unique technical challenges — from processing massive datasets in real time to building systems that operate reliably on a global scale. When you work here, your impact is worldwide. We welcome diverse perspectives, encourage curiosity, and build teams that learn from one another. If you’re driven to solve meaningful challenges, we’d love to meet you.&lt;/p&gt;&lt;/div&gt;&lt;p&gt;&lt;strong&gt;Who we are&lt;/strong&gt;&lt;/p&gt;
&lt;p&gt;The Trade Desk is changing the way global brands and their agencies advertise to audiences around the world. How? With a media-buying platform that helps brands deliver a more insightful and relevant ad experience for consumers — and sets a new standard for global reach, accuracy, and transparency. We are proud of the culture we have built. We value the unique experiences and perspectives that each person brings to The Trade Desk, and we are committed to fostering inclusive spaces where everyone can bring their authentic selves to work every day.&lt;/p&gt;
&lt;p&gt;So if you’re talented, driven, creative, and hungry to join a dynamic, globally-connected team, then we want to talk!&lt;/p&gt;
&lt;p&gt;The Trade Desk is seeking a China country specialist at the Senior Accountant level based in our Shanghai office. Reporting to the Assistant Controller, a successful candidate will have a good understanding of financial accounting and China compliance and tax requirements, be hands-on in resolving accounting operation issues and able to provide solutions drawing on past experiences. The Senior Accountant will work as an individual contributor and collaborate with other stakeholders (e.g., stakeholders within the organization, external third-party consultants, external auditors, etc.)&lt;/p&gt;
&lt;p&gt;&lt;strong&gt;What you’ll do &lt;/strong&gt;&lt;/p&gt;
&lt;ul&gt;
&lt;li&gt;Perform month end close tasks including but not limited to, preparation of journal entries for cash activities, accruals, reserves, intercompany transactions and other business transactions, account reconciliations and reporting under US GAAP and China GAAP for China legal entities.&lt;/li&gt;
&lt;li&gt;Collect, compile, verify and analyze information required for the preparation of statutory and compliance reports, including preparation or review of financial statements, analytical reports and regulatory or tax filings (i.e. VAT and CIT declarations).&lt;/li&gt;
&lt;li&gt;Manage third party external service providers that provide statutory compliance, tax consultancy, treasury, and statutory audit.&lt;/li&gt;
&lt;li&gt;Act as the first point of contact for local tax authorities in China and respond to their requests in timely manner.&lt;/li&gt;
&lt;li&gt;Collaborate with accounting operations functions, including credit and collections, accounts payable, payroll and stock admin teams, to provide country-level support.&lt;/li&gt;
&lt;li&gt;Act as a finance business partner for business, engineering and support teams in China, assisting internal stakeholders while escalating concerns to appropriate levels of the controllership organization.&lt;/li&gt;
&lt;li&gt;Develop initiatives or takes on duties in process improvement and reporting enhancement projects with the goal of promoting efficiency, effective customer service and/or improved employee relations.&lt;/li&gt;
&lt;li&gt;Builds strong working relationships with internal and external stakeholders, with the ability to steer through organizational mazes to get things done.&lt;/li&gt;
&lt;li&gt;Understand organizational processes and make recommendations when adopting global standards to local practices.&lt;/li&gt;
&lt;li&gt;Operate as a country financial liaison providing early alerts on accounting and finance concerns to appropriate levels of the organization.&lt;/li&gt;
&lt;li&gt;Support new initiatives and special projects, as required.&lt;/li&gt;
&lt;/ul&gt;
&lt;p&gt;&lt;strong&gt;Who you are&lt;/strong&gt;&lt;/p&gt;
&lt;ul&gt;
&lt;li&gt;7+ years of progressive experience in accounting, tax and compliance at a US technology company.&lt;/li&gt;
&lt;li&gt;Knowledge in China GAAP, application of local tax and compliance regulations is a must. Previous Big 4 audit experience is a plus.&lt;/li&gt;
&lt;li&gt;Bachelor&#39;s degree in finance/accounting, CICPA preferred.&lt;/li&gt;
&lt;li&gt;Skilled Oracle or ERP system user, with, or interested in, working with more technical/data driven tools.&lt;/li&gt;
&lt;li&gt;Detail-oriented self-starter with a strong sense of ownership, ability to work independently and see tasks/projects through to completion, meet deadlines and escalate matters, with little to no supervision.&lt;/li&gt;
&lt;li&gt;Able to make effective and independent judgment, take appropriate courses of action, develop creative solutions to difficult problems and manage diverse and conflicting priorities.&lt;/li&gt;
&lt;li&gt;Highly collaborative and enjoy partnering with others to seek out opportunities to improve process and efficiencies across the organization.&lt;/li&gt;
&lt;li&gt;Analytically driven with the ability to present information persuasively and effectively through writing, presentations and spreadsheets.&lt;/li&gt;
&lt;li&gt;Excellent command of English, both oral and written, and comfortable working in an English-speaking environment.&lt;/li&gt;
&lt;/ul&gt;
&lt;p&gt;&amp;nbsp;&lt;/p&gt;
&lt;p&gt;The Trade Desk does not accept unsolicited resumes from search firm recruiters. Fees will not be paid in the event a candidate submitted by a recruiter without an agreement in place is hired; such resumes will be deemed the sole property of The Trade Desk. The Trade Desk is an equal opportunity employer. All aspects of employment will be based on merit, competence, performance, and business needs. We do not discriminate on the basis of race, color, religion, marital status, age, national origin, ancestry, physical or mental disability, medical condition, pregnancy, genetic information, gender, sexual orientation, gender identity or expression, veteran status, or any other status protected under federal, state, or local law.&lt;/p&gt;&lt;div class=&quot;content-conclusion&quot;&gt;&lt;p&gt;&lt;/p&gt;
&lt;p&gt;As an Equal Opportunity Employer, The Trade Desk is committed to creating an inclusive hiring experience where everyone has the opportunity to thrive.&lt;/p&gt;
&lt;p&gt;Please reach out to us at&amp;nbsp;&lt;a href=&quot;mailto:accommodations@thetradedesk.com&quot; target=&quot;_blank&quot;&gt;accommodations@​thetradedesk.​com&lt;/a&gt;&amp;nbsp;to request an accommodation or discuss any accessibility needs you may require to access our Company Website or navigate any part of the hiring process.&amp;nbsp;&lt;/p&gt;
&lt;p&gt;When you contact us, please include your preferred contact details and specify the nature of your accommodation request or questions. Any information you share will be handled confidentially and will not impact our hiring decisions.&lt;/p&gt;
&lt;p&gt;&lt;/p&gt;&lt;/div&gt;",https://job-boards.greenhouse.io/thetradedesk/jobs/5139683007,2026-05-20T22:10:09-04:00,2026-07-20T14:55:44-04:00,False,greenhouse_api,2026-08-12,"The Trade Desk is a global technology company and the world’s leading independent platform for digital advertising, with nearly 4,000 employees across more than 30 offices. Our technology helps advertisers reach the right audiences across the open internet — from streaming TV and podcasts to mobile apps, news, and more.
Advertising powers the content people love. By making it more transparent, effective, and responsible, we help support trusted journalism, quality entertainment, and creators worldwide. The world’s brands and agencies rely on us to reach their customers and grow their businesses responsibly.
The scale of our platform brings unique technical challenges — from processing massive datasets in real time to building systems that operate reliably on a global scale. When you work here, your impact is worldwide. We welcome diverse perspectives, encourage curiosity, and build teams that learn from one another. If you’re driven to solve meaningful challenges, we’d love to meet you.
Who we are
The Trade Desk is changing the way global brands and their agencies advertise to audiences around the world. How? With a media-buying platform that helps brands deliver a more insightful and relevant ad experience for consumers — and sets a new standard for global reach, accuracy, and transparency. We are proud of the culture we have built. We value the unique experiences and perspectives that each person brings to The Trade Desk, and we are committed to fostering inclusive spaces where everyone can bring their authentic selves to work every day.
So if you’re talented, driven, creative, and hungry to join a dynamic, globally-connected team, then we want to talk!
The Trade Desk is seeking a China country specialist at the Senior Accountant level based in our Shanghai office. Reporting to the Assistant Controller, a successful candidate will have a good understanding of financial accounting and China compliance and tax requirements, be hands-on in resolving accounting operation issues and able to provide solutions drawing on past experiences. The Senior Accountant will work as an individual contributor and collaborate with other stakeholders (e.g., stakeholders within the organization, external third-party consultants, external auditors, etc.)
What you’ll do
Perform month end close tasks including but not limited to, preparation of journal entries for cash activities, accruals, reserves, intercompany transactions and other business transactions, account reconciliations and reporting under US GAAP and China GAAP for China legal entities.
Collect, compile, verify and analyze information required for the preparation of statutory and compliance reports, including preparation or review of financial statements, analytical reports and regulatory or tax filings (i.e. VAT and CIT declarations).
Manage third party external service providers that provide statutory compliance, tax consultancy, treasury, and statutory audit.
Act as the first point of contact for local tax authorities in China and respond to their requests in timely manner.
Collaborate with accounting operations functions, including credit and collections, accounts payable, payroll and stock admin teams, to provide country-level support.
Act as a finance business partner for business, engineering and support teams in China, assisting internal stakeholders while escalating concerns to appropriate levels of the controllership organization.
Develop initiatives or takes on duties in process improvement and reporting enhancement projects with the goal of promoting efficiency, effective customer service and/or improved employee relations.
Builds strong working relationships with internal and external stakeholders, with the ability to steer through organizational mazes to get things done.
Understand organizational processes and make recommendations when adopting global standards to local practices.
Operate as a country financial liaison providing early alerts on accounting and finance concerns to appropriate levels of the organization.
Support new initiatives and special projects, as required.
Who you are
7+ years of progressive experience in accounting, tax and compliance at a US technology company.
Knowledge in China GAAP, application of local tax and compliance regulations is a must. Previous Big 4 audit experience is a plus.
Bachelor's degree in finance/accounting, CICPA preferred.
Skilled Oracle or ERP system user, with, or interested in, working with more technical/data driven tools.
Detail-oriented self-starter with a strong sense of ownership, ability to work independently and see tasks/projects through to completion, meet deadlines and escalate matters, with little to no supervision.
Able to make effective and independent judgment, take appropriate courses of action, develop creative solutions to difficult problems and manage diverse and conflicting priorities.
Highly collaborative and enjoy partnering with others to seek out opportunities to improve process and efficiencies across the organization.
Analytically driven with the ability to present information persuasively and effectively through writing, presentations and spreadsheets.
Excellent command of English, both oral and written, and comfortable working in an English-speaking environment.
The Trade Desk does not accept unsolicited resumes from search firm recruiters. Fees will not be paid in the event a candidate submitted by a recruiter without an agreement in place is hired; such resumes will be deemed the sole property of The Trade Desk. The Trade Desk is an equal opportunity employer. All aspects of employment will be based on merit, competence, performance, and business needs. We do not discriminate on the basis of race, color, religion, marital status, age, national origin, ancestry, physical or mental disability, medical condition, pregnancy, genetic information, gender, sexual orientation, gender identity or expression, veteran status, or any other status protected under federal, state, or local law.
As an Equal Opportunity Employer, The Trade Desk is committed to creating an inclusive hiring experience where everyone has the opportunity to thrive.
Please reach out to us at
accommodations@​thetradedesk.​com
to request an accommodation or discuss any accessibility needs you may require to access our Company Website or navigate any part of the hiring process.
When you contact us, please include your preferred contact details and specify the nature of your accommodation request or questions. Any information you share will be handled confidentially and will not impact our hiring decisions.",The Trade Desk,Sr Accountant,Shanghai,Business/Ops,,Bachelor,Mentioned,,,0,,,
The Trade Desk,thetradedesk,Senior Business Development Manager (Gaming&Apps),Shanghai,"&lt;div class=&quot;content-intro&quot;&gt;&lt;p&gt;The Trade Desk is a global technology company and the world’s leading independent platform for digital advertising, with nearly 4,000 employees across more than 30 offices. Our technology helps advertisers reach the right audiences across the open internet — from streaming TV and podcasts to mobile apps, news, and more.&amp;nbsp; &lt;br&gt;&lt;br&gt;Advertising powers the content people love. By making it more transparent, effective, and responsible, we help support trusted journalism, quality entertainment, and creators worldwide. The world’s brands and agencies rely on us to reach their customers and grow their businesses responsibly. &lt;br&gt;&lt;br&gt;The scale of our platform brings unique technical challenges — from processing massive datasets in real time to building systems that operate reliably on a global scale. When you work here, your impact is worldwide. We welcome diverse perspectives, encourage curiosity, and build teams that learn from one another. If you’re driven to solve meaningful challenges, we’d love to meet you.&lt;/p&gt;&lt;/div&gt;&lt;p&gt;&lt;strong&gt;What we do &lt;/strong&gt;&lt;/p&gt;
&lt;p&gt;&lt;em&gt;&amp;nbsp;&lt;/em&gt;&lt;/p&gt;
&lt;p&gt;The Trade Desk&#39;s Business Development team specialises on finding, building, and growing strategic partnerships with the most innovative China outbound advertisers and agencies.&lt;/p&gt;
&lt;p&gt;Do you thrive on finding new ways to tackle a customer challenge? Are you a good listener who values empathy and integrity? Is your middle name ‘Grit’ and do you love collaboration, too? Do you enjoy developing long lasting, mutually beneficial relationships? Here at The Trade Desk, we&#39;re in search of a Senior Business Development Manager who is master relationship builder, strategic seller and creative problem solversto join our growing team.&lt;/p&gt;
&lt;p&gt;&lt;strong&gt;What you’ll do&amp;nbsp;&lt;/strong&gt;&lt;/p&gt;
&lt;ul&gt;
&lt;li&gt;Acquire, build, and cultivate relationships with China outbound brands.&lt;/li&gt;
&lt;li&gt;Work collectively with Client Services team to cultivate and grow accounts.&lt;/li&gt;
&lt;li&gt;Communicate the value of The Trade Desk media buying platform by presenting our core value proposition, and tailor the content to suit the needs of each audience.&lt;/li&gt;
&lt;li&gt;Identify and close strategic up-selling opportunities by understanding core client business needs.&lt;/li&gt;
&lt;li&gt;Using knowledge of the market and competitors, identify and develop the company’s unique selling propositions and differentiators.&lt;/li&gt;
&lt;li&gt;Accurately manage and communicate monthly forecasts and pipeline.&lt;/li&gt;
&lt;li&gt;Contribute to The Trade Desk culture by bringing your full self.&lt;/li&gt;
&lt;/ul&gt;
&lt;p&gt;&lt;strong&gt;Who you are &lt;/strong&gt;&lt;/p&gt;
&lt;ul&gt;
&lt;li&gt;5+ years of experience in digital advertising in outbound sales.&lt;/li&gt;
&lt;li&gt;Experience with gaming/apps vertical preferred.&lt;/li&gt;
&lt;li&gt;Programmatic platform sales experience preferred.&lt;/li&gt;
&lt;li&gt;Strong communication skills with the ability to speak with C-level clients.&lt;/li&gt;
&lt;li&gt;Existing relationships with decision-makers at China gaming/apps outbound brands a big plus.&lt;/li&gt;
&lt;li&gt;Strong quantitative and negotiation skills.&lt;/li&gt;
&lt;li&gt;Proven track record of exceeding revenue expectations.&lt;/li&gt;
&lt;li&gt;A passion and curiosity to learn.&lt;/li&gt;
&lt;li&gt;A consistent strive for excellence.&lt;/li&gt;
&lt;/ul&gt;
&lt;p&gt;&amp;nbsp;&lt;/p&gt;
&lt;p&gt;&lt;em&gt;The Trade Desk does not accept unsolicited resumes from search firm recruiters. Fees will not be paid in the event a candidate submitted by a recruiter without an agreement in place is hired; such resumes will be deemed the sole property of The Trade Desk. The Trade Desk is an equal opportunity employer. All aspects of employment will be based on merit, competence, performance, and business needs. We do not discriminate on the basis of race, color, religion, marital status, age, national origin, ancestry, physical or mental disability, medical condition, pregnancy, genetic information, gender, sexual orientation, gender identity or expression, veteran status, or any other status protected under federal, state, or local law.&lt;/em&gt;&lt;/p&gt;&lt;div class=&quot;content-conclusion&quot;&gt;&lt;p&gt;&lt;/p&gt;
&lt;p&gt;As an Equal Opportunity Employer, The Trade Desk is committed to creating an inclusive hiring experience where everyone has the opportunity to thrive.&lt;/p&gt;
&lt;p&gt;Please reach out to us at&amp;nbsp;&lt;a href=&quot;mailto:accommodations@thetradedesk.com&quot; target=&quot;_blank&quot;&gt;accommodations@​thetradedesk.​com&lt;/a&gt;&amp;nbsp;to request an accommodation or discuss any accessibility needs you may require to access our Company Website or navigate any part of the hiring process.&amp;nbsp;&lt;/p&gt;
&lt;p&gt;When you contact us, please include your preferred contact details and specify the nature of your accommodation request or questions. Any information you share will be handled confidentially and will not impact our hiring decisions.&lt;/p&gt;
&lt;p&gt;&lt;/p&gt;&lt;/div&gt;",https://job-boards.greenhouse.io/thetradedesk/jobs/5160614007,2026-06-20T00:17:40-04:00,2026-07-20T14:55:44-04:00,False,greenhouse_api,2026-08-12,"The Trade Desk is a global technology company and the world’s leading independent platform for digital advertising, with nearly 4,000 employees across more than 30 offices. Our technology helps advertisers reach the right audiences across the open internet — from streaming TV and podcasts to mobile apps, news, and more.
Advertising powers the content people love. By making it more transparent, effective, and responsible, we help support trusted journalism, quality entertainment, and creators worldwide. The world’s brands and agencies rely on us to reach their customers and grow their businesses responsibly.
The scale of our platform brings unique technical challenges — from processing massive datasets in real time to building systems that operate reliably on a global scale. When you work here, your impact is worldwide. We welcome diverse perspectives, encourage curiosity, and build teams that learn from one another. If you’re driven to solve meaningful challenges, we’d love to meet you.
What we do
The Trade Desk's Business Development team specialises on finding, building, and growing strategic partnerships with the most innovative China outbound advertisers and agencies.
Do you thrive on finding new ways to tackle a customer challenge? Are you a good listener who values empathy and integrity? Is your middle name ‘Grit’ and do you love collaboration, too? Do you enjoy developing long lasting, mutually beneficial relationships? Here at The Trade Desk, we're in search of a Senior Business Development Manager who is master relationship builder, strategic seller and creative problem solversto join our growing team.
What you’ll do
Acquire, build, and cultivate relationships with China outbound brands.
Work collectively with Client Services team to cultivate and grow accounts.
Communicate the value of The Trade Desk media buying platform by presenting our core value proposition, and tailor the content to suit the needs of each audience.
Identify and close strategic up-selling opportunities by understanding core client business needs.
Using knowledge of the market and competitors, identify and develop the company’s unique selling propositions and differentiators.
Accurately manage and communicate monthly forecasts and pipeline.
Contribute to The Trade Desk culture by bringing your full self.
Who you are
5+ years of experience in digital advertising in outbound sales.
Experience with gaming/apps vertical preferred.
Programmatic platform sales experience preferred.
Strong communication skills with the ability to speak with C-level clients.
Existing relationships with decision-makers at China gaming/apps outbound brands a big plus.
Strong quantitative and negotiation skills.
Proven track record of exceeding revenue expectations.
A passion and curiosity to learn.
A consistent strive for excellence.
The Trade Desk does not accept unsolicited resumes from search firm recruiters. Fees will not be paid in the event a candidate submitted by a recruiter without an agreement in place is hired; such resumes will be deemed the sole property of The Trade Desk. The Trade Desk is an equal opportunity employer. All aspects of employment will be based on merit, competence, performance, and business needs. We do not discriminate on the basis of race, color, religion, marital status, age, national origin, ancestry, physical or mental disability, medical condition, pregnancy, genetic information, gender, sexual orientation, gender identity or expression, veteran status, or any other status protected under federal, state, or local law.
As an Equal Opportunity Employer, The Trade Desk is committed to creating an inclusive hiring experience where everyone has the opportunity to thrive.
Please reach out to us at
accommodations@​thetradedesk.​com
to request an accommodation or discuss any accessibility needs you may require to access our Company Website or navigate any part of the hiring process.
When you contact us, please include your preferred contact details and specify the nature of your accommodation request or questions. Any information you share will be handled confidentially and will not impact our hiring decisions.",The Trade Desk,Senior Business Development Manager (Gaming&Apps),Shanghai,Business/Ops,,Master,Not specified,5.0,,0,,,JD 明确要求约 5+ 年经验；学历要求为 Master，当前学历层级为 Bachelor
Speechify,speechify,"Software Engineer, Platform - Shanghai, China",Shanghai,"&lt;p&gt;The mission of Speechify is to make sure that reading is never a barrier to learning.&lt;/p&gt;
&lt;p&gt;Over 50 million people use Speechify’s text-to-speech products to turn whatever they’re reading – PDFs, books, Google Docs, news articles, websites – into audio, so they can read faster, read more, and remember more. Speechify’s text-to-speech reading products include its iOS app, Android App, Mac App, Chrome Extension, and Web App. Google recently named Speechify the Chrome Extension of the Year and Apple named Speechify its 2025 Design Award winner for Inclusivity.&amp;nbsp;&amp;nbsp;&lt;/p&gt;
&lt;p&gt;Today, nearly 200 people around the globe work on Speechify in a 100% distributed setting – Speechify has no office. These include frontend and backend engineers, AI research scientists, and others from Amazon, Microsoft, and Google, leading PhD programs like Stanford, high growth startups like Stripe, Vercel, Bolt, and many founders of their own companies.&lt;/p&gt;
&lt;p&gt;&lt;strong&gt;Overview&lt;/strong&gt;&lt;/p&gt;
&lt;p data-speechify-sentence=&quot;&quot;&gt;The responsibilities of our Platform team include building and maintaining all backend services, including, but not limited to, payments, analytics, subscriptions, new products, text to speech, and external APIs.&lt;/p&gt;
&lt;p data-speechify-sentence=&quot;&quot;&gt;This is a key role and ideal for someone who thinks strategically, enjoys fast-paced environments, is passionate about making product decisions, and has experience building great user experiences that delight users.&lt;/p&gt;
&lt;p data-speechify-sentence=&quot;&quot;&gt;We are a flat organization that allows anyone to become a leader by showing excellent technical skills and delivering results consistently and fast. Work ethic, solid communication skills, and obsession with winning are paramount.&amp;nbsp;&lt;/p&gt;
&lt;p data-speechify-sentence=&quot;&quot;&gt;Our interview process involves several technical interviews and we aim to complete them within 1 week.&amp;nbsp;&lt;/p&gt;
&lt;p&gt;&lt;strong&gt;What Yo&lt;/strong&gt;&lt;strong&gt;u’&lt;/strong&gt;&lt;strong&gt;ll Do&lt;/strong&gt;&lt;/p&gt;
&lt;ul&gt;
&lt;li data-speechify-sentence=&quot;&quot;&gt;Design, develop, and maintain robust APIs including public TTS API, internal APIs like Payment, Subscription, Auth and Consumption Tracking, ensuring they meet business and scalability requirements&lt;/li&gt;
&lt;li data-speechify-sentence=&quot;&quot;&gt;Oversee the full backend API landscape, enhancing and optimizing for performance and maintainability&lt;/li&gt;
&lt;li data-speechify-sentence=&quot;&quot;&gt;Collaborate on B2B solutions, focusing on customization and integration needs for enterprise clients&lt;/li&gt;
&lt;li data-speechify-sentence=&quot;&quot;&gt;Work closely with cross-functional teams to align backend architecture with overall product strategy and user experience&lt;/li&gt;
&lt;/ul&gt;
&lt;p&gt;&lt;strong&gt;An Ideal Candidate Should Have&lt;/strong&gt;&lt;/p&gt;
&lt;ul&gt;
&lt;li&gt;Proven experience in backend development: TS/Node (required)&lt;/li&gt;
&lt;li&gt;Direct experience with GCP and knowledge of AWS, Azure, or other cloud providers&lt;/li&gt;
&lt;li&gt;Efficiency in ideation and implementation, prioritizing tasks based on urgency and impact&lt;/li&gt;
&lt;li&gt;Preferred: Experience with Docker and containerized deployments&lt;/li&gt;
&lt;li&gt;Preferred: Proficiency in deploying high availability applications on Kubernetes&lt;/li&gt;
&lt;/ul&gt;
&lt;p data-speechify-sentence=&quot;&quot;&gt;&lt;strong&gt;What We Offer &lt;/strong&gt;&lt;/p&gt;
&lt;ul&gt;
&lt;li&gt;A dynamic environment where your contributions shape the company and its products&lt;/li&gt;
&lt;li&gt;A team that values innovation, intuition, and drive&lt;/li&gt;
&lt;li&gt;Autonomy, fostering focus and creativity&lt;/li&gt;
&lt;li&gt;The opportunity to have a significant impact in a revolutionary industry&lt;/li&gt;
&lt;li&gt;Competitive compensation, a welcoming atmosphere, and a commitment to an exceptional asynchronous work culture&lt;/li&gt;
&lt;li&gt;The privilege of working on a product that changes lives, particularly for those with learning differences like dyslexia, ADD, and more&lt;/li&gt;
&lt;li&gt;An active role at the intersection of artificial intelligence and audio – a rapidly evolving tech domain&lt;/li&gt;
&lt;/ul&gt;
&lt;p&gt;&lt;strong&gt;Think you’re a good fit for this job?&amp;nbsp;&lt;/strong&gt;&lt;/p&gt;
&lt;p&gt;Tell us more about yourself and why you&#39;re interested in the role when you apply. &lt;br&gt;And don’t forget to include links to your portfolio and LinkedIn.&lt;/p&gt;
&lt;p&gt;&lt;strong&gt;Not looking but know someone who would make a great fit?&amp;nbsp;&lt;/strong&gt;&lt;/p&gt;
&lt;p&gt;Refer them!&amp;nbsp;&lt;/p&gt;
&lt;p&gt;&lt;strong&gt;Speechify is committed to a diverse and inclusive workplace.&amp;nbsp;&lt;/strong&gt;&lt;/p&gt;
&lt;p&gt;Speechify does not discriminate on the basis of race, national origin, gender, gender identity, sexual orientation, protected veteran status, disability, age, or other legally protected status.&lt;/p&gt;",https://job-boards.greenhouse.io/speechify/jobs/5974408004,2024-01-24T18:33:29-05:00,2026-07-24T00:26:00-04:00,False,greenhouse_api,2026-08-12,"The mission of Speechify is to make sure that reading is never a barrier to learning.
Over 50 million people use Speechify’s text-to-speech products to turn whatever they’re reading – PDFs, books, Google Docs, news articles, websites – into audio, so they can read faster, read more, and remember more. Speechify’s text-to-speech reading products include its iOS app, Android App, Mac App, Chrome Extension, and Web App. Google recently named Speechify the Chrome Extension of the Year and Apple named Speechify its 2025 Design Award winner for Inclusivity.
Today, nearly 200 people around the globe work on Speechify in a 100% distributed setting – Speechify has no office. These include frontend and backend engineers, AI research scientists, and others from Amazon, Microsoft, and Google, leading PhD programs like Stanford, high growth startups like Stripe, Vercel, Bolt, and many founders of their own companies.
Overview
The responsibilities of our Platform team include building and maintaining all backend services, including, but not limited to, payments, analytics, subscriptions, new products, text to speech, and external APIs.
This is a key role and ideal for someone who thinks strategically, enjoys fast-paced environments, is passionate about making product decisions, and has experience building great user experiences that delight users.
We are a flat organization that allows anyone to become a leader by showing excellent technical skills and delivering results consistently and fast. Work ethic, solid communication skills, and obsession with winning are paramount.
Our interview process involves several technical interviews and we aim to complete them within 1 week.
What Yo
u’
ll Do
Design, develop, and maintain robust APIs including public TTS API, internal APIs like Payment, Subscription, Auth and Consumption Tracking, ensuring they meet business and scalability requirements
Oversee the full backend API landscape, enhancing and optimizing for performance and maintainability
Collaborate on B2B solutions, focusing on customization and integration needs for enterprise clients
Work closely with cross-functional teams to align backend architecture with overall product strategy and user experience
An Ideal Candidate Should Have
Proven experience in backend development: TS/Node (required)
Direct experience with GCP and knowledge of AWS, Azure, or other cloud providers
Efficiency in ideation and implementation, prioritizing tasks based on urgency and impact
Preferred: Experience with Docker and containerized deployments
Preferred: Proficiency in deploying high availability applications on Kubernetes
What We Offer
A dynamic environment where your contributions shape the company and its products
A team that values innovation, intuition, and drive
Autonomy, fostering focus and creativity
The opportunity to have a significant impact in a revolutionary industry
Competitive compensation, a welcoming atmosphere, and a commitment to an exceptional asynchronous work culture
The privilege of working on a product that changes lives, particularly for those with learning differences like dyslexia, ADD, and more
An active role at the intersection of artificial intelligence and audio – a rapidly evolving tech domain
Think you’re a good fit for this job?
Tell us more about yourself and why you're interested in the role when you apply.
And don’t forget to include links to your portfolio and LinkedIn.
Not looking but know someone who would make a great fit?
Refer them!
Speechify is committed to a diverse and inclusive workplace.
Speechify does not discriminate on the basis of race, national origin, gender, gender identity, sexual orientation, protected veteran status, disability, age, or other legally protected status.",Speechify,"Software Engineer, Platform - Shanghai, China","Shanghai, China",Software/Cloud,Docker; Kubernetes; AWS; Azure; GCP; REST API; Node.js,PhD,Not specified,,,0,,AWS; Azure; Docker; GCP; Kubernetes; Node.js; REST API,学历要求为 PhD，当前学历层级为 Bachelor
Flexport,flexport,"Senior Associate, Account Management",Shanghai,"&lt;div class=&quot;content-intro&quot;&gt;&lt;h2&gt;&lt;strong&gt;About Flexport:&amp;nbsp;&lt;/strong&gt;&lt;/h2&gt;
&lt;p&gt;At Flexport, we believe global trade can move the human race forward. That’s why it’s our mission to make global commerce so easy there will be more of it. We’re shaping the future of a $10T industry with solutions powered by innovative technology and exceptional people. Today, companies of all sizes—from emerging brands to Fortune 500s—use Flexport technology to move more than $19B of merchandise across 112 countries a year.&amp;nbsp;&lt;/p&gt;
&lt;p&gt;The recent global supply chain crisis has put Flexport center stage as we continue to play a pivotal role in how goods move around the world. We are proud to have the support of the best investors in the game who believe in our mission, solutions and people. Ready to tackle global challenges that impact business, society, and the environment? Come join us.&lt;/p&gt;&lt;/div&gt;&lt;h2&gt;The opportunity:&lt;/h2&gt;
&lt;p&gt;As a member of the Account Management team, your mission will be to proactively grow our client relationships by building and implementing solutions to their critical supply chain challenges. This is the golden opportunity to help expand our business in Asia. You will also support our share of wallet expansion with existing clients while helping to define new targets in the Asia Pacific region.&amp;nbsp;&lt;/p&gt;
&lt;h2&gt;You will:&lt;/h2&gt;
&lt;ul&gt;
&lt;li&gt;
&lt;p&gt;Develop and launch new solutions that meet the needs of the largest and most complex global Freight Forwarding clients&lt;/p&gt;
&lt;/li&gt;
&lt;li&gt;
&lt;p&gt;Focus on accelerating the growth of all services across the Flexport Portfolio including Air, Ocean, Trade Advisory, Customs, PO Management&lt;/p&gt;
&lt;/li&gt;
&lt;li&gt;
&lt;p&gt;Partner with the destination team in the US and Europe to identify expansion opportunities with our existing accounts in order to grow Flexport’s share of wallet.&lt;/p&gt;
&lt;/li&gt;
&lt;li&gt;
&lt;p&gt;Work cross-functionally – across Supply Chain Operations, Procurement, Account Solutions, ProServe, Implementation, Legal, Industry SMEs, and Trade and Financial Services teams – to develop and execute on the client strategies in a deliberate way that maximizes the outcomes.&lt;/p&gt;
&lt;/li&gt;
&lt;li&gt;
&lt;p&gt;You will create alignment of executive level customer contacts and maintain relationships with critical stakeholders at some of the world’s largest brands&lt;/p&gt;
&lt;/li&gt;
&lt;li&gt;
&lt;p&gt;You will stay up-to-date on the latest industry and supply chain developments, so that you can proactively educate and support your clients through change.&lt;/p&gt;
&lt;/li&gt;
&lt;/ul&gt;
&lt;h2&gt;You should have:&lt;/h2&gt;
&lt;ul&gt;
&lt;li&gt;
&lt;p&gt;An entrepreneurial mindset with a strong track record of successfully delivering innovation and driving results&lt;/p&gt;
&lt;/li&gt;
&lt;li&gt;
&lt;p&gt;Experience working with complicated global team matrices and drive desirable solutions and results&lt;/p&gt;
&lt;/li&gt;
&lt;li&gt;
&lt;p&gt;Experience building client relationships globally and leveraging those relationships to grow the business partnership&lt;/p&gt;
&lt;/li&gt;
&lt;li&gt;
&lt;p&gt;Passionate about achieving team success; able to inspire and motivate the team.&amp;nbsp;&lt;/p&gt;
&lt;/li&gt;
&lt;li&gt;
&lt;p&gt;Can-do, roll-up-the-sleeves, results-oriented approach; accessible and approachable.&amp;nbsp;&lt;/p&gt;
&lt;/li&gt;
&lt;li&gt;
&lt;p&gt;Strategic thinker and disciplined planner; able to operationalize strategic plans; well organized.&amp;nbsp;&lt;/p&gt;
&lt;/li&gt;
&lt;li&gt;
&lt;p&gt;Excellent presenter and communicator on all channels (written, verbal, phone, media)&lt;/p&gt;
&lt;/li&gt;
&lt;li&gt;
&lt;p&gt;Exceptional negotiation and problem-solving skills&amp;nbsp;&lt;/p&gt;
&lt;/li&gt;
&lt;li&gt;
&lt;p&gt;Cognizant of business cultural differences and norms across the globe; able to adapt style and approach to local business cultures.&amp;nbsp;&lt;/p&gt;
&lt;/li&gt;
&lt;li&gt;
&lt;p&gt;Highly collaborative; track record of building strong internal and external relationships.&amp;nbsp;&lt;/p&gt;
&lt;/li&gt;
&lt;li&gt;
&lt;p&gt;High integrity and ethics; style and behavior align with Flexport’s values&lt;/p&gt;
&lt;/li&gt;
&lt;li&gt;
&lt;p&gt;A &quot;compliance first&quot; attitude to keep our regulators happy and enthusiastic about Flexport since we operate in a heavily regulated industry.&lt;/p&gt;
&lt;/li&gt;
&lt;/ul&gt;&lt;div class=&quot;content-conclusion&quot;&gt;&lt;div id=&quot;1704749847.557549&quot; class=&quot;c-virtual_list__item&quot; data-qa=&quot;virtual-list-item&quot; data-item-key=&quot;1704749847.557549&quot;&gt;
&lt;div class=&quot;c-message_kit__background p-message_pane_message__message c-message_kit__message&quot; data-qa=&quot;message_container&quot; data-qa-unprocessed=&quot;false&quot; data-qa-placeholder=&quot;false&quot;&gt;
&lt;div class=&quot;c-message_kit__hover&quot; data-qa-hover=&quot;true&quot;&gt;
&lt;div class=&quot;c-message_kit__actions c-message_kit__actions--default&quot;&gt;
&lt;div class=&quot;c-message_kit__gutter&quot;&gt;
&lt;div class=&quot;c-message_kit__gutter__right&quot; data-qa=&quot;message_content&quot;&gt;
&lt;div class=&quot;c-message_kit__blocks c-message_kit__blocks--rich_text&quot;&gt;
&lt;div class=&quot;c-message__message_blocks c-message__message_blocks--rich_text&quot; data-qa=&quot;message-text&quot;&gt;
&lt;div class=&quot;p-block_kit_renderer&quot; data-qa=&quot;block-kit-renderer&quot;&gt;
&lt;div class=&quot;p-block_kit_renderer__block_wrapper p-block_kit_renderer__block_wrapper--first&quot;&gt;
&lt;div class=&quot;p-rich_text_block&quot;&gt;
&lt;h4&gt;Commitment to Equal Opportunity&lt;/h4&gt;
&lt;p&gt;At Flexport, our ability to fulfill our mission of making global commerce easy and accessible relies on having a diverse, dedicated and engaged workforce. All qualified applicants will receive consideration for employment regardless of race, color, religion, sex, national origin, age, physical and mental disability, health status, marital and family status, sexual orientation, gender identity and expression, military and veteran status, and any other characteristic protected by applicable law.&lt;/p&gt;
&lt;h4&gt;Global Data Privacy Notice for Job Candidates and Applicants&lt;/h4&gt;
&lt;p&gt;Depending on your location, the General Data Protection Regulation (GDPR) and California Consumer Privacy Act (CCPA) may regulate the way we manage the data of job applicants.&amp;nbsp;By submitting your application, you are agreeing to our use and processing of your data as required. Please see our Privacy Notice available at&amp;nbsp;&lt;a href=&quot;http://www.flexport.com/privacy&quot; target=&quot;_blank&quot; data-saferedirecturl=&quot;https://www.google.com/url?q=http://www.flexport.com/privacy&amp;amp;source=gmail&amp;amp;ust=1613840050053000&amp;amp;usg=AFQjCNHD63svlkD-hWHlGuGOM_bSYVrnpw&quot;&gt;www.flexport.com/privacy&lt;/a&gt;&amp;nbsp;for additional information.&lt;/p&gt;
&lt;/div&gt;
&lt;/div&gt;
&lt;/div&gt;
&lt;/div&gt;
&lt;/div&gt;
&lt;/div&gt;
&lt;/div&gt;
&lt;/div&gt;
&lt;/div&gt;
&lt;/div&gt;
&lt;/div&gt;&lt;/div&gt;",https://job-boards.greenhouse.io/flexport/jobs/8020312,2026-06-22T04:00:59-04:00,2026-07-09T19:28:21-04:00,False,greenhouse_api,2026-08-12,"About Flexport:
At Flexport, we believe global trade can move the human race forward. That’s why it’s our mission to make global commerce so easy there will be more of it. We’re shaping the future of a $10T industry with solutions powered by innovative technology and exceptional people. Today, companies of all sizes—from emerging brands to Fortune 500s—use Flexport technology to move more than $19B of merchandise across 112 countries a year.
The recent global supply chain crisis has put Flexport center stage as we continue to play a pivotal role in how goods move around the world. We are proud to have the support of the best investors in the game who believe in our mission, solutions and people. Ready to tackle global challenges that impact business, society, and the environment? Come join us.
The opportunity:
As a member of the Account Management team, your mission will be to proactively grow our client relationships by building and implementing solutions to their critical supply chain challenges. This is the golden opportunity to help expand our business in Asia. You will also support our share of wallet expansion with existing clients while helping to define new targets in the Asia Pacific region.
You will:
Develop and launch new solutions that meet the needs of the largest and most complex global Freight Forwarding clients
Focus on accelerating the growth of all services across the Flexport Portfolio including Air, Ocean, Trade Advisory, Customs, PO Management
Partner with the destination team in the US and Europe to identify expansion opportunities with our existing accounts in order to grow Flexport’s share of wallet.
Work cross-functionally – across Supply Chain Operations, Procurement, Account Solutions, ProServe, Implementation, Legal, Industry SMEs, and Trade and Financial Services teams – to develop and execute on the client strategies in a deliberate way that maximizes the outcomes.
You will create alignment of executive level customer contacts and maintain relationships with critical stakeholders at some of the world’s largest brands
You will stay up-to-date on the latest industry and supply chain developments, so that you can proactively educate and support your clients through change.
You should have:
An entrepreneurial mindset with a strong track record of successfully delivering innovation and driving results
Experience working with complicated global team matrices and drive desirable solutions and results
Experience building client relationships globally and leveraging those relationships to grow the business partnership
Passionate about achieving team success; able to inspire and motivate the team.
Can-do, roll-up-the-sleeves, results-oriented approach; accessible and approachable.
Strategic thinker and disciplined planner; able to operationalize strategic plans; well organized.
Excellent presenter and communicator on all channels (written, verbal, phone, media)
Exceptional negotiation and problem-solving skills
Cognizant of business cultural differences and norms across the globe; able to adapt style and approach to local business cultures.
Highly collaborative; track record of building strong internal and external relationships.
High integrity and ethics; style and behavior align with Flexport’s values
A ""compliance first"" attitude to keep our regulators happy and enthusiastic about Flexport since we operate in a heavily regulated industry.
Commitment to Equal Opportunity
At Flexport, our ability to fulfill our mission of making global commerce easy and accessible relies on having a diverse, dedicated and engaged workforce. All qualified applicants will receive consideration for employment regardless of race, color, religion, sex, national origin, age, physical and mental disability, health status, marital and family status, sexual orientation, gender identity and expression, military and veteran status, and any other characteristic protected by applicable law.
Global Data Privacy Notice for Job Candidates and Applicants
Depending on your location, the General Data Protection Regulation (GDPR) and California Consumer Privacy Act (CCPA) may regulate the way we manage the data of job applicants. By submitting your application, you are agreeing to our use and processing of your data as required. Please see our Privacy Notice available at
www.flexport.com/privacy
for additional information.",Flexport,"Senior Associate, Account Management","Shanghai, China",Business/Ops,,Not specified,Not specified,,,0,,,
Speechify,speechify,"Software Engineer, Platform - Shenzhen, China",Shenzhen,"&lt;p&gt;The mission of Speechify is to make sure that reading is never a barrier to learning.&lt;/p&gt;
&lt;p&gt;Over 50 million people use Speechify’s text-to-speech products to turn whatever they’re reading – PDFs, books, Google Docs, news articles, websites – into audio, so they can read faster, read more, and remember more. Speechify’s text-to-speech reading products include its iOS app, Android App, Mac App, Chrome Extension, and Web App. Google recently named Speechify the Chrome Extension of the Year and Apple named Speechify its 2025 Design Award winner for Inclusivity.&amp;nbsp;&amp;nbsp;&lt;/p&gt;
&lt;p&gt;Today, nearly 200 people around the globe work on Speechify in a 100% distributed setting – Speechify has no office. These include frontend and backend engineers, AI research scientists, and others from Amazon, Microsoft, and Google, leading PhD programs like Stanford, high growth startups like Stripe, Vercel, Bolt, and many founders of their own companies.&lt;/p&gt;
&lt;p&gt;&lt;strong&gt;Overview&lt;/strong&gt;&lt;/p&gt;
&lt;p data-speechify-sentence=&quot;&quot;&gt;The responsibilities of our Platform team include building and maintaining all backend services, including, but not limited to, payments, analytics, subscriptions, new products, text to speech, and external APIs.&lt;/p&gt;
&lt;p data-speechify-sentence=&quot;&quot;&gt;This is a key role and ideal for someone who thinks strategically, enjoys fast-paced environments, is passionate about making product decisions, and has experience building great user experiences that delight users.&lt;/p&gt;
&lt;p data-speechify-sentence=&quot;&quot;&gt;We are a flat organization that allows anyone to become a leader by showing excellent technical skills and delivering results consistently and fast. Work ethic, solid communication skills, and obsession with winning are paramount.&amp;nbsp;&lt;/p&gt;
&lt;p data-speechify-sentence=&quot;&quot;&gt;Our interview process involves several technical interviews and we aim to complete them within 1 week.&amp;nbsp;&lt;/p&gt;
&lt;p&gt;&lt;strong&gt;What Yo&lt;/strong&gt;&lt;strong&gt;u’&lt;/strong&gt;&lt;strong&gt;ll Do&lt;/strong&gt;&lt;/p&gt;
&lt;ul&gt;
&lt;li data-speechify-sentence=&quot;&quot;&gt;Design, develop, and maintain robust APIs including public TTS API, internal APIs like Payment, Subscription, Auth and Consumption Tracking, ensuring they meet business and scalability requirements&lt;/li&gt;
&lt;li data-speechify-sentence=&quot;&quot;&gt;Oversee the full backend API landscape, enhancing and optimizing for performance and maintainability&lt;/li&gt;
&lt;li data-speechify-sentence=&quot;&quot;&gt;Collaborate on B2B solutions, focusing on customization and integration needs for enterprise clients&lt;/li&gt;
&lt;li data-speechify-sentence=&quot;&quot;&gt;Work closely with cross-functional teams to align backend architecture with overall product strategy and user experience&lt;/li&gt;
&lt;/ul&gt;
&lt;p&gt;&lt;strong&gt;An Ideal Candidate Should Have&lt;/strong&gt;&lt;/p&gt;
&lt;ul&gt;
&lt;li&gt;Proven experience in backend development: TS/Node (required)&lt;/li&gt;
&lt;li&gt;Direct experience with GCP and knowledge of AWS, Azure, or other cloud providers&lt;/li&gt;
&lt;li&gt;Efficiency in ideation and implementation, prioritizing tasks based on urgency and impact&lt;/li&gt;
&lt;li&gt;Preferred: Experience with Docker and containerized deployments&lt;/li&gt;
&lt;li&gt;Preferred: Proficiency in deploying high availability applications on Kubernetes&lt;/li&gt;
&lt;/ul&gt;
&lt;p data-speechify-sentence=&quot;&quot;&gt;&lt;strong&gt;What We Offer &lt;/strong&gt;&lt;/p&gt;
&lt;ul&gt;
&lt;li&gt;A dynamic environment where your contributions shape the company and its products&lt;/li&gt;
&lt;li&gt;A team that values innovation, intuition, and drive&lt;/li&gt;
&lt;li&gt;Autonomy, fostering focus and creativity&lt;/li&gt;
&lt;li&gt;The opportunity to have a significant impact in a revolutionary industry&lt;/li&gt;
&lt;li&gt;Competitive compensation, a welcoming atmosphere, and a commitment to an exceptional asynchronous work culture&lt;/li&gt;
&lt;li&gt;The privilege of working on a product that changes lives, particularly for those with learning differences like dyslexia, ADD, and more&lt;/li&gt;
&lt;li&gt;An active role at the intersection of artificial intelligence and audio – a rapidly evolving tech domain&lt;/li&gt;
&lt;/ul&gt;
&lt;p&gt;&lt;strong&gt;Think you’re a good fit for this job?&amp;nbsp;&lt;/strong&gt;&lt;/p&gt;
&lt;p&gt;Tell us more about yourself and why you&#39;re interested in the role when you apply. &lt;br&gt;And don’t forget to include links to your portfolio and LinkedIn.&lt;/p&gt;
&lt;p&gt;&lt;strong&gt;Not looking but know someone who would make a great fit?&amp;nbsp;&lt;/strong&gt;&lt;/p&gt;
&lt;p&gt;Refer them!&amp;nbsp;&lt;/p&gt;
&lt;p&gt;&lt;strong&gt;Speechify is committed to a diverse and inclusive workplace.&amp;nbsp;&lt;/strong&gt;&lt;/p&gt;
&lt;p&gt;Speechify does not discriminate on the basis of race, national origin, gender, gender identity, sexual orientation, protected veteran status, disability, age, or other legally protected status.&lt;/p&gt;",https://job-boards.greenhouse.io/speechify/jobs/5974415004,2024-01-24T18:33:29-05:00,2026-08-05T14:37:02-04:00,False,greenhouse_api,2026-08-12,"The mission of Speechify is to make sure that reading is never a barrier to learning.
Over 50 million people use Speechify’s text-to-speech products to turn whatever they’re reading – PDFs, books, Google Docs, news articles, websites – into audio, so they can read faster, read more, and remember more. Speechify’s text-to-speech reading products include its iOS app, Android App, Mac App, Chrome Extension, and Web App. Google recently named Speechify the Chrome Extension of the Year and Apple named Speechify its 2025 Design Award winner for Inclusivity.
Today, nearly 200 people around the globe work on Speechify in a 100% distributed setting – Speechify has no office. These include frontend and backend engineers, AI research scientists, and others from Amazon, Microsoft, and Google, leading PhD programs like Stanford, high growth startups like Stripe, Vercel, Bolt, and many founders of their own companies.
Overview
The responsibilities of our Platform team include building and maintaining all backend services, including, but not limited to, payments, analytics, subscriptions, new products, text to speech, and external APIs.
This is a key role and ideal for someone who thinks strategically, enjoys fast-paced environments, is passionate about making product decisions, and has experience building great user experiences that delight users.
We are a flat organization that allows anyone to become a leader by showing excellent technical skills and delivering results consistently and fast. Work ethic, solid communication skills, and obsession with winning are paramount.
Our interview process involves several technical interviews and we aim to complete them within 1 week.
What Yo
u’
ll Do
Design, develop, and maintain robust APIs including public TTS API, internal APIs like Payment, Subscription, Auth and Consumption Tracking, ensuring they meet business and scalability requirements
Oversee the full backend API landscape, enhancing and optimizing for performance and maintainability
Collaborate on B2B solutions, focusing on customization and integration needs for enterprise clients
Work closely with cross-functional teams to align backend architecture with overall product strategy and user experience
An Ideal Candidate Should Have
Proven experience in backend development: TS/Node (required)
Direct experience with GCP and knowledge of AWS, Azure, or other cloud providers
Efficiency in ideation and implementation, prioritizing tasks based on urgency and impact
Preferred: Experience with Docker and containerized deployments
Preferred: Proficiency in deploying high availability applications on Kubernetes
What We Offer
A dynamic environment where your contributions shape the company and its products
A team that values innovation, intuition, and drive
Autonomy, fostering focus and creativity
The opportunity to have a significant impact in a revolutionary industry
Competitive compensation, a welcoming atmosphere, and a commitment to an exceptional asynchronous work culture
The privilege of working on a product that changes lives, particularly for those with learning differences like dyslexia, ADD, and more
An active role at the intersection of artificial intelligence and audio – a rapidly evolving tech domain
Think you’re a good fit for this job?
Tell us more about yourself and why you're interested in the role when you apply.
And don’t forget to include links to your portfolio and LinkedIn.
Not looking but know someone who would make a great fit?
Refer them!
Speechify is committed to a diverse and inclusive workplace.
Speechify does not discriminate on the basis of race, national origin, gender, gender identity, sexual orientation, protected veteran status, disability, age, or other legally protected status.",Speechify,"Software Engineer, Platform - Shenzhen, China","Shenzhen, China",Software/Cloud,Docker; Kubernetes; AWS; Azure; GCP; REST API; Node.js,PhD,Not specified,,,0,,AWS; Azure; Docker; GCP; Kubernetes; Node.js; REST API,学历要求为 PhD，当前学历层级为 Bachelor
Appier,appier,"Sales Manager, Advertising Solutions 广告解决方案销售经理",Beijing,"&lt;p&gt;&amp;nbsp;&lt;/p&gt;
&lt;p&gt;&lt;strong&gt;About Appier&lt;/strong&gt;&lt;/p&gt;
&lt;p&gt;&lt;span style=&quot;font-weight: 400;&quot;&gt;Appier is a software-as-a-service (SaaS) company that uses artificial intelligence (AI) to power business decision-making. Founded in 2012 with a vision of democratizing AI, Appier’s mission is turning AI into ROI by making software intelligent. Appier now has 17 offices across APAC, Europe and U.S., and is listed on the Tokyo Stock Exchange (Ticker number: 4180). Visit www.appier.com for more information.&lt;/span&gt;&lt;/p&gt;
&lt;p&gt;&amp;nbsp;&lt;/p&gt;
&lt;p&gt;&lt;strong&gt;About the role&lt;/strong&gt;&lt;/p&gt;
&lt;p&gt;The &lt;strong&gt;Sales Manager, Advertising Solutions&lt;/strong&gt; is responsible for selling and up-selling Ad Clouds (Appier&#39;s user acquisition platform) to new and existing clients and providing excellent service in support of team revenue goals.&lt;/p&gt;
&lt;p&gt;&amp;nbsp;&lt;/p&gt;
&lt;p&gt;&lt;strong&gt;Key Responsibilities&lt;/strong&gt;&lt;/p&gt;
&lt;ul&gt;
&lt;li&gt;Proactively contact new and existing clients and educate, propose and secure buy-in on Digital Marketing&lt;/li&gt;
&lt;li&gt;Identify, propose and sell programs to targeted organizations within the target markets set out by the company&lt;/li&gt;
&lt;li&gt;Develop an understanding of client’s business, products, services, customer profile, marketing and business objectives, competitors and sales.&lt;/li&gt;
&lt;li&gt;Provide excellent level of professionalism and service in responding to general and customized client requests&lt;/li&gt;
&lt;li&gt;Be an influencer in digital marketing to businesses in the market&lt;/li&gt;
&lt;li&gt;Strong consultative sales approach to engage with CMOs/Head of Marketing to manage existing growth&lt;/li&gt;
&lt;li&gt;Responsible for special projects as assigned&lt;/li&gt;
&lt;/ul&gt;
&lt;p&gt;&amp;nbsp;&lt;/p&gt;
&lt;p&gt;&lt;strong&gt;Requirements&lt;/strong&gt;&lt;/p&gt;
&lt;ul&gt;
&lt;li&gt;At least 2–3 years of digital advertising sales experience in overseas markets, or overseas Ad campaign management.&amp;nbsp;&lt;/li&gt;
&lt;li&gt;Creative, problem solver with ability and experience in understanding needs of customers and delivering innovative solutions.&lt;/li&gt;
&lt;li&gt;Understanding on Digital &amp;amp; Mobile marketing industry.&lt;/li&gt;
&lt;li&gt;Outstanding written, communication and selling skills.&lt;/li&gt;
&lt;li&gt;Excellent negotiation skills with a proven track record of sales success.&lt;/li&gt;
&lt;li&gt;Strong commitment to sales and service with good interpersonal skills, initiative and follow through.&lt;/li&gt;
&lt;li&gt;Good connection and relationships with advertisers and media agencies.&lt;/li&gt;
&lt;li&gt;Ability to translate complex technology processes into meaningful solutions that address business needs.&lt;/li&gt;
&lt;li&gt;Able to handle multiple priorities.&lt;/li&gt;
&lt;li&gt;A bachelor’s Degree/Diploma in Business or a related field preferred.&lt;/li&gt;
&lt;/ul&gt;
&lt;p&gt;&amp;nbsp;&lt;/p&gt;
&lt;p&gt;#LI-AC2&lt;/p&gt;
&lt;p&gt;&amp;nbsp;&lt;/p&gt;",https://job-boards.greenhouse.io/appier/jobs/7436303,2025-12-02T02:20:53-05:00,2026-08-06T04:18:07-04:00,False,greenhouse_api,2026-08-12,"About Appier
Appier is a software-as-a-service (SaaS) company that uses artificial intelligence (AI) to power business decision-making. Founded in 2012 with a vision of democratizing AI, Appier’s mission is turning AI into ROI by making software intelligent. Appier now has 17 offices across APAC, Europe and U.S., and is listed on the Tokyo Stock Exchange (Ticker number: 4180). Visit www.appier.com for more information.
About the role
The
Sales Manager, Advertising Solutions
is responsible for selling and up-selling Ad Clouds (Appier's user acquisition platform) to new and existing clients and providing excellent service in support of team revenue goals.
Key Responsibilities
Proactively contact new and existing clients and educate, propose and secure buy-in on Digital Marketing
Identify, propose and sell programs to targeted organizations within the target markets set out by the company
Develop an understanding of client’s business, products, services, customer profile, marketing and business objectives, competitors and sales.
Provide excellent level of professionalism and service in responding to general and customized client requests
Be an influencer in digital marketing to businesses in the market
Strong consultative sales approach to engage with CMOs/Head of Marketing to manage existing growth
Responsible for special projects as assigned
Requirements
At least 2–3 years of digital advertising sales experience in overseas markets, or overseas Ad campaign management.
Creative, problem solver with ability and experience in understanding needs of customers and delivering innovative solutions.
Understanding on Digital & Mobile marketing industry.
Outstanding written, communication and selling skills.
Excellent negotiation skills with a proven track record of sales success.
Strong commitment to sales and service with good interpersonal skills, initiative and follow through.
Good connection and relationships with advertisers and media agencies.
Ability to translate complex technology processes into meaningful solutions that address business needs.
Able to handle multiple priorities.
A bachelor’s Degree/Diploma in Business or a related field preferred.
#LI-AC2",Appier,"Sales Manager, Advertising Solutions 广告解决方案销售经理","Beijing, China",Business/Ops,,Bachelor,Not specified,,,0,,,
SES AI,sesai,Data Product Manager,Shanghai,"&lt;p&gt;&lt;span style=&quot;text-decoration: underline;&quot;&gt;&lt;strong&gt;Data Product Manager&lt;/strong&gt;&lt;/span&gt;&lt;/p&gt;
&lt;p&gt;&amp;nbsp;&lt;/p&gt;
&lt;p&gt;&lt;span style=&quot;text-decoration: underline;&quot;&gt;&lt;strong&gt;Responsibilities&lt;/strong&gt;&lt;/span&gt;&lt;/p&gt;
&lt;ul&gt;
&lt;li&gt;
&lt;p&gt;Responsible for battery data and algorithm product planning, design and product lifecycle management&lt;/p&gt;
&lt;/li&gt;
&lt;li&gt;
&lt;p&gt;Had a deep understanding of battery business, continued business research, planned and designed prototypes of data and algorithm products, and cooperated with business parties and product R&amp;amp;D to implement data products.&lt;/p&gt;
&lt;/li&gt;
&lt;li&gt;
&lt;p&gt;Managed and followed up routine iteration projects of data products to ensure the smooth launch of each version&lt;/p&gt;
&lt;/li&gt;
&lt;li&gt;
&lt;p&gt;Focus and track the development trends of the same industry at home and abroad, and constantly carry out product model innovation and business iteration&lt;/p&gt;
&lt;/li&gt;
&lt;/ul&gt;
&lt;p&gt;&lt;br&gt;&lt;span style=&quot;text-decoration: underline;&quot;&gt;&lt;strong&gt;Qualifications&lt;/strong&gt;&lt;/span&gt;&lt;/p&gt;
&lt;ul&gt;
&lt;li&gt;
&lt;p&gt;Bachelor’s degree or above, more than 3 years of data or algorithm product experience, with battery industry big data and algorithm product experience is preferred&lt;/p&gt;
&lt;/li&gt;
&lt;li&gt;
&lt;p&gt;Proficient in Axure and other product prototype tools; familiar with Tableau, PowerBI, FineBI, SQL and other data analysis tools is preferred&lt;/p&gt;
&lt;/li&gt;
&lt;li&gt;
&lt;p&gt;Strong ability of product planning, design and project implementation; responsible for designing data analysis, algorithm, data visualization and other related products is preferred&lt;/p&gt;
&lt;/li&gt;
&lt;li&gt;
&lt;p&gt;Familiar with common data analysis and processing methods, have sensitive data awareness, have certain independent data processing ability, familiar with application scenarios of data product solutions in the industry&lt;/p&gt;
&lt;/li&gt;
&lt;li&gt;
&lt;p&gt;Have excellent logical thinking and quick learning ability, good communication skills and document output ability, can quickly promote the implementation of data product projects, have strong cross-team cooperation ability and execution ability&lt;/p&gt;
&lt;/li&gt;
&lt;/ul&gt;
&lt;p&gt;&amp;nbsp;&lt;/p&gt;",https://boards.greenhouse.io/sesai/jobs/4186650005?gh_jid=4186650005,2023-01-16T13:56:31-05:00,2026-06-22T13:14:30-04:00,False,greenhouse_api,2026-08-12,"Data Product Manager
Responsibilities
Responsible for battery data and algorithm product planning, design and product lifecycle management
Had a deep understanding of battery business, continued business research, planned and designed prototypes of data and algorithm products, and cooperated with business parties and product R&D to implement data products.
Managed and followed up routine iteration projects of data products to ensure the smooth launch of each version
Focus and track the development trends of the same industry at home and abroad, and constantly carry out product model innovation and business iteration
Qualifications
Bachelor’s degree or above, more than 3 years of data or algorithm product experience, with battery industry big data and algorithm product experience is preferred
Proficient in Axure and other product prototype tools; familiar with Tableau, PowerBI, FineBI, SQL and other data analysis tools is preferred
Strong ability of product planning, design and project implementation; responsible for designing data analysis, algorithm, data visualization and other related products is preferred
Familiar with common data analysis and processing methods, have sensitive data awareness, have certain independent data processing ability, familiar with application scenarios of data product solutions in the industry
Have excellent logical thinking and quick learning ability, good communication skills and document output ability, can quickly promote the implementation of data product projects, have strong cross-team cooperation ability and execution ability",SES AI,Data Product Manager,"Shanghai, China",Product/UX,SQL; Power BI; Tableau; Data Analysis; Data Visualization,Bachelor,Not specified,,,0,SQL,Data Analysis; Data Visualization; Power BI; Tableau,
SES AI,sesai,Senior Pack Modeling Scientist,Shanghai,"&lt;p&gt;&lt;span style=&quot;text-decoration: underline;&quot;&gt;&lt;strong&gt;Senior Pack Modeling Scientist&lt;/strong&gt;&lt;/span&gt;&lt;/p&gt;
&lt;p&gt;&amp;nbsp;&lt;/p&gt;
&lt;p&gt;&lt;span style=&quot;text-decoration: underline;&quot;&gt;&lt;strong&gt;Responsibilities&lt;/strong&gt;&lt;/span&gt;&lt;/p&gt;
&lt;ul&gt;
&lt;li&gt;
&lt;p&gt;Responsible for the collection, processing and analysis of battery pack data and the design, development, verification and delivery of battery cloud platform algorithm&lt;/p&gt;
&lt;/li&gt;
&lt;li&gt;
&lt;p&gt;Cooperate with the team to develop the cell algorithm, and be responsible for the migration from the cell algorithm to the battery pack algorithm&lt;/p&gt;
&lt;/li&gt;
&lt;li&gt;
&lt;p&gt;Cooperate with the team to design the battery pack according to the model requirements, including the number of sensors and deployment location, etc&lt;/p&gt;
&lt;/li&gt;
&lt;li&gt;
&lt;p&gt;Participated in the design of BMS, responsible for the overall framework design of battery algorithm deployment, and realized distributed algorithm deployment&lt;/p&gt;
&lt;/li&gt;
&lt;li&gt;
&lt;p&gt;Designed and supervised battery pack testing, realized algorithm development and verification with limited resources&lt;/p&gt;
&lt;/li&gt;
&lt;li&gt;Responsible for deploying the digital twin model of battery packs in the cloud&lt;/li&gt;
&lt;/ul&gt;
&lt;p&gt;&amp;nbsp;&lt;/p&gt;
&lt;p&gt;&lt;span style=&quot;text-decoration: underline;&quot;&gt;&lt;strong&gt;Qualifications&lt;/strong&gt;&lt;/span&gt;&lt;/p&gt;
&lt;ul&gt;
&lt;li&gt;
&lt;p&gt;More than five years of battery related work experience, familiar with battery pack design, testing and data&lt;/p&gt;
&lt;/li&gt;
&lt;li&gt;
&lt;p&gt;Familiar with various battery related models/algorithms&lt;/p&gt;
&lt;/li&gt;
&lt;li&gt;
&lt;p&gt;Experience in battery management system (BMS) algorithm development (SOC, SOH, SOP, SOE, fault detection, etc.)&lt;/p&gt;
&lt;/li&gt;
&lt;li&gt;Practical experience based on AI, big data battery algorithm, and cloud BMS&lt;/li&gt;
&lt;li&gt;
&lt;p&gt;Have good communication skills and the ability to collaborate across departments&lt;/p&gt;
&lt;/li&gt;
&lt;li&gt;
&lt;p&gt;Good English communication skills (listening, speaking, reading and writing) are preferred&lt;/p&gt;
&lt;/li&gt;
&lt;/ul&gt;
&lt;p&gt;&amp;nbsp;&lt;/p&gt;",https://boards.greenhouse.io/sesai/jobs/4186616005?gh_jid=4186616005,2023-01-16T14:20:14-05:00,2026-06-22T13:14:30-04:00,False,greenhouse_api,2026-08-12,"Senior Pack Modeling Scientist
Responsibilities
Responsible for the collection, processing and analysis of battery pack data and the design, development, verification and delivery of battery cloud platform algorithm
Cooperate with the team to develop the cell algorithm, and be responsible for the migration from the cell algorithm to the battery pack algorithm
Cooperate with the team to design the battery pack according to the model requirements, including the number of sensors and deployment location, etc
Participated in the design of BMS, responsible for the overall framework design of battery algorithm deployment, and realized distributed algorithm deployment
Designed and supervised battery pack testing, realized algorithm development and verification with limited resources
Responsible for deploying the digital twin model of battery packs in the cloud
Qualifications
More than five years of battery related work experience, familiar with battery pack design, testing and data
Familiar with various battery related models/algorithms
Experience in battery management system (BMS) algorithm development (SOC, SOH, SOP, SOE, fault detection, etc.)
Practical experience based on AI, big data battery algorithm, and cloud BMS
Have good communication skills and the ability to collaborate across departments
Good English communication skills (listening, speaking, reading and writing) are preferred",SES AI,Senior Pack Modeling Scientist,"Shanghai, China",Other,,Not specified,Preferred,,,0,,,
SES AI,sesai,Senior Battery Cell Modeling Scientist - Simulation,Shanghai,"&lt;p&gt;&lt;span style=&quot;text-decoration: underline;&quot;&gt;&lt;strong&gt;Senior Battery Cell Modeling Scientist - Simulation&lt;/strong&gt;&lt;/span&gt;&lt;/p&gt;
&lt;p&gt;&amp;nbsp;&lt;/p&gt;
&lt;p&gt;&lt;span style=&quot;text-decoration: underline;&quot;&gt;&lt;strong&gt;Responsibilities&lt;/strong&gt;&lt;/span&gt;&lt;/p&gt;
&lt;ul&gt;
&lt;li&gt;
&lt;p&gt;Responsible for building cell mathematical simulation models (physical models and data-driven models) to predict the performance of Li-ion batteries/Li-metal batteries under various working conditions, including dynamic performance, lifetime decay, electrochemical and thermal response, and safety-related cell behavior&lt;/p&gt;
&lt;/li&gt;
&lt;li&gt;
&lt;p&gt;Design and advance experiments to obtain parameters/data required to build cell models&lt;/p&gt;
&lt;/li&gt;
&lt;li&gt;
&lt;p&gt;Work with cross-functional teams to develop, deploy, test, and maintain models&lt;/p&gt;
&lt;/li&gt;
&lt;li&gt;
&lt;p&gt;The electrochemical/thermal data of the cell under different working conditions are generated by using the certified physical model of the cell to provide data support for the establishment of the data-driven model&lt;/p&gt;
&lt;/li&gt;
&lt;li&gt;
&lt;p&gt;Establish a standardized process for cell physical modeling to reduce the resources/time required for modeling&lt;/p&gt;
&lt;/li&gt;
&lt;li&gt;Provide documentation related to model and algorithm development&lt;/li&gt;
&lt;li&gt;
&lt;p&gt;Work with the battery team to determine and achieve battery performance life goals&lt;/p&gt;
&lt;/li&gt;
&lt;/ul&gt;
&lt;p&gt;&amp;nbsp;&lt;/p&gt;
&lt;p&gt;&lt;span style=&quot;text-decoration: underline;&quot;&gt;&lt;strong&gt;Qualifications&lt;/strong&gt;&lt;/span&gt;&lt;/p&gt;
&lt;ul&gt;
&lt;li&gt;
&lt;p&gt;Master’s degree or above, more than 5 years of battery related research/work experience&lt;/p&gt;
&lt;/li&gt;
&lt;li&gt;
&lt;p&gt;Basic knowledge of cell electrochemistry (P2D), thermal, mechanical modeling and simulation. Familiar with electrochemical principle, simulation parameter measurement method and corresponding equipment&lt;/p&gt;
&lt;/li&gt;
&lt;li&gt;
&lt;p&gt;Familiar with various battery-related models/algorithms, and have experience in using cell model software (COMSOL, Ansys, PyBaMM, etc.)&lt;/p&gt;
&lt;/li&gt;
&lt;li&gt;
&lt;p&gt;Experience in building data-driven models (statistical analysis, machine learning, AI)&lt;/p&gt;
&lt;/li&gt;
&lt;li&gt;
&lt;p&gt;Proficient in code development tools, such as Python or Matlab&lt;/p&gt;
&lt;/li&gt;
&lt;/ul&gt;
&lt;p&gt;&amp;nbsp;&lt;/p&gt;",https://boards.greenhouse.io/sesai/jobs/4186622005?gh_jid=4186622005,2023-01-16T13:45:57-05:00,2026-06-22T13:14:30-04:00,False,greenhouse_api,2026-08-12,"Senior Battery Cell Modeling Scientist - Simulation
Responsibilities
Responsible for building cell mathematical simulation models (physical models and data-driven models) to predict the performance of Li-ion batteries/Li-metal batteries under various working conditions, including dynamic performance, lifetime decay, electrochemical and thermal response, and safety-related cell behavior
Design and advance experiments to obtain parameters/data required to build cell models
Work with cross-functional teams to develop, deploy, test, and maintain models
The electrochemical/thermal data of the cell under different working conditions are generated by using the certified physical model of the cell to provide data support for the establishment of the data-driven model
Establish a standardized process for cell physical modeling to reduce the resources/time required for modeling
Provide documentation related to model and algorithm development
Work with the battery team to determine and achieve battery performance life goals
Qualifications
Master’s degree or above, more than 5 years of battery related research/work experience
Basic knowledge of cell electrochemistry (P2D), thermal, mechanical modeling and simulation. Familiar with electrochemical principle, simulation parameter measurement method and corresponding equipment
Familiar with various battery-related models/algorithms, and have experience in using cell model software (COMSOL, Ansys, PyBaMM, etc.)
Experience in building data-driven models (statistical analysis, machine learning, AI)
Proficient in code development tools, such as Python or Matlab",SES AI,Senior Battery Cell Modeling Scientist - Simulation,"Shanghai, China",Data/AI,Python; Machine Learning,Master,Not specified,,,0,Python,Machine Learning,学历要求为 Master，当前学历层级为 Bachelor
SES AI,sesai,Senior Cell Engineer,Shanghai,"&lt;p&gt;&lt;span style=&quot;text-decoration: underline;&quot;&gt;&lt;strong&gt;Senior Cell Engineer&lt;/strong&gt;&lt;/span&gt;&lt;/p&gt;
&lt;p&gt;&amp;nbsp;&lt;/p&gt;
&lt;p&gt;&lt;span style=&quot;text-decoration: underline;&quot;&gt;&lt;strong&gt;Responsibilities&lt;/strong&gt;&lt;/span&gt;&lt;/p&gt;
&lt;ul&gt;
&lt;li&gt;
&lt;p&gt;Responsible for the design and development of lithium metal cells, sample trial production verification, performance evaluation, and realization of the company&#39;s product development goals&lt;/p&gt;
&lt;/li&gt;
&lt;li&gt;
&lt;p&gt;Responsible for cell sample preparation follow-up, test communication, performance anomaly and failure analysis&lt;/p&gt;
&lt;/li&gt;
&lt;li&gt;
&lt;p&gt;Responsible for the documentation from the development of new cell products to mass production&lt;/p&gt;
&lt;/li&gt;
&lt;li&gt;
&lt;p&gt;Responsible for following up power cell customer projects, decomposing customer needs, communicating and discussing client technology, and managing project technical progress&lt;/p&gt;
&lt;/li&gt;
&lt;/ul&gt;
&lt;p&gt;&amp;nbsp;&lt;/p&gt;
&lt;p&gt;&lt;span style=&quot;text-decoration: underline;&quot;&gt;&lt;strong&gt;Qualifications&lt;/strong&gt;&lt;/span&gt;&lt;/p&gt;
&lt;ul&gt;
&lt;li&gt;
&lt;p&gt;Master’s degree or above, major in material, chemistry, mechanics, etc., experience in lithium-ion battery, solid state battery is preferred&lt;/p&gt;
&lt;/li&gt;
&lt;li&gt;
&lt;p&gt;More than 5 years of power cell project development experience, leading or participating in the development of more than one power cell project&lt;/p&gt;
&lt;/li&gt;
&lt;li&gt;
&lt;p&gt;Familiar with the design or research and development of lithium-ion cell and solid cell&lt;/p&gt;
&lt;/li&gt;
&lt;li&gt;
&lt;p&gt;Fluency in English&lt;/p&gt;
&lt;/li&gt;
&lt;li&gt;
&lt;p&gt;Good team communication skills&lt;/p&gt;
&lt;/li&gt;
&lt;li&gt;
&lt;p&gt;Project management experience or ability is preferred&lt;/p&gt;
&lt;/li&gt;
&lt;/ul&gt;
&lt;p&gt;&amp;nbsp;&lt;/p&gt;",https://boards.greenhouse.io/sesai/jobs/4187078005?gh_jid=4187078005,2023-01-16T14:17:47-05:00,2026-06-22T13:14:30-04:00,False,greenhouse_api,2026-08-12,"Senior Cell Engineer
Responsibilities
Responsible for the design and development of lithium metal cells, sample trial production verification, performance evaluation, and realization of the company's product development goals
Responsible for cell sample preparation follow-up, test communication, performance anomaly and failure analysis
Responsible for the documentation from the development of new cell products to mass production
Responsible for following up power cell customer projects, decomposing customer needs, communicating and discussing client technology, and managing project technical progress
Qualifications
Master’s degree or above, major in material, chemistry, mechanics, etc., experience in lithium-ion battery, solid state battery is preferred
More than 5 years of power cell project development experience, leading or participating in the development of more than one power cell project
Familiar with the design or research and development of lithium-ion cell and solid cell
Fluency in English
Good team communication skills
Project management experience or ability is preferred",SES AI,Senior Cell Engineer ,"Shanghai, China",Software/Cloud,,Master,Fluent/Professional,,,0,,,学历要求为 Master，当前学历层级为 Bachelor
SES AI,sesai,AI/ML Engineer for Manufacturing Large Model (Downstream),Shanghai,"&lt;p&gt;&amp;nbsp;&lt;/p&gt;
&lt;p&gt;Department：Avatar&lt;/p&gt;
&lt;p&gt;职位：制造大模型算法工程师（Downstream）&lt;/p&gt;
&lt;p&gt;&lt;strong&gt;职责描述：&lt;/strong&gt;&lt;/p&gt;
&lt;ol&gt;
&lt;li&gt;与资深制造大模型算法工程师合作，开发基于多模态电池基础大模型的下游应用。&lt;/li&gt;
&lt;li&gt;参与开发和优化多个具体应用模型，包括电芯质量评估模型、生产过程优化模型、电芯设计优化模型、电芯性能预测模型以及电芯设计生成式模型。&lt;/li&gt;
&lt;li&gt;协助实施和优化数据处理管道，确保数据准确性和一致性，以支持下游应用开发。&lt;/li&gt;
&lt;li&gt;应用机器学习和深度学习技术进行模型训练、验证和优化。&lt;/li&gt;
&lt;li&gt;分析和处理复杂的数据集，提取关键特征以改进模型性能和应用效果。&lt;/li&gt;
&lt;li&gt;协助跨职能团队理解业务需求并制定相应的技术实现方案。&lt;/li&gt;
&lt;li&gt;持续跟踪最新技术发展，协助引入前沿方法提升模型应用效果。&lt;/li&gt;
&lt;/ol&gt;
&lt;p&gt;&lt;strong&gt;任职资格： &lt;/strong&gt;&lt;/p&gt;
&lt;ol&gt;
&lt;li&gt;计算机科学、电子工程、统计学或相关领域的硕士学位。&lt;/li&gt;
&lt;li&gt;至少3年以上在机器学习或AI领域的实际工作经验，有制造业或电池生产相关经验者优先。&lt;/li&gt;
&lt;li&gt;熟悉机器学习和深度学习算法，具备多模态数据处理与应用开发经验者优先。&lt;/li&gt;
&lt;li&gt;熟练掌握Python、TensorFlow、PyTorch等常用的机器学习框架和工具。&lt;/li&gt;
&lt;li&gt;具备处理表格数据、时序数据和图像数据的能力，并能够将这些数据应用于具体的模型开发。&lt;/li&gt;
&lt;li&gt;良好的沟通能力和团队协作精神，能有效与跨职能团队合作。&lt;/li&gt;
&lt;li&gt;具备良好的问题解决能力和学习新技术的意愿。&lt;/li&gt;
&lt;/ol&gt;
&lt;p&gt;&amp;nbsp;&lt;/p&gt;
&lt;p&gt;&lt;strong&gt;Responsibilities:&lt;/strong&gt;&lt;/p&gt;
&lt;ol&gt;
&lt;li&gt;Cooperate with senior AI/ML engineers to develop downstream applications based on multi-mode battery basic large model.&lt;/li&gt;
&lt;li&gt;Participate in the development and optimization of multiple specific application models, including cell quality assessment model, production process optimization model, cell design optimization model, cell performance prediction model and cell design generative model.&lt;/li&gt;
&lt;li&gt;Assist in implementing and optimizing data processing pipelines to ensure data accuracy and consistency to support downstream application development.&lt;/li&gt;
&lt;li&gt;Apply machine learning and deep learning technology for model training, verification and optimization.&lt;/li&gt;
&lt;li&gt;Analyze and process complex data sets, extract key features to improve model performance and application effect.&lt;/li&gt;
&lt;li&gt;Assist cross-functional teams to understand business requirements and develop corresponding technical implementation plans.&lt;/li&gt;
&lt;li&gt;Continue to track the latest technological development and help introduce cutting-edge methods to improve the application effect of the model.&lt;/li&gt;
&lt;/ol&gt;
&lt;p&gt;&lt;strong&gt;Qualifications:&lt;/strong&gt;&lt;/p&gt;
&lt;ol&gt;
&lt;li&gt;Master&#39;s degree in computer science, electrical engineering, statistics or related field.&lt;/li&gt;
&lt;li&gt;At least 3 years of practical working experience in machine learning or AI field, manufacturing or battery production experience is preferred.&lt;/li&gt;
&lt;li&gt;Familiar with machine learning and deep learning algorithms, multi-modal data processing and application development experience is preferred.&lt;/li&gt;
&lt;li&gt;Proficient in Python, TensorFlow, PyTorch and other commonly used machine learning frameworks and tools.&lt;/li&gt;
&lt;li&gt;Have the ability to process tabular data, time series data and image data, and can apply these data to specific model development.&lt;/li&gt;
&lt;li&gt;Good communication skills and team spirit, able to effectively work with cross-functional teams.&lt;/li&gt;
&lt;li&gt;Good problem-solving skills and willingness to learn new technologies.&lt;/li&gt;
&lt;/ol&gt;
&lt;p&gt;&amp;nbsp;&lt;/p&gt;
&lt;p&gt;&amp;nbsp;&lt;/p&gt;",https://boards.greenhouse.io/sesai/jobs/4495364005?gh_jid=4495364005,2024-11-08T10:23:35-05:00,2026-06-22T13:14:30-04:00,False,greenhouse_api,2026-08-12,"Department：Avatar
职位：制造大模型算法工程师（Downstream）
职责描述：
与资深制造大模型算法工程师合作，开发基于多模态电池基础大模型的下游应用。
参与开发和优化多个具体应用模型，包括电芯质量评估模型、生产过程优化模型、电芯设计优化模型、电芯性能预测模型以及电芯设计生成式模型。
协助实施和优化数据处理管道，确保数据准确性和一致性，以支持下游应用开发。
应用机器学习和深度学习技术进行模型训练、验证和优化。
分析和处理复杂的数据集，提取关键特征以改进模型性能和应用效果。
协助跨职能团队理解业务需求并制定相应的技术实现方案。
持续跟踪最新技术发展，协助引入前沿方法提升模型应用效果。
任职资格：
计算机科学、电子工程、统计学或相关领域的硕士学位。
至少3年以上在机器学习或AI领域的实际工作经验，有制造业或电池生产相关经验者优先。
熟悉机器学习和深度学习算法，具备多模态数据处理与应用开发经验者优先。
熟练掌握Python、TensorFlow、PyTorch等常用的机器学习框架和工具。
具备处理表格数据、时序数据和图像数据的能力，并能够将这些数据应用于具体的模型开发。
良好的沟通能力和团队协作精神，能有效与跨职能团队合作。
具备良好的问题解决能力和学习新技术的意愿。
Responsibilities:
Cooperate with senior AI/ML engineers to develop downstream applications based on multi-mode battery basic large model.
Participate in the development and optimization of multiple specific application models, including cell quality assessment model, production process optimization model, cell design optimization model, cell performance prediction model and cell design generative model.
Assist in implementing and optimizing data processing pipelines to ensure data accuracy and consistency to support downstream application development.
Apply machine learning and deep learning technology for model training, verification and optimization.
Analyze and process complex data sets, extract key features to improve model performance and application effect.
Assist cross-functional teams to understand business requirements and develop corresponding technical implementation plans.
Continue to track the latest technological development and help introduce cutting-edge methods to improve the application effect of the model.
Qualifications:
Master's degree in computer science, electrical engineering, statistics or related field.
At least 3 years of practical working experience in machine learning or AI field, manufacturing or battery production experience is preferred.
Familiar with machine learning and deep learning algorithms, multi-modal data processing and application development experience is preferred.
Proficient in Python, TensorFlow, PyTorch and other commonly used machine learning frameworks and tools.
Have the ability to process tabular data, time series data and image data, and can apply these data to specific model development.
Good communication skills and team spirit, able to effectively work with cross-functional teams.
Good problem-solving skills and willingness to learn new technologies.",SES AI,AI/ML Engineer for Manufacturing Large Model (Downstream),"Shanghai, China",Software/Cloud,Python; PyTorch; TensorFlow; Machine Learning; Deep Learning,Master,Not specified,3.0,,0,Python,Deep Learning; Machine Learning; PyTorch; TensorFlow,JD 明确要求约 3+ 年经验；学历要求为 Master，当前学历层级为 Bachelor
SES AI,sesai,Battery AI/ML Engineer,Shanghai,"&lt;p&gt;&lt;span style=&quot;text-decoration: underline;&quot;&gt;&lt;strong&gt;Battery AI/ML Engineer&lt;/strong&gt;&lt;/span&gt;&lt;/p&gt;
&lt;p&gt;&amp;nbsp;&lt;/p&gt;
&lt;p&gt;&lt;span style=&quot;text-decoration: underline;&quot;&gt;&lt;strong&gt;Responsibilities&lt;/strong&gt;&lt;/span&gt;&lt;/p&gt;
&lt;ul&gt;
&lt;li&gt;
&lt;p&gt;Build a data-driven model of battery based on electrochemical knowledge and test data&lt;/p&gt;
&lt;/li&gt;
&lt;li&gt;
&lt;p&gt;Develop battery state estimation algorithms, including but not limited to SOC, SOH, SOP&lt;/p&gt;
&lt;/li&gt;
&lt;li&gt;
&lt;p&gt;Develop battery behavior prediction methods, including but not limited to residual life prediction and battery safety prediction&lt;/p&gt;
&lt;/li&gt;
&lt;li&gt;
&lt;p&gt;Provide novel battery management system solutions to optimize battery performance, including but not limited to charging process optimization, discharge capacity optimization and cycle life optimization&lt;/p&gt;
&lt;/li&gt;
&lt;li&gt;
&lt;p&gt;Work with a team to develop, deploy, test and maintain battery algorithms&lt;/p&gt;
&lt;/li&gt;
&lt;li&gt;Write relevant technical documents&lt;/li&gt;
&lt;/ul&gt;
&lt;p&gt;&amp;nbsp;&lt;/p&gt;
&lt;p&gt;&lt;span style=&quot;text-decoration: underline;&quot;&gt;&lt;strong&gt;Qualifications&lt;/strong&gt;&lt;/span&gt;&lt;/p&gt;
&lt;ul&gt;
&lt;li&gt;Master&#39;s degree or above, machine learning, AI, and big data related education background&lt;/li&gt;
&lt;li&gt;
&lt;p&gt;More than one year battery related working experience, understand battery data&lt;/p&gt;
&lt;/li&gt;
&lt;li&gt;
&lt;p&gt;Have a certain understanding of the traditional battery management system (BMS) algorithm model&lt;/p&gt;
&lt;/li&gt;
&lt;li&gt;
&lt;p&gt;Practical experience in AI and big data battery algorithm&lt;/p&gt;
&lt;/li&gt;
&lt;li&gt;
&lt;p&gt;Experience in battery physical model building (P2D model) and digital twin development is preferred&lt;/p&gt;
&lt;/li&gt;
&lt;/ul&gt;
&lt;p&gt;&amp;nbsp;&lt;/p&gt;
&lt;p&gt;&amp;nbsp;&lt;/p&gt;",https://boards.greenhouse.io/sesai/jobs/4186612005?gh_jid=4186612005,2023-01-16T13:44:12-05:00,2026-06-22T13:14:30-04:00,False,greenhouse_api,2026-08-12,"Battery AI/ML Engineer
Responsibilities
Build a data-driven model of battery based on electrochemical knowledge and test data
Develop battery state estimation algorithms, including but not limited to SOC, SOH, SOP
Develop battery behavior prediction methods, including but not limited to residual life prediction and battery safety prediction
Provide novel battery management system solutions to optimize battery performance, including but not limited to charging process optimization, discharge capacity optimization and cycle life optimization
Work with a team to develop, deploy, test and maintain battery algorithms
Write relevant technical documents
Qualifications
Master's degree or above, machine learning, AI, and big data related education background
More than one year battery related working experience, understand battery data
Have a certain understanding of the traditional battery management system (BMS) algorithm model
Practical experience in AI and big data battery algorithm
Experience in battery physical model building (P2D model) and digital twin development is preferred",SES AI,Battery AI/ML Engineer,"Shanghai, China",Software/Cloud,Machine Learning,Master,Not specified,,,0,,Machine Learning,学历要求为 Master，当前学历层级为 Bachelor
SES AI,sesai,Senior Project Management Engineer,Shanghai,"&lt;p&gt;&lt;span style=&quot;text-decoration: underline;&quot;&gt;&lt;strong&gt;Senior Project Management Engineer&lt;/strong&gt;&lt;/span&gt;&lt;/p&gt;
&lt;p&gt;&amp;nbsp;&lt;/p&gt;
&lt;p&gt;&lt;span style=&quot;text-decoration: underline;&quot;&gt;&lt;strong&gt;Responsibilities&lt;/strong&gt;&lt;/span&gt;&lt;/p&gt;
&lt;ul&gt;
&lt;li&gt;
&lt;p&gt;Lead the project, and take charge of the whole life cycle management of the product, including from project initiation to product life cycle termination&lt;/p&gt;
&lt;/li&gt;
&lt;li&gt;
&lt;p&gt;Responsible for the development of project work plan, project capital budget, key milestones and project deliverables, and assisting in the completion of product scheme design, testing and verification, project summary and data archiving&lt;/p&gt;
&lt;/li&gt;
&lt;li&gt;
&lt;p&gt;Coordinated internal resources such as R&amp;amp;D, production and procurement during project implementation, participated in project evaluation and risk assessment, predicted and graded potential project risks, promoted problem solving, and formulated adjustment plans and emergency strategies&lt;/p&gt;
&lt;/li&gt;
&lt;li&gt;
&lt;p&gt;Coordinate customer needs externally, lead the team to achieve the goal with excellent communication and coordination ability and professional ability. Based on the project experience, can quickly evaluate the cycle, human resource requirements, cost and other information of new projects, and assist the company&#39;s sales and customers to communicate the project business&lt;/p&gt;
&lt;/li&gt;
&lt;li&gt;
&lt;p&gt;Responsible for project team management; able to integrate, organize, coordinate, motivate and lubricate the project team; able to identify and employ people and evaluate the team&lt;/p&gt;
&lt;/li&gt;
&lt;/ul&gt;
&lt;p&gt;&amp;nbsp;&lt;/p&gt;
&lt;p&gt;&lt;span style=&quot;text-decoration: underline;&quot;&gt;&lt;strong&gt;Qualifications&lt;/strong&gt;&lt;/span&gt;&lt;/p&gt;
&lt;ul&gt;
&lt;li&gt;
&lt;p&gt;Bachelor’s degree or above, major in electrochemistry, electronics, automation or related&lt;/p&gt;
&lt;/li&gt;
&lt;li&gt;
&lt;p&gt;Have strong influence, strain ability, communication ability, team management ability, good at completing work independently&lt;/p&gt;
&lt;/li&gt;
&lt;li&gt;
&lt;p&gt;Experience in new energy cell or pack product development&lt;/p&gt;
&lt;/li&gt;
&lt;li&gt;
&lt;p&gt;Mastered the development process, key milestones and deliverables of power battery products, including the interactive development of the upstream and downstream systems of products&lt;/p&gt;
&lt;/li&gt;
&lt;li&gt;
&lt;p&gt;Fluent English, which can be used as the working language&lt;/p&gt;
&lt;/li&gt;
&lt;/ul&gt;
&lt;p&gt;&amp;nbsp;&lt;/p&gt;",https://boards.greenhouse.io/sesai/jobs/4185794005?gh_jid=4185794005,2023-01-16T14:23:34-05:00,2026-06-22T13:14:30-04:00,False,greenhouse_api,2026-08-12,"Senior Project Management Engineer
Responsibilities
Lead the project, and take charge of the whole life cycle management of the product, including from project initiation to product life cycle termination
Responsible for the development of project work plan, project capital budget, key milestones and project deliverables, and assisting in the completion of product scheme design, testing and verification, project summary and data archiving
Coordinated internal resources such as R&D, production and procurement during project implementation, participated in project evaluation and risk assessment, predicted and graded potential project risks, promoted problem solving, and formulated adjustment plans and emergency strategies
Coordinate customer needs externally, lead the team to achieve the goal with excellent communication and coordination ability and professional ability. Based on the project experience, can quickly evaluate the cycle, human resource requirements, cost and other information of new projects, and assist the company's sales and customers to communicate the project business
Responsible for project team management; able to integrate, organize, coordinate, motivate and lubricate the project team; able to identify and employ people and evaluate the team
Qualifications
Bachelor’s degree or above, major in electrochemistry, electronics, automation or related
Have strong influence, strain ability, communication ability, team management ability, good at completing work independently
Experience in new energy cell or pack product development
Mastered the development process, key milestones and deliverables of power battery products, including the interactive development of the upstream and downstream systems of products
Fluent English, which can be used as the working language",SES AI,Senior Project Management Engineer,"Shanghai, China",Software/Cloud,,Master,Fluent/Professional,,,0,,,学历要求为 Master，当前学历层级为 Bachelor
SES AI,sesai,Cell Development Process Engineer,Shanghai,"&lt;p&gt;&lt;span style=&quot;text-decoration: underline;&quot;&gt;&lt;strong&gt;Cell Development Process Engineer&lt;/strong&gt;&lt;/span&gt;&lt;/p&gt;
&lt;p&gt;&amp;nbsp;&lt;/p&gt;
&lt;p&gt;&lt;span style=&quot;text-decoration: underline;&quot;&gt;&lt;strong&gt;Responsibilities&lt;/strong&gt;&lt;/span&gt;&lt;/p&gt;
&lt;ul&gt;
&lt;li&gt;
&lt;p&gt;Lead the optimization and development of cell process&lt;/p&gt;
&lt;/li&gt;
&lt;li&gt;Write DFMEA and PFMEA for new products&lt;/li&gt;
&lt;li&gt;
&lt;p&gt;Experience in improvement projects&lt;/p&gt;
&lt;/li&gt;
&lt;li&gt;
&lt;p&gt;Make SPC and CPK analysis&lt;/p&gt;
&lt;/li&gt;
&lt;li&gt;
&lt;p&gt;Familiar with and have the ability of preparing PFMEA, CP, WI and SOP&lt;/p&gt;
&lt;/li&gt;
&lt;/ul&gt;
&lt;p&gt;&amp;nbsp;&lt;/p&gt;
&lt;p&gt;&lt;span style=&quot;text-decoration: underline;&quot;&gt;&lt;strong&gt;Qualifications&lt;/strong&gt;&lt;/span&gt;&lt;/p&gt;
&lt;ul&gt;
&lt;li&gt;
&lt;p&gt;Bachelor’s degree or above, major in electrochemistry or related battery&lt;/p&gt;
&lt;/li&gt;
&lt;li&gt;5 years of experience in cell research and development process&lt;/li&gt;
&lt;li&gt;
&lt;p&gt;Good at DOE design&lt;/p&gt;
&lt;/li&gt;
&lt;li&gt;
&lt;p&gt;Familiar with PFMEA&amp;amp;DFMEA&lt;/p&gt;
&lt;/li&gt;
&lt;li&gt;
&lt;p&gt;Familiar with battery performance testing and verification&lt;/p&gt;
&lt;/li&gt;
&lt;li&gt;
&lt;p&gt;6 Sigma Green belt or above is preferred&lt;/p&gt;
&lt;/li&gt;
&lt;/ul&gt;
&lt;p&gt;&amp;nbsp;&lt;/p&gt;",https://boards.greenhouse.io/sesai/jobs/4185791005?gh_jid=4185791005,2023-01-16T13:55:14-05:00,2026-06-22T13:14:30-04:00,False,greenhouse_api,2026-08-12,"Cell Development Process Engineer
Responsibilities
Lead the optimization and development of cell process
Write DFMEA and PFMEA for new products
Experience in improvement projects
Make SPC and CPK analysis
Familiar with and have the ability of preparing PFMEA, CP, WI and SOP
Qualifications
Bachelor’s degree or above, major in electrochemistry or related battery
5 years of experience in cell research and development process
Good at DOE design
Familiar with PFMEA&DFMEA
Familiar with battery performance testing and verification
6 Sigma Green belt or above is preferred",SES AI,Cell Development Process Engineer,"Shanghai, China",Software/Cloud,,Bachelor,Not specified,5.0,,0,,,JD 明确要求约 5+ 年经验
SES AI,sesai,"Senior Material Scientist, Synthesis",Shanghai,"&lt;p&gt;&amp;nbsp;&lt;/p&gt;
&lt;p&gt;Department：Hermes&lt;/p&gt;
&lt;p&gt;职位：高级材料合成科学家&lt;/p&gt;
&lt;p&gt;&lt;strong&gt;职责描述：&amp;nbsp;&lt;/strong&gt;&lt;/p&gt;
&lt;p&gt;1.材料合成路线设计，根据已有的实验室材料合成路线拓展适合工业生产的合成路线&lt;/p&gt;
&lt;p&gt;2.材料合成路线设计，从头自主开发适合工业生产的合成路线，&lt;/p&gt;
&lt;p&gt;3.参与项目计划制定及项目讨论，经实验室小试，中试，最后到工业化量产。&lt;/p&gt;
&lt;p&gt;&lt;strong&gt;任职资格：&lt;/strong&gt;&lt;/p&gt;
&lt;p&gt;1.有机化学、合成化学或相关领域的博士学位，并在该领域有丰富的经验&lt;/p&gt;
&lt;p&gt;2.精通化学反应机制、反应优化和控制的基础知识，并熟悉常规化学分析和精密化学分离技术&lt;/p&gt;
&lt;p&gt;3.工作认真负责，积极主动，严谨及高效，具有团队合作精神 4.有化工项目落地及工厂建设经验尤佳&lt;/p&gt;
&lt;p&gt;&lt;strong&gt;Responsibilities&lt;/strong&gt;&lt;/p&gt;
&lt;ol&gt;
&lt;li&gt;Material synthesis route design, according to the existing laboratory material synthesis route to expand the synthesis route suitable for industrial production&lt;/li&gt;
&lt;li&gt;Design of material synthesis route, independently develop synthesis route suitable for industrial production from scratch.&lt;/li&gt;
&lt;li&gt;Participate in project planning and project discussion, through laboratory trial, pilot test, and finally to industrial mass production.&lt;/li&gt;
&lt;/ol&gt;
&lt;p&gt;&lt;strong&gt;Qualifications:&lt;/strong&gt;&lt;/p&gt;
&lt;ol&gt;
&lt;li&gt;A PhD in organic chemistry, synthetic chemistry or a related field with extensive experience in the field&lt;/li&gt;
&lt;li&gt;Proficient in the basic knowledge of chemical reaction mechanism, reaction optimization and control, and familiar with conventional chemical analysis and precision chemical separation technology&lt;/li&gt;
&lt;li&gt;Serious and responsible, proactive, rigorous and efficient, with team spirit 4. Chemical project landing and plant construction experience is a plus&lt;/li&gt;
&lt;/ol&gt;",https://boards.greenhouse.io/sesai/jobs/4495359005?gh_jid=4495359005,2024-11-08T10:05:26-05:00,2026-06-22T13:14:30-04:00,False,greenhouse_api,2026-08-12,"Department：Hermes
职位：高级材料合成科学家
职责描述：
1.材料合成路线设计，根据已有的实验室材料合成路线拓展适合工业生产的合成路线
2.材料合成路线设计，从头自主开发适合工业生产的合成路线，
3.参与项目计划制定及项目讨论，经实验室小试，中试，最后到工业化量产。
任职资格：
1.有机化学、合成化学或相关领域的博士学位，并在该领域有丰富的经验
2.精通化学反应机制、反应优化和控制的基础知识，并熟悉常规化学分析和精密化学分离技术
3.工作认真负责，积极主动，严谨及高效，具有团队合作精神 4.有化工项目落地及工厂建设经验尤佳
Responsibilities
Material synthesis route design, according to the existing laboratory material synthesis route to expand the synthesis route suitable for industrial production
Design of material synthesis route, independently develop synthesis route suitable for industrial production from scratch.
Participate in project planning and project discussion, through laboratory trial, pilot test, and finally to industrial mass production.
Qualifications:
A PhD in organic chemistry, synthetic chemistry or a related field with extensive experience in the field
Proficient in the basic knowledge of chemical reaction mechanism, reaction optimization and control, and familiar with conventional chemical analysis and precision chemical separation technology
Serious and responsible, proactive, rigorous and efficient, with team spirit 4. Chemical project landing and plant construction experience is a plus",SES AI,"Senior Material Scientist, Synthesis","Shanghai, China",Other,,PhD,Not specified,,,0,,,学历要求为 PhD，当前学历层级为 Bachelor
SES AI,sesai,Process Engineer (Senior Engineer / Engineer),Shanghai,"&lt;p&gt;&lt;span style=&quot;text-decoration: underline;&quot;&gt;&lt;strong&gt;Process Engineer (Senior Engineer / Engineer)&lt;/strong&gt;&lt;/span&gt;&lt;/p&gt;
&lt;p&gt;&amp;nbsp;&lt;/p&gt;
&lt;p&gt;&lt;span style=&quot;text-decoration: underline;&quot;&gt;&lt;strong&gt;Responsibilities&lt;/strong&gt;&lt;/span&gt;&lt;/p&gt;
&lt;ul&gt;
&lt;li&gt;
&lt;p&gt;Responsible for the development of new products, new materials and new processes, and responsible for the manufacturability analysis and mass production introduction of evaluation products&lt;/p&gt;
&lt;/li&gt;
&lt;li&gt;
&lt;p&gt;Put forward the process optimization plan, carried out verification and result analysis, and completed the formulation, implementation and update of process documents&lt;/p&gt;
&lt;/li&gt;
&lt;li&gt;
&lt;p&gt;Responsible for the analysis and defect improvement of adverse problems in the battery production process, identification of possible failure modes in the mass production process of new product introduction, and output effective process control methods&lt;/p&gt;
&lt;/li&gt;
&lt;li&gt;
&lt;p&gt;Responsible for product process route and data collection and maintenance&lt;/p&gt;
&lt;/li&gt;
&lt;li&gt;
&lt;p&gt;Responsible for process optimization, improvement of process flow and parameters, and improvement of optimal rate&lt;/p&gt;
&lt;/li&gt;
&lt;/ul&gt;
&lt;p&gt;&amp;nbsp;&lt;/p&gt;
&lt;p&gt;&lt;span style=&quot;text-decoration: underline;&quot;&gt;&lt;strong&gt;Qualifications&lt;/strong&gt;&lt;/span&gt;&lt;/p&gt;
&lt;ul&gt;
&lt;li&gt;
&lt;p&gt;Bachelor’s degree or above, major in material, chemistry, mechanical science and engineering&lt;/p&gt;
&lt;/li&gt;
&lt;li&gt;
&lt;p&gt;More than 3 years of experience in lithium battery technology or product development&lt;/p&gt;
&lt;/li&gt;
&lt;li&gt;
&lt;p&gt;Familiar with the manufacturing process standards of lithium batteries&lt;/p&gt;
&lt;/li&gt;
&lt;li&gt;
&lt;p&gt;Good team communication skills&lt;/p&gt;
&lt;/li&gt;
&lt;/ul&gt;
&lt;p&gt;&amp;nbsp;&lt;/p&gt;",https://boards.greenhouse.io/sesai/jobs/4185770005?gh_jid=4185770005,2023-01-11T20:36:01-05:00,2026-06-22T13:14:30-04:00,False,greenhouse_api,2026-08-12,"Process Engineer (Senior Engineer / Engineer)
Responsibilities
Responsible for the development of new products, new materials and new processes, and responsible for the manufacturability analysis and mass production introduction of evaluation products
Put forward the process optimization plan, carried out verification and result analysis, and completed the formulation, implementation and update of process documents
Responsible for the analysis and defect improvement of adverse problems in the battery production process, identification of possible failure modes in the mass production process of new product introduction, and output effective process control methods
Responsible for product process route and data collection and maintenance
Responsible for process optimization, improvement of process flow and parameters, and improvement of optimal rate
Qualifications
Bachelor’s degree or above, major in material, chemistry, mechanical science and engineering
More than 3 years of experience in lithium battery technology or product development
Familiar with the manufacturing process standards of lithium batteries
Good team communication skills",SES AI,Process Engineer (Senior Engineer / Engineer),"Shanghai, China",Software/Cloud,,Bachelor,Not specified,3.0,,0,,,JD 明确要求约 3+ 年经验
SES AI,sesai,Senior Battery AI/ML Engineer,Shanghai,"&lt;p&gt;&lt;span style=&quot;text-decoration: underline;&quot;&gt;&lt;strong&gt;Senior Battery AI/ML Engineer&lt;/strong&gt;&lt;/span&gt;&lt;/p&gt;
&lt;p&gt;&amp;nbsp;&lt;/p&gt;
&lt;p&gt;&lt;span style=&quot;text-decoration: underline;&quot;&gt;&lt;strong&gt;Responsibilities&lt;/strong&gt;&lt;/span&gt;&lt;/p&gt;
&lt;ul&gt;
&lt;li&gt;
&lt;p&gt;Build a data-driven model of battery based on electrochemical knowledge and test data&lt;/p&gt;
&lt;/li&gt;
&lt;li&gt;
&lt;p&gt;Develop battery BMS related algorithms, including but not limited to battery state estimation and battery behavior estimation&lt;/p&gt;
&lt;/li&gt;
&lt;li&gt;
&lt;p&gt;Provide novel battery management system solutions to optimize battery performance, including but not limited to charging process optimization, discharge capacity optimization and cycle life optimization&lt;/p&gt;
&lt;/li&gt;
&lt;li&gt;
&lt;p&gt;Work with a team to develop, deploy, test and maintain battery algorithms&lt;/p&gt;
&lt;/li&gt;
&lt;li&gt;
&lt;p&gt;Cooperate with the team to design the battery pack according to the model requirements, including the number of sensors and deployment location, etc&lt;/p&gt;
&lt;/li&gt;
&lt;li&gt;
&lt;p&gt;Responsible for the overall framework design of battery algorithm deployment&lt;/p&gt;
&lt;/li&gt;
&lt;/ul&gt;
&lt;p&gt;&amp;nbsp;&lt;/p&gt;
&lt;p&gt;&lt;span style=&quot;text-decoration: underline;&quot;&gt;&lt;strong&gt;Qualifications&lt;/strong&gt;&lt;/span&gt;&lt;/p&gt;
&lt;ul&gt;
&lt;li&gt;
&lt;p&gt;Master degree or above, machine learning, AI, and big data related education background&lt;/p&gt;
&lt;/li&gt;
&lt;li&gt;
&lt;p&gt;More than five years of battery related work experience, familiar with battery pack design and data&lt;/p&gt;
&lt;/li&gt;
&lt;li&gt;
&lt;p&gt;Familiar with various battery related models/algorithms&lt;/p&gt;
&lt;/li&gt;
&lt;li&gt;
&lt;p&gt;Experience in battery management system (BMS) algorithm development&lt;/p&gt;
&lt;/li&gt;
&lt;li&gt;
&lt;p&gt;Practical experience based on AI, big data battery algorithm, and cloud BMS&lt;/p&gt;
&lt;/li&gt;
&lt;/ul&gt;
&lt;p&gt;&amp;nbsp;&lt;/p&gt;",https://boards.greenhouse.io/sesai/jobs/4186609005?gh_jid=4186609005,2023-01-16T14:12:40-05:00,2026-06-22T13:14:30-04:00,False,greenhouse_api,2026-08-12,"Senior Battery AI/ML Engineer
Responsibilities
Build a data-driven model of battery based on electrochemical knowledge and test data
Develop battery BMS related algorithms, including but not limited to battery state estimation and battery behavior estimation
Provide novel battery management system solutions to optimize battery performance, including but not limited to charging process optimization, discharge capacity optimization and cycle life optimization
Work with a team to develop, deploy, test and maintain battery algorithms
Cooperate with the team to design the battery pack according to the model requirements, including the number of sensors and deployment location, etc
Responsible for the overall framework design of battery algorithm deployment
Qualifications
Master degree or above, machine learning, AI, and big data related education background
More than five years of battery related work experience, familiar with battery pack design and data
Familiar with various battery related models/algorithms
Experience in battery management system (BMS) algorithm development
Practical experience based on AI, big data battery algorithm, and cloud BMS",SES AI,Senior Battery AI/ML Engineer,"Shanghai, China",Software/Cloud,Machine Learning,Master,Not specified,,,0,,Machine Learning,学历要求为 Master，当前学历层级为 Bachelor
SES AI,sesai,Quality Director,Shanghai,"&lt;p&gt;&lt;span style=&quot;text-decoration: underline;&quot;&gt;&lt;strong&gt;Quality Director&lt;/strong&gt;&lt;/span&gt;&lt;/p&gt;
&lt;p&gt;&amp;nbsp;&lt;/p&gt;
&lt;p&gt;&lt;span style=&quot;text-decoration: underline;&quot;&gt;&lt;strong&gt;Responsibilities&lt;/strong&gt;&lt;/span&gt;&lt;/p&gt;
&lt;ul&gt;
&lt;li&gt;Establish end-to-end and whole-life product quality management system&lt;/li&gt;
&lt;li&gt;
&lt;p&gt;Confirm and run the company&#39;s quality objectives, effectively analyze the operation of the quality indicators of each department and organize the annual management review to ensure that the annual KPI indicators of the department are achieved and continuously improved&lt;/p&gt;
&lt;/li&gt;
&lt;li&gt;
&lt;p&gt;Responsible for the company&#39;s quality control and quality standards related policies, processes, systems and operating norms of the formulation, inspection, implementation and improvement&lt;/p&gt;
&lt;/li&gt;
&lt;li&gt;
&lt;p&gt;Responsible for quality team building, optimize the organizational structure of the department, clarify the responsibilities, powers, and obligations of each position, and allocate the appropriate personnel to build an efficient quality team&lt;/p&gt;
&lt;/li&gt;
&lt;li&gt;
&lt;p&gt;Organize and coordinate the internal, customer and third-party to conduct system audit, process audit, product audit, hierarchical audit and other quality review work and track the resolution of the problem&lt;/p&gt;
&lt;/li&gt;
&lt;li&gt;
&lt;p&gt;Manage daily quality work including laboratory and measurement management, supplier quality issues, advance quality planning, daily quality control, non-conforming product management and so on&lt;/p&gt;
&lt;/li&gt;
&lt;li&gt;
&lt;p&gt;Responsible for maintaining and communicating with the customer&#39;s corresponding department in quality management, ensuring that the quality of the company&#39;s products and services meets customer requirements, leading and passing customer audits.&lt;/p&gt;
&lt;/li&gt;
&lt;li&gt;
&lt;p&gt;Responsible for the company&#39;s various quality accident investigation, analysis, and proposed solutions.&amp;nbsp; For the major quality issues customers complain, recurring issues, shall guide, track and monitor progress of problem&lt;/p&gt;
&lt;/li&gt;
&lt;/ul&gt;
&lt;p&gt;&amp;nbsp;&lt;/p&gt;
&lt;p&gt;&lt;span style=&quot;text-decoration: underline;&quot;&gt;&lt;strong&gt;Qualifications&lt;/strong&gt;&lt;/span&gt;&lt;/p&gt;
&lt;ul&gt;
&lt;li&gt;
&lt;p&gt;Bachelor&#39;s degree or above (Chemical Engineering, Mechanical, Manufacturing preferred)&lt;/p&gt;
&lt;/li&gt;
&lt;li&gt;
&lt;p&gt;More than 5 years of senior management experience in lithium battery industry, familiar with industry knowledge.&lt;/p&gt;
&lt;/li&gt;
&lt;li&gt;
&lt;p&gt;Good experience in quality management, excellent Engineering background, excellent thinking logic and coordination ability&lt;/p&gt;
&lt;/li&gt;
&lt;li&gt;
&lt;p&gt;Proficient in IATF-16949, ISO-14001, VDA6.3, Six Sigma, Lean Manufacturing&lt;/p&gt;
&lt;/li&gt;
&lt;li&gt;
&lt;p&gt;Fluent spoken and written English.&lt;/p&gt;
&lt;/li&gt;
&lt;/ul&gt;
&lt;p&gt;&amp;nbsp;&lt;/p&gt;",https://boards.greenhouse.io/sesai/jobs/4185767005?gh_jid=4185767005,2023-01-11T20:30:10-05:00,2026-06-22T13:14:30-04:00,False,greenhouse_api,2026-08-12,"Quality Director
Responsibilities
Establish end-to-end and whole-life product quality management system
Confirm and run the company's quality objectives, effectively analyze the operation of the quality indicators of each department and organize the annual management review to ensure that the annual KPI indicators of the department are achieved and continuously improved
Responsible for the company's quality control and quality standards related policies, processes, systems and operating norms of the formulation, inspection, implementation and improvement
Responsible for quality team building, optimize the organizational structure of the department, clarify the responsibilities, powers, and obligations of each position, and allocate the appropriate personnel to build an efficient quality team
Organize and coordinate the internal, customer and third-party to conduct system audit, process audit, product audit, hierarchical audit and other quality review work and track the resolution of the problem
Manage daily quality work including laboratory and measurement management, supplier quality issues, advance quality planning, daily quality control, non-conforming product management and so on
Responsible for maintaining and communicating with the customer's corresponding department in quality management, ensuring that the quality of the company's products and services meets customer requirements, leading and passing customer audits.
Responsible for the company's various quality accident investigation, analysis, and proposed solutions. For the major quality issues customers complain, recurring issues, shall guide, track and monitor progress of problem
Qualifications
Bachelor's degree or above (Chemical Engineering, Mechanical, Manufacturing preferred)
More than 5 years of senior management experience in lithium battery industry, familiar with industry knowledge.
Good experience in quality management, excellent Engineering background, excellent thinking logic and coordination ability
Proficient in IATF-16949, ISO-14001, VDA6.3, Six Sigma, Lean Manufacturing
Fluent spoken and written English.",SES AI,Quality Director,"Shanghai, China",Other,,Bachelor,Fluent/Professional,,,0,,,
AlphaGrep Securities,alphagrepsecurities,Sales Support,Shanghai,"&lt;p&gt;&lt;strong&gt;关于我&lt;/strong&gt;&lt;strong&gt;们&lt;/strong&gt;&lt;strong&gt; / About Us &lt;/strong&gt;&lt;/p&gt;
&lt;p&gt;AlphaGrep 是一家全球领先的量化交易公司，专注于股票、商品、外汇及固定收益等资产的算法交易。我们在国际市场拥有显著份额，依托自主开发的超低延迟系统与严格的风控体系，持续构建高效能策略。&lt;/p&gt;
&lt;p&gt;AlphaGrep is a leading global quantitative trading firm specializing in algorithmic strategies across equities, commodities, FX, and fixed income. We hold significant market share internationally, powered by proprietary low-latency infrastructure and robust risk controls.&lt;/p&gt;
&lt;p&gt;AlphaGrep China 是专注于中国市场人民币资产管理的机构，服务对象涵盖机构投资人、家族办公室与高净值客户。我们深耕中国资本市场，涵盖股票及衍生品等多类资产，结合全球量化研究体系与本地实战经验，构建多元交易策略，致力于实现长期稳健增长。&lt;/p&gt;
&lt;p&gt;AlphaGrep China is a dedicated RMB asset management platform focused on the Chinese market, serving institutional investors, family offices, and high-net-worth individuals. We leverage deep expertise in China’s equity and derivatives markets, together with AlphaGrep’s global quantitative research capabilities, to deliver diversified strategies targeting long-term and stable returns.&lt;/p&gt;
&lt;p&gt;&lt;strong&gt;&amp;nbsp;&lt;/strong&gt;&lt;/p&gt;
&lt;p&gt;&lt;strong&gt;岗&lt;/strong&gt;&lt;strong&gt;位&lt;/strong&gt;&lt;strong&gt;职责&lt;/strong&gt;&lt;strong&gt; / Responsibilities &lt;/strong&gt;&lt;/p&gt;
&lt;p&gt;文件协助：协助准备和填写客户尽职调查材料、定制文件等相关文书工作，负责内部销售相关数据的计算和分析。&lt;/p&gt;
&lt;p&gt;Document Assistance: Assist in preparing and completing client due diligence materials, customized documents, and related paperwork. Responsible for calculating and analyzing internal sales-related data.&lt;/p&gt;
&lt;p&gt;资料制作：负责制作公司内部的宣传和推介材料，包括但不限于PPT、产品管理报告、业绩分析报告等。&lt;/p&gt;
&lt;p&gt;Material Preparation: Responsible for creating internal promotional and marketing materials, including but not limited to PowerPoint presentations, product management reports, and performance analysis reports.&lt;/p&gt;
&lt;p&gt;日常支持：支持上级领导的日常工作，包括及时下载、更新基金产品净值表等，并根据需求编制行业数据报告。&lt;/p&gt;
&lt;p&gt;Daily Support: Provide daily support to senior management, including downloading and updating fund product net value tables in a timely manner, and preparing industry data reports as needed.&lt;/p&gt;
&lt;p&gt;销售支持与维护：协助推动基金产品的销售及后续维护工作，并完成公司指派的其他任务。&lt;/p&gt;
&lt;p&gt;Sales Support and Maintenance: Assist in promoting fund product sales and subsequent maintenance tasks, as well as completing other assignments given by the company.&lt;/p&gt;
&lt;p&gt;&lt;strong&gt;&amp;nbsp;&lt;/strong&gt;&lt;/p&gt;
&lt;p&gt;&lt;strong&gt;任&lt;/strong&gt;&lt;strong&gt;职&lt;/strong&gt;&lt;strong&gt;要求&lt;/strong&gt;&lt;strong&gt; / Qualifications &lt;/strong&gt;&lt;/p&gt;
&lt;p&gt;学历背景： 本科及以上学历，金融、计算机科学等相关专业背景，优先考虑有1~2年从业经验的人选。&lt;/p&gt;
&lt;p&gt;Educational Background: bachelor’s degree or above, preferably in finance, computer science, or related fields. Candidates with 1~2 years of relevant experience are highly preferred.&lt;/p&gt;
&lt;p&gt;责任心： 具有高度的责任感，工作认真细致，能够确保任务的准确性和及时性。&lt;/p&gt;
&lt;p&gt;Sense of Responsibility: Strong sense of responsibility, meticulous in work, and capable of ensuring accuracy and timeliness of tasks.&lt;/p&gt;
&lt;p&gt;沟通与协作能力： 具备卓越的团队协作能力及优秀的沟通表达能力，能够在团队中高效合作并清晰传达想法。&lt;/p&gt;
&lt;p&gt;Communication and Collaboration Skills: Excellent team collaboration abilities and strong communication skills, capable of working efficiently in a team and clearly conveying ideas.&lt;/p&gt;
&lt;p&gt;数据分析能力： 拥有一定的数据分析能力，能够处理并解读相关数据。&lt;/p&gt;
&lt;p&gt;Data Analysis Skills: Possess certain data analysis abilities, capable of processing and interpreting relevant data.&lt;/p&gt;
&lt;p&gt;专业资格： 持有基金从业资格证书者将被优先考虑。&lt;/p&gt;
&lt;p&gt;Professional Qualifications: Candidates with a fund management qualification certificate will be given preference.&lt;/p&gt;
&lt;p&gt;语言能力： 英语能力优秀，能够熟练运用于工作中的沟通和文件处理。&lt;/p&gt;
&lt;p&gt;Language Skills: Excellent proficiency in English, with the ability to use it effectively in communication and document processing at work.&lt;/p&gt;
&lt;p&gt;&lt;strong&gt;&amp;nbsp;&lt;/strong&gt;&lt;/p&gt;
&lt;p&gt;&lt;strong&gt;加入我&lt;/strong&gt;&lt;strong&gt;们&lt;/strong&gt;&lt;strong&gt; / Why You Should Join Us &lt;/strong&gt;&lt;/p&gt;
&lt;p&gt;信任是团队协作的根基&lt;/p&gt;
&lt;p&gt;我们鼓励坦诚沟通与主动承担，让每一位成员都能在安全感中成长，自主决策、共同前行。这份信任源于彼此支持与并肩作战，是我们最珍贵的团队资产。&lt;/p&gt;
&lt;p&gt;Trust is the foundation of collaboration.&lt;/p&gt;
&lt;p&gt;We foster open communication and proactive ownership, empowering every team member to grow with a strong sense of security, make autonomous decisions, and move forward together. This trust—built through mutual support and shared commitment—is our most valued asset.&lt;/p&gt;
&lt;p&gt;优秀的团队成员，我们汇聚了工程师、数学家、统计学家，保持好奇心，乐在其中。&lt;/p&gt;
&lt;p&gt;Great People. We’re curious engineers, mathematicians, statisticians and like to have fun while achieving our goals.&lt;/p&gt;
&lt;p&gt;透明的组织架构，我们重视每一位成员的想法与贡献。&lt;/p&gt;
&lt;p&gt;Transparent Structure. Our employees know that we value their ideas and contributions.&lt;/p&gt;
&lt;p&gt;轻松的办公环境，无等级文化，常有团建、聚会与休闲活动。&lt;/p&gt;
&lt;p&gt;Relaxed Environment. Flat organization with yearly offsites, happy hours, and more.&lt;/p&gt;
&lt;p&gt;健康福利支持，健身补贴、零食饮品、充足年假。&lt;/p&gt;
&lt;p&gt;Health &amp;amp; Wellness Programs. Gym membership, stocked kitchen, and generous vacation.&lt;/p&gt;
&lt;p&gt;&amp;nbsp;&lt;/p&gt;
&lt;p&gt;&amp;nbsp;&lt;/p&gt;",https://job-boards.greenhouse.io/alphagrepsecurities/jobs/7618038002,2024-08-30T04:54:45-04:00,2026-05-21T04:36:17-04:00,False,greenhouse_api,2026-08-12,"关于我
们
/ About Us
AlphaGrep 是一家全球领先的量化交易公司，专注于股票、商品、外汇及固定收益等资产的算法交易。我们在国际市场拥有显著份额，依托自主开发的超低延迟系统与严格的风控体系，持续构建高效能策略。
AlphaGrep is a leading global quantitative trading firm specializing in algorithmic strategies across equities, commodities, FX, and fixed income. We hold significant market share internationally, powered by proprietary low-latency infrastructure and robust risk controls.
AlphaGrep China 是专注于中国市场人民币资产管理的机构，服务对象涵盖机构投资人、家族办公室与高净值客户。我们深耕中国资本市场，涵盖股票及衍生品等多类资产，结合全球量化研究体系与本地实战经验，构建多元交易策略，致力于实现长期稳健增长。
AlphaGrep China is a dedicated RMB asset management platform focused on the Chinese market, serving institutional investors, family offices, and high-net-worth individuals. We leverage deep expertise in China’s equity and derivatives markets, together with AlphaGrep’s global quantitative research capabilities, to deliver diversified strategies targeting long-term and stable returns.
岗
位
职责
/ Responsibilities
文件协助：协助准备和填写客户尽职调查材料、定制文件等相关文书工作，负责内部销售相关数据的计算和分析。
Document Assistance: Assist in preparing and completing client due diligence materials, customized documents, and related paperwork. Responsible for calculating and analyzing internal sales-related data.
资料制作：负责制作公司内部的宣传和推介材料，包括但不限于PPT、产品管理报告、业绩分析报告等。
Material Preparation: Responsible for creating internal promotional and marketing materials, including but not limited to PowerPoint presentations, product management reports, and performance analysis reports.
日常支持：支持上级领导的日常工作，包括及时下载、更新基金产品净值表等，并根据需求编制行业数据报告。
Daily Support: Provide daily support to senior management, including downloading and updating fund product net value tables in a timely manner, and preparing industry data reports as needed.
销售支持与维护：协助推动基金产品的销售及后续维护工作，并完成公司指派的其他任务。
Sales Support and Maintenance: Assist in promoting fund product sales and subsequent maintenance tasks, as well as completing other assignments given by the company.
任
职
要求
/ Qualifications
学历背景： 本科及以上学历，金融、计算机科学等相关专业背景，优先考虑有1~2年从业经验的人选。
Educational Background: bachelor’s degree or above, preferably in finance, computer science, or related fields. Candidates with 1~2 years of relevant experience are highly preferred.
责任心： 具有高度的责任感，工作认真细致，能够确保任务的准确性和及时性。
Sense of Responsibility: Strong sense of responsibility, meticulous in work, and capable of ensuring accuracy and timeliness of tasks.
沟通与协作能力： 具备卓越的团队协作能力及优秀的沟通表达能力，能够在团队中高效合作并清晰传达想法。
Communication and Collaboration Skills: Excellent team collaboration abilities and strong communication skills, capable of working efficiently in a team and clearly conveying ideas.
数据分析能力： 拥有一定的数据分析能力，能够处理并解读相关数据。
Data Analysis Skills: Possess certain data analysis abilities, capable of processing and interpreting relevant data.
专业资格： 持有基金从业资格证书者将被优先考虑。
Professional Qualifications: Candidates with a fund management qualification certificate will be given preference.
语言能力： 英语能力优秀，能够熟练运用于工作中的沟通和文件处理。
Language Skills: Excellent proficiency in English, with the ability to use it effectively in communication and document processing at work.
加入我
们
/ Why You Should Join Us
信任是团队协作的根基
我们鼓励坦诚沟通与主动承担，让每一位成员都能在安全感中成长，自主决策、共同前行。这份信任源于彼此支持与并肩作战，是我们最珍贵的团队资产。
Trust is the foundation of collaboration.
We foster open communication and proactive ownership, empowering every team member to grow with a strong sense of security, make autonomous decisions, and move forward together. This trust—built through mutual support and shared commitment—is our most valued asset.
优秀的团队成员，我们汇聚了工程师、数学家、统计学家，保持好奇心，乐在其中。
Great People. We’re curious engineers, mathematicians, statisticians and like to have fun while achieving our goals.
透明的组织架构，我们重视每一位成员的想法与贡献。
Transparent Structure. Our employees know that we value their ideas and contributions.
轻松的办公环境，无等级文化，常有团建、聚会与休闲活动。
Relaxed Environment. Flat organization with yearly offsites, happy hours, and more.
健康福利支持，健身补贴、零食饮品、充足年假。
Health & Wellness Programs. Gym membership, stocked kitchen, and generous vacation.",AlphaGrep Securities,Sales Support,Shanghai,Business/Ops,Data Analysis,Bachelor,Fluent/Professional,2.0,,0,,Data Analysis,JD 明确要求约 2+ 年经验
AlphaGrep Securities,alphagrepsecurities,Senior Trader,Shanghai,"&lt;p&gt;AlphaGrep is a quantitative trading and investment firm founded in 2010. We trade volume on Indian exchanges and have market shares on several global exchanges as well. We use a disciplined and systematic quantitative approach to identify factors that consistently generate alpha. These factors are then coupled with our proprietary ultra-low latency trading systems and robust risk management to develop trading strategies across asset classes (equities, commodities, currencies, fixed income) that trade on global exchanges.&lt;/p&gt;
&lt;p&gt;As part of our efforts to diversify and further develop our coverage and capabilities, we are always looking out for extraordinary Senior Traders/Portfolio Managers to join our team and who can bring in consistent, profitable track records. We are open to all markets and asset classes.&lt;/p&gt;
&lt;p&gt;&lt;strong&gt;At the very least, candidates being considered should possess:&lt;/strong&gt;&lt;/p&gt;
&lt;ul&gt;
&lt;li&gt;A proven ability to develop new, profitable trading strategies, Advance existing research initiatives and explore new avenues for quantitative research and trading&lt;/li&gt;
&lt;li&gt;A proficiency with coding (reasonable fluency in C++, Python are ideal) in a Linux environment&lt;/li&gt;
&lt;li&gt;Strong mathematical and statistical aptitude&lt;/li&gt;
&lt;li&gt;Solid understanding of relevant market trends and developments, with a robust working knowledge of market dynamics of their chosen regions/coverage&lt;/li&gt;
&lt;li&gt;Live strategies with good sharpe ratios&lt;/li&gt;
&lt;li&gt;Sizable exposure to Machine Learning, Neural Network, High-Performance Computing and/or Natural Language Processing concepts and technologies&lt;/li&gt;
&lt;/ul&gt;
&lt;p&gt;&lt;strong&gt;Why You Should Join Us&lt;/strong&gt;&lt;/p&gt;
&lt;ul&gt;
&lt;li&gt;&lt;strong&gt;Great People.&lt;/strong&gt; We&#39;re curious engineers, mathematicians, statisticians and like to have fun while achieving our goals&lt;/li&gt;
&lt;li&gt;&lt;strong&gt;Transparent Structure.&lt;/strong&gt; Our employees know that we value their ideas and contributions&lt;/li&gt;
&lt;li&gt;Relaxed Environment. We have a flat organizational structure with frequent activities for all employees such as yearly offsites, happy hours, corporate sports teams, etc.&lt;/li&gt;
&lt;li&gt;&lt;strong&gt;Health &amp;amp; Wellness Programs&lt;/strong&gt;. We believe that a balanced employee is more productive. A stocked kitchen, gym membership and generous vacation package are just some of the perks that we offer our employees&lt;/li&gt;
&lt;/ul&gt;",https://job-boards.greenhouse.io/alphagrepsecurities/jobs/5125095002,2024-08-13T05:25:09-04:00,2025-12-29T00:20:56-05:00,False,greenhouse_api,2026-08-12,"AlphaGrep is a quantitative trading and investment firm founded in 2010. We trade volume on Indian exchanges and have market shares on several global exchanges as well. We use a disciplined and systematic quantitative approach to identify factors that consistently generate alpha. These factors are then coupled with our proprietary ultra-low latency trading systems and robust risk management to develop trading strategies across asset classes (equities, commodities, currencies, fixed income) that trade on global exchanges.
As part of our efforts to diversify and further develop our coverage and capabilities, we are always looking out for extraordinary Senior Traders/Portfolio Managers to join our team and who can bring in consistent, profitable track records. We are open to all markets and asset classes.
At the very least, candidates being considered should possess:
A proven ability to develop new, profitable trading strategies, Advance existing research initiatives and explore new avenues for quantitative research and trading
A proficiency with coding (reasonable fluency in C++, Python are ideal) in a Linux environment
Strong mathematical and statistical aptitude
Solid understanding of relevant market trends and developments, with a robust working knowledge of market dynamics of their chosen regions/coverage
Live strategies with good sharpe ratios
Sizable exposure to Machine Learning, Neural Network, High-Performance Computing and/or Natural Language Processing concepts and technologies
Why You Should Join Us
Great People.
We're curious engineers, mathematicians, statisticians and like to have fun while achieving our goals
Transparent Structure.
Our employees know that we value their ideas and contributions
Relaxed Environment. We have a flat organizational structure with frequent activities for all employees such as yearly offsites, happy hours, corporate sports teams, etc.
Health & Wellness Programs
. We believe that a balanced employee is more productive. A stocked kitchen, gym membership and generous vacation package are just some of the perks that we offer our employees",AlphaGrep Securities,Senior Trader,Shanghai,Data/AI,Python; Machine Learning; NLP; Linux,Not specified,Not specified,,,0,Python,Linux; Machine Learning; NLP,
